frame_idx,timestamp,camera_id,class_name,confidence,x1,y1,x2,y2,box_area_px,track_id
1,0.000,18,Bottle,0.4732,1614,639,1646,706,2144,
1,0.000,18,Bottle,0.4502,1223,225,1245,281,1232,
1,0.000,18,Bottle,0.2783,1645,816,1676,863,1457,
1,0.000,18,Bottle,0.2684,1301,823,1331,862,1170,
2,0.065,18,Bottle,0.4100,1213,216,1237,278,1488,
2,0.065,18,Bottle,0.3530,1700,817,1728,849,896,
3,0.165,18,Bottle,0.3620,1229,221,1256,287,1782,
7,0.565,18,Cigarette,0.3792,1976,722,2003,742,540,
8,0.665,18,Cigarette,0.4797,1978,724,2008,750,780,47
8,0.665,18,Bottle,0.3153,1966,636,1987,670,714,47
8,0.665,18,Bottle,0.2660,2009,585,2035,638,1378,
9,0.765,18,Cigarette,0.3842,1977,721,2009,745,768,
9,0.765,18,Cigarette,0.3254,1927,663,1956,692,841,
12,1.065,18,Cigarette,0.3217,1992,714,2012,737,460,
13,1.165,18,Bottle,0.2949,2054,665,2071,699,578,47
13,1.165,18,Cigarette,0.2881,1998,713,2019,738,525,47
14,1.265,18,Cigarette,0.3891,699,528,746,544,752,
14,1.265,18,Cigarette,0.2689,1998,712,2019,738,546,47
15,1.365,18,Cigarette,0.3805,697,529,747,544,750,
15,1.365,18,Cigarette,0.3376,1997,707,2020,737,690,47
16,1.465,18,Bottle,0.3827,2067,668,2088,700,672,47
17,1.565,18,Bottle,0.3297,2060,664,2080,698,680,47
18,1.665,18,Bottle,0.2548,2052,655,2071,695,760,47
19,1.765,18,Bottle,0.5139,1512,346,1531,383,703,8
19,1.765,18,Bottle,0.4373,2046,651,2066,693,840,47
19,1.765,18,Cigarette,0.3649,2000,717,2005,724,35,47
20,1.865,18,Bottle,0.7291,2044,651,2064,691,800,47
20,1.865,18,Cigarette,0.2946,2010,680,2045,730,1750,47
21,1.965,18,Bottle,0.3494,1525,345,1546,396,1071,8
21,1.965,18,Bottle,0.3072,2043,648,2065,688,880,47
22,2.065,18,Bottle,0.3841,2043,644,2063,687,860,47
22,2.065,18,Bottle,0.2647,1528,349,1547,395,874,8
23,2.165,18,Cigarette,0.2558,1667,0,1693,23,598,
25,2.365,18,Bottle,0.2925,1562,264,1587,291,675,8
26,2.465,18,Bottle,0.4209,2060,511,2077,534,391,47
27,2.565,18,Bottle,0.2548,2064,654,2085,685,651,47
28,2.665,18,Bottle,0.4480,2064,645,2089,688,1075,47
29,2.765,18,Bottle,0.5805,2068,643,2093,690,1175,47
30,2.865,18,Bottle,0.6841,2068,643,2094,693,1300,47
30,2.865,18,Bottle,0.4638,2327,844,2356,917,2117,
30,2.865,18,Cigarette,0.3016,1207,370,1245,383,494,
31,2.965,18,Bottle,0.4632,2071,643,2096,692,1225,47
31,2.965,18,Cigarette,0.3501,688,465,712,504,936,
32,3.065,18,Bottle,0.6992,2076,658,2093,696,646,47
32,3.065,18,Bottle,0.5549,2069,646,2094,694,1200,47
32,3.065,18,Bottle,0.2943,2005,608,2032,656,1296,47
33,3.165,18,Cigarette,0.4500,687,465,712,504,975,
33,3.165,18,Bottle,0.2727,2070,647,2093,691,1012,
34,3.265,18,Bottle,0.7300,2076,661,2093,695,578,47
34,3.265,18,Bottle,0.4501,2071,651,2084,680,377,47
34,3.265,18,knife,0.4013,2083,516,2093,540,240,47
34,3.265,18,Bottle,0.3267,2322,844,2357,925,2835,
34,3.265,18,Cigarette,0.2515,688,464,713,506,1050,
35,3.365,18,Bottle,0.7532,2076,657,2092,695,608,47
35,3.365,18,Bottle,0.5663,2070,650,2085,680,450,47
35,3.365,18,Bottle,0.3958,2325,844,2357,923,2528,
35,3.365,18,Bottle,0.2985,1189,600,1213,647,1128,
36,3.465,18,Bottle,0.7826,2075,656,2092,695,663,47
36,3.465,18,Bottle,0.5592,2070,652,2084,680,392,47
36,3.465,18,Bottle,0.4136,1597,280,1622,308,700,8
36,3.465,18,Cigarette,0.3070,686,462,713,508,1242,
37,3.565,18,Bottle,0.7465,2079,664,2093,695,434,47
37,3.565,18,Bottle,0.5438,2073,650,2088,680,450,47
37,3.565,18,Bottle,0.4445,2071,651,2096,695,1100,47
37,3.565,18,Bottle,0.3136,2322,845,2358,926,2916,
37,3.565,18,Bottle,0.2998,1301,621,1327,660,1014,
38,3.665,18,Bottle,0.7826,2077,659,2093,695,576,47
38,3.665,18,Bottle,0.4944,2068,646,2095,694,1296,47
38,3.665,18,Cigarette,0.4127,685,459,713,508,1372,
39,3.765,18,Bottle,0.8258,2076,657,2093,694,629,47
39,3.765,18,Cigarette,0.4873,686,462,714,509,1316,
39,3.765,18,Bottle,0.2797,2000,628,2025,661,825,47
40,3.865,18,Bottle,0.7601,2077,655,2093,693,608,47
40,3.865,18,Cigarette,0.4928,687,461,715,509,1344,
40,3.865,18,Bottle,0.3129,2069,644,2095,691,1222,47
41,3.965,18,Bottle,0.3945,2074,651,2091,691,680,47
41,3.965,18,Bottle,0.3257,2014,604,2028,628,336,47
41,3.965,18,Cigarette,0.2918,685,459,712,505,1242,
41,3.965,18,Bottle,0.2517,2068,641,2085,676,595,47
42,4.065,18,Cigarette,0.4625,1621,418,1638,448,510,8
42,4.065,18,Cigarette,0.3179,685,459,713,505,1288,
43,4.165,18,Bottle,0.3326,2330,845,2362,922,2464,
43,4.165,18,Cigarette,0.3220,1637,416,1649,456,480,8
45,4.365,18,Bottle,0.6930,1985,630,2005,676,920,47
51,4.965,18,knife,0.2865,1724,408,1728,430,88,8
53,5.165,18,Cigarette,0.3046,489,648,514,703,1375,
54,5.265,18,Cigarette,0.2514,493,651,514,701,1050,
55,5.365,18,Bottle,0.6616,2280,1225,2536,1435,53760,
55,5.365,18,Cigarette,0.3703,494,652,515,704,1092,
56,5.465,18,Bottle,0.3338,2518,1032,2559,1137,4305,319
57,5.565,18,Cigarette,0.3302,493,653,514,704,1071,
57,5.565,18,Bottle,0.2754,2447,993,2479,1054,1952,
58,5.665,18,Bottle,0.6845,1153,72,1172,132,1140,
58,5.665,18,Bottle,0.3742,2356,911,2382,972,1586,
58,5.665,18,Bottle,0.3342,1540,533,1576,623,3240,
59,5.765,18,Bottle,0.4148,1154,70,1173,132,1178,
59,5.765,18,Cigarette,0.3666,494,649,515,703,1134,
60,5.865,18,Bottle,0.4130,1483,251,1512,318,1943,
60,5.865,18,Cigarette,0.3307,494,650,516,703,1166,
61,5.965,18,Bottle,0.3140,2064,615,2071,628,91,47
62,6.065,18,Bottle,0.3969,1805,747,1881,862,8740,
62,6.065,18,Bottle,0.2798,1909,920,1930,941,441,243
62,6.065,18,Cigarette,0.2563,668,856,707,889,1287,
63,6.165,18,Bottle,0.4345,1751,348,1798,455,5029,8
63,6.165,18,Bottle,0.2891,1845,858,1867,876,396,243
63,6.165,18,Cigarette,0.2795,667,858,707,889,1240,
63,6.165,18,Bottle,0.2521,1413,422,1438,493,1775,
64,6.265,18,Cigarette,0.3412,668,857,707,889,1248,
64,6.265,18,Bottle,0.2507,1391,398,1420,473,2175,
67,6.565,18,Bottle,0.2972,2035,810,2055,859,980,
67,6.565,18,knife,0.2859,1124,1129,1176,1288,8268,
68,6.665,18,Bottle,0.2923,1232,437,1255,495,1334,
68,6.665,18,Cigarette,0.2596,914,378,953,397,741,
71,6.965,18,Bottle,0.2824,2095,519,2107,545,312,47
75,7.365,18,Cigarette,0.4105,915,383,953,401,684,
76,7.465,18,Cigarette,0.4931,1881,420,1896,432,180,8
76,7.465,18,Cigarette,0.2502,2076,601,2091,616,225,47
77,7.565,18,Cigarette,0.2874,914,383,951,403,740,
78,7.665,18,Cigarette,0.3634,916,383,952,401,648,
79,7.765,18,Bottle,0.3772,1239,633,1275,658,900,
80,7.865,18,Bottle,0.2740,1355,222,1384,252,870,243
81,7.965,18,knife,0.4866,1863,413,1892,429,464,8
81,7.965,18,Bottle,0.3698,1499,819,1521,862,946,
82,8.065,18,knife,0.7106,1863,413,1896,432,627,8
82,8.065,18,Cigarette,0.2819,1830,731,1852,788,1254,
83,8.165,18,knife,0.5873,642,820,719,886,5082,
83,8.165,18,knife,0.3545,1868,412,1904,433,756,8
83,8.165,18,Bottle,0.3214,1284,193,1296,199,72,243
83,8.165,18,Bottle,0.2727,1501,272,1526,292,500,511
84,8.265,18,Bottle,0.5869,1282,187,1293,196,99,243
84,8.265,18,knife,0.3956,646,822,726,889,5360,
84,8.265,18,Bottle,0.3378,1290,304,1300,311,70,243
85,8.365,18,Bottle,0.6923,1266,182,1279,192,130,243
85,8.365,18,knife,0.3656,644,822,721,890,5236,
86,8.465,18,Bottle,0.7267,1261,175,1274,186,143,243
86,8.465,18,knife,0.4624,646,822,725,889,5293,
86,8.465,18,Cigarette,0.3037,1057,1343,1101,1357,616,
87,8.565,18,Bottle,0.8141,1252,170,1265,180,130,243
87,8.565,18,knife,0.4491,646,821,726,889,5440,
88,8.665,18,Cigarette,0.5709,1263,172,1273,182,100,243
89,8.765,18,Bottle,0.3540,1235,157,1248,169,156,243
89,8.765,18,Cigarette,0.3159,1059,1343,1102,1357,602,
90,8.865,18,Cigarette,0.6397,2533,1238,2557,1277,936,
90,8.865,18,Bottle,0.5944,1895,526,1917,552,572,8
90,8.865,18,Cigarette,0.2528,1059,1343,1100,1357,574,
91,8.965,18,Cigarette,0.3187,683,858,717,890,1088,
92,9.065,18,Cigarette,0.2909,682,857,716,890,1122,
93,9.165,18,Cigarette,0.2975,682,857,716,890,1122,
94,9.265,18,Bottle,0.3471,1353,260,1374,310,1050,583
94,9.265,18,Cigarette,0.3151,682,857,717,890,1155,
96,9.465,18,Bottle,0.3132,1298,210,1335,285,2775,
97,9.565,18,Cigarette,0.3865,1809,1176,1827,1192,288,525
97,9.565,18,knife,0.3687,645,822,720,889,5025,
99,9.765,18,Bottle,0.5934,1497,226,1540,320,4042,
100,9.865,18,Bottle,0.7448,1151,98,1176,123,625,243
100,9.865,18,Bottle,0.5259,1862,1286,2050,1336,9400,
100,9.865,18,Bottle,0.3316,1498,469,1535,595,4662,
101,9.965,18,Bottle,0.4588,1473,446,1510,556,4070,
101,9.965,18,Cigarette,0.2759,1974,689,2033,704,885,
102,10.065,18,Cigarette,0.3926,2043,696,2071,735,1092,8
104,10.265,18,Bottle,0.3882,1995,576,2039,664,3872,47
104,10.265,18,Bottle,0.2978,1222,172,1244,217,990,
104,10.265,18,Bottle,0.2596,1392,384,1428,479,3420,
104,10.265,18,Cigarette,0.2570,2046,688,2072,730,1092,47
105,10.365,18,Bottle,0.3692,1382,365,1413,448,2573,
105,10.365,18,Bottle,0.2732,1224,165,1243,212,893,
107,10.565,18,Bottle,0.5253,1433,214,1460,287,1971,
107,10.565,18,Cigarette,0.2720,1344,367,1365,404,777,
108,10.665,18,Cigarette,0.2501,1326,354,1345,389,665,
109,10.765,18,Bottle,0.3918,1395,412,1416,460,1008,
109,10.765,18,Cigarette,0.3317,1310,347,1322,375,336,
110,10.865,18,Bottle,0.3070,1193,144,1215,190,1012,
111,10.965,18,knife,0.4962,1745,339,1779,359,680,479
111,10.965,18,Bottle,0.4241,1192,140,1214,181,902,614
111,10.965,18,Bottle,0.3799,1780,306,1814,384,2652,479
111,10.965,18,Cigarette,0.2615,1355,382,1372,416,578,
112,11.065,18,knife,0.4591,1742,338,1768,355,442,479
112,11.065,18,Cigarette,0.3240,2107,776,2145,809,1254,8
112,11.065,18,Bottle,0.2557,1773,307,1804,353,1426,479
113,11.165,18,Cigarette,0.6945,1759,420,1762,432,36,479
113,11.165,18,knife,0.3194,1741,336,1762,351,315,479
116,11.465,18,knife,0.3518,642,812,724,881,5658,
116,11.465,18,knife,0.2942,2104,714,2121,732,306,8
117,11.565,18,Cigarette,0.2650,2140,863,2158,880,306,8
118,11.665,18,knife,0.4758,646,814,726,882,5440,
119,11.765,18,knife,0.6555,640,817,719,886,5451,
119,11.765,18,Cigarette,0.3137,2216,839,2221,845,30,8
120,11.865,18,knife,0.5540,654,808,731,878,5390,
120,11.865,18,Bottle,0.2814,1500,241,1520,294,1060,
121,11.965,18,Bottle,0.3284,1144,104,1164,138,680,
124,12.265,18,knife,0.3640,649,812,729,884,5760,
124,12.265,18,Cigarette,0.2594,721,437,745,478,984,
125,12.365,18,knife,0.4384,648,813,727,884,5609,
125,12.365,18,Cigarette,0.2576,720,438,746,480,1092,
126,12.465,18,knife,0.4234,653,814,729,883,5244,
127,12.565,18,Bottle,0.4685,2058,621,2067,648,243,47
127,12.565,18,knife,0.4534,654,814,730,883,5244,
127,12.565,18,Bottle,0.4444,2057,607,2079,647,880,47
127,12.565,18,Bottle,0.2679,1503,228,1541,317,3382,
128,12.665,18,Bottle,0.6923,2068,631,2079,650,209,47
128,12.665,18,Bottle,0.6889,2062,617,2073,648,341,47
128,12.665,18,Bottle,0.5957,2083,653,2095,689,432,47
128,12.665,18,Bottle,0.5911,1113,189,1132,242,1007,
128,12.665,18,knife,0.5294,656,813,734,883,5460,
128,12.665,18,Bottle,0.3687,2056,608,2081,645,925,47
128,12.665,18,Bottle,0.2822,2050,616,2086,701,3060,47
129,12.765,18,Bottle,0.8411,2063,631,2075,650,228,47
129,12.765,18,knife,0.3344,651,816,732,884,5508,
130,12.865,18,Bottle,0.8329,2078,632,2087,650,162,47
130,12.865,18,Bottle,0.4738,2071,617,2085,649,448,47
130,12.865,18,Bottle,0.3752,2048,625,2092,698,3212,47
130,12.865,18,Cigarette,0.2685,758,499,798,515,640,
130,12.865,18,Bottle,0.2571,1743,2,1782,89,3393,
131,12.965,18,knife,0.8308,1678,297,1726,337,1920,479
131,12.965,18,Cigarette,0.5181,2434,1049,2449,1066,255,706
131,12.965,18,Bottle,0.4972,2084,616,2091,634,126,47
131,12.965,18,Bottle,0.4831,1153,208,1170,263,935,
131,12.965,18,Cigarette,0.4371,768,497,810,514,714,
131,12.965,18,Bottle,0.3695,2077,615,2091,650,490,47
131,12.965,18,Bottle,0.3672,2046,651,2060,669,252,47
132,13.065,18,Bottle,0.5763,1170,208,1188,271,1134,
132,13.065,18,Cigarette,0.4227,784,498,822,513,570,
132,13.065,18,knife,0.3629,681,806,756,864,4350,
133,13.165,18,knife,0.4350,688,813,759,864,3621,
133,13.165,18,Cigarette,0.2649,765,435,785,478,860,
134,13.265,18,knife,0.2539,676,814,751,864,3750,
135,13.365,18,Bottle,0.3286,2085,568,2108,626,1334,
138,13.665,18,Bottle,0.4050,2429,800,2486,898,5586,
140,13.865,18,Cigarette,0.4252,913,472,950,491,703,
140,13.865,18,knife,0.2593,319,1090,407,1171,7128,
143,14.165,18,Bottle,0.3685,2181,582,2201,638,1120,
143,14.165,18,knife,0.3271,779,826,864,896,5950,
146,14.465,18,Cigarette,0.3068,822,560,873,576,816,
147,14.565,18,Bottle,0.5729,2069,648,2079,682,340,674
149,14.765,18,Bottle,0.2989,1968,507,2008,545,1520,706
151,14.965,18,Cigarette,0.3986,910,447,949,467,780,
154,15.265,18,Cigarette,0.2521,670,629,709,644,585,
155,15.365,18,Bottle,0.6232,2094,635,2108,658,322,674
155,15.365,18,Bottle,0.4735,1998,612,2007,647,315,47
155,15.365,18,Cigarette,0.4708,851,479,890,499,780,
155,15.365,18,Cigarette,0.3098,468,806,519,854,2448,
156,15.465,18,Bottle,0.5645,1978,647,2002,693,1104,
156,15.465,18,Bottle,0.4319,1165,186,1187,219,726,
156,15.465,18,Bottle,0.4145,1340,398,1363,462,1472,
156,15.465,18,Bottle,0.3124,1717,469,1737,495,520,881
156,15.465,18,Cigarette,0.2795,682,605,714,635,960,
157,15.565,18,Cigarette,0.6767,2061,580,2064,587,21,674
157,15.565,18,Bottle,0.5500,1145,178,1165,214,720,
157,15.565,18,Bottle,0.5195,1959,625,1979,673,960,
157,15.565,18,Bottle,0.3519,1302,371,1328,436,1690,
157,15.565,18,Bottle,0.2763,2092,639,2103,666,297,674
158,15.665,18,Bottle,0.3950,1183,164,1204,201,777,
158,15.665,18,Bottle,0.3571,1330,360,1353,414,1242,
159,15.765,18,Cigarette,0.7017,1501,303,1504,312,27,682
159,15.765,18,Bottle,0.6212,1178,145,1197,187,798,
160,15.865,18,Bottle,0.7916,1551,356,1558,379,161,682
160,15.865,18,Cigarette,0.5862,2079,576,2086,585,63,917
161,15.965,18,Bottle,0.5813,1155,150,1175,195,900,
161,15.965,18,Bottle,0.5804,2527,899,2559,1000,3232,
161,15.965,18,Bottle,0.4258,1073,142,1089,187,720,
161,15.965,18,Cigarette,0.3683,674,605,709,628,805,
161,15.965,18,knife,0.3534,573,805,605,868,2016,
161,15.965,18,Bottle,0.3491,1444,759,1478,849,3060,
161,15.965,18,Bottle,0.2975,1083,128,1102,182,1026,
161,15.965,18,Bottle,0.2946,1257,321,1278,371,1050,
161,15.965,18,Bottle,0.2797,1092,129,1113,187,1218,
162,16.065,18,Bottle,0.4651,1154,148,1172,194,828,
162,16.065,18,Cigarette,0.2557,682,599,726,625,1144,
163,16.165,18,knife,0.2769,1504,1001,1536,1225,7168,
163,16.165,18,Bottle,0.2750,2034,520,2054,556,720,917
164,16.265,18,Bottle,0.4456,1395,360,1420,438,1950,
164,16.265,18,Cigarette,0.2922,664,606,698,625,646,
164,16.265,18,Bottle,0.2648,1428,435,1454,507,1872,
165,16.365,18,Bottle,0.5013,2009,589,2016,607,126,917
166,16.465,18,Bottle,0.3792,1032,145,1050,186,738,
166,16.465,18,Bottle,0.3324,1996,593,2003,612,133,917
166,16.465,18,Bottle,0.3047,1441,330,1460,378,912,
167,16.565,18,Bottle,0.8542,1996,598,2008,618,240,917
167,16.565,18,Bottle,0.7476,1448,359,1457,386,243,997
167,16.565,18,Cigarette,0.4793,449,774,467,819,810,
167,16.565,18,Cigarette,0.3859,665,623,717,640,884,
167,16.565,18,Bottle,0.3324,1992,550,2016,593,1032,917
168,16.665,18,Bottle,0.8021,1994,599,2000,618,114,917
168,16.665,18,Bottle,0.4061,1951,636,1968,662,442,1004
168,16.665,18,knife,0.3398,1429,314,1432,344,90,997
168,16.665,18,Cigarette,0.2879,440,778,462,822,968,
168,16.665,18,Cigarette,0.2756,658,621,705,641,940,
168,16.665,18,Bottle,0.2622,1340,398,1367,430,864,769
169,16.765,18,Bottle,0.8311,1990,602,2000,620,180,1004
169,16.765,18,Bottle,0.8107,1951,624,1967,664,640,1004
169,16.765,18,Bottle,0.7420,1983,602,1991,618,128,1004
169,16.765,18,Cigarette,0.5122,443,783,465,824,902,
169,16.765,18,Cigarette,0.2831,1276,392,1292,409,272,769
170,16.865,18,Cigarette,0.5678,1855,653,1864,656,27,1004
170,16.865,18,Cigarette,0.4229,642,625,688,641,736,
170,16.865,18,Cigarette,0.3698,429,786,446,822,612,
170,16.865,18,Bottle,0.3184,1124,271,1142,321,900,
170,16.865,18,Cigarette,0.3150,1254,390,1271,403,221,769
170,16.865,18,Cigarette,0.3045,822,479,859,498,703,
170,16.865,18,Bottle,0.2727,1248,317,1281,403,2838,769
171,16.965,18,Cigarette,0.3841,443,775,465,824,1078,
171,16.965,18,Bottle,0.3213,1244,309,1279,391,2870,
171,16.965,18,Cigarette,0.2844,657,623,698,641,738,
171,16.965,18,Bottle,0.2686,1401,307,1421,349,840,997
172,17.065,18,Bottle,0.6238,1943,624,1958,666,630,1004
172,17.065,18,Bottle,0.4895,2305,796,2331,860,1664,
172,17.065,18,Cigarette,0.4263,653,624,693,641,680,
172,17.065,18,Cigarette,0.3054,429,786,448,823,703,
172,17.065,18,Bottle,0.2748,2337,829,2384,937,5076,
173,17.165,18,Bottle,0.4881,1973,587,1985,621,408,47
173,17.165,18,Bottle,0.3972,1979,603,1993,622,266,917
173,17.165,18,Bottle,0.3894,2304,797,2331,861,1728,
173,17.165,18,Cigarette,0.3316,655,627,695,644,680,
173,17.165,18,Cigarette,0.2908,434,785,454,827,840,
173,17.165,18,Cigarette,0.2829,430,795,445,826,465,
173,17.165,18,Bottle,0.2599,1942,625,1955,656,403,47
174,17.265,18,Bottle,0.6801,1987,597,2000,619,286,917
174,17.265,18,Bottle,0.6007,1974,585,1987,619,442,47
174,17.265,18,Cigarette,0.4253,822,479,860,498,722,
174,17.265,18,Bottle,0.4158,1943,625,1957,652,378,47
174,17.265,18,Cigarette,0.4013,654,625,696,642,714,
174,17.265,18,Bottle,0.3001,2337,823,2386,936,5537,
174,17.265,18,Cigarette,0.2815,427,792,445,823,558,
175,17.365,18,Bottle,0.7900,1973,586,1984,619,363,47
175,17.365,18,Bottle,0.5990,2305,789,2332,860,1917,
175,17.365,18,Cigarette,0.4460,425,787,445,824,740,
175,17.365,18,Bottle,0.3560,1942,626,1955,651,325,47
175,17.365,18,Cigarette,0.3288,653,626,695,643,714,
175,17.365,18,Bottle,0.2834,1086,253,1107,297,924,1060
175,17.365,18,Cigarette,0.2650,433,774,452,823,931,
176,17.465,18,Bottle,0.7466,1972,589,1984,621,384,47
176,17.465,18,Cigarette,0.4591,424,791,442,824,594,
176,17.465,18,Bottle,0.3792,1058,238,1077,285,893,
176,17.465,18,Bottle,0.3168,1941,631,1955,655,336,47
176,17.465,18,Cigarette,0.2895,655,627,696,644,697,
176,17.465,18,Cigarette,0.2830,2042,543,2045,547,12,917
176,17.465,18,Bottle,0.2789,1982,589,1993,619,330,917
177,17.565,18,Cigarette,0.5870,424,783,449,827,1100,
177,17.565,18,Bottle,0.3288,1197,321,1217,369,960,
177,17.565,18,Bottle,0.3156,1110,168,1130,199,620,
177,17.565,18,Bottle,0.2662,1968,595,1987,625,570,
178,17.665,18,Bottle,0.4586,1155,288,1176,342,1134,
178,17.665,18,Bottle,0.3985,1184,316,1204,367,1020,
179,17.765,18,Bottle,0.4746,1172,307,1192,360,1060,769
179,17.765,18,Bottle,0.3129,1143,297,1162,335,722,769
180,17.865,18,Bottle,0.2641,1133,269,1155,327,1276,769
181,17.965,18,Bottle,0.5322,1123,279,1146,326,1081,769
181,17.965,18,Bottle,0.3852,1151,290,1172,346,1176,769
182,18.065,18,Bottle,0.7421,1972,603,1985,632,377,47
182,18.065,18,Bottle,0.6363,1962,608,1974,633,300,47
182,18.065,18,Bottle,0.6092,1591,419,1613,442,506,1004
182,18.065,18,Bottle,0.4887,1143,288,1164,339,1071,769
182,18.065,18,Bottle,0.4014,1117,280,1135,323,774,769
182,18.065,18,Cigarette,0.3101,2033,557,2038,560,15,917
182,18.065,18,Bottle,0.2992,2289,791,2312,837,1058,
182,18.065,18,Bottle,0.2752,1346,256,1365,287,589,1090
183,18.165,18,Bottle,0.7641,1972,607,1983,633,286,47
183,18.165,18,Bottle,0.6653,1961,610,1973,635,300,47
183,18.165,18,Bottle,0.5712,1989,542,2003,576,476,917
183,18.165,18,Bottle,0.4543,1133,285,1153,333,960,1026
183,18.165,18,Bottle,0.4025,1107,264,1127,313,980,1026
183,18.165,18,Bottle,0.3799,1917,511,1953,546,1260,47
183,18.165,18,Bottle,0.2586,2289,794,2312,846,1196,
183,18.165,18,Bottle,0.2516,1931,639,1947,673,544,47
184,18.265,18,Bottle,0.5973,1971,608,1982,635,297,47
184,18.265,18,Bottle,0.5893,1960,607,1973,636,377,47
184,18.265,18,Bottle,0.3639,1340,261,1360,292,620,1090
184,18.265,18,Bottle,0.3527,1337,328,1344,355,189,1090
184,18.265,18,Bottle,0.3419,1101,268,1119,310,756,
184,18.265,18,Bottle,0.3056,1119,270,1141,329,1298,
184,18.265,18,Bottle,0.2502,1931,640,1946,678,570,47
185,18.365,18,Bottle,0.7248,1342,255,1356,277,308,1090
185,18.365,18,Bottle,0.4615,2017,684,2039,721,814,917
185,18.365,18,Bottle,0.4493,1336,258,1357,293,735,1090
185,18.365,18,Bottle,0.2567,2285,802,2308,864,1426,
185,18.365,18,Cigarette,0.2546,1463,462,1494,491,899,1004
186,18.465,18,Bottle,0.7662,1951,616,1962,642,286,47
186,18.465,18,Bottle,0.7340,1916,646,1928,674,336,47
186,18.465,18,Bottle,0.2712,2278,795,2305,864,1863,
186,18.465,18,Cigarette,0.2664,1605,175,1632,202,729,
187,18.565,18,Bottle,0.7913,1952,621,1962,649,280,47
187,18.565,18,Bottle,0.7877,1943,614,1955,644,360,47
187,18.565,18,Bottle,0.5247,2000,690,2023,732,966,917
187,18.565,18,Bottle,0.3623,1912,652,1924,680,336,47
187,18.565,18,Bottle,0.2877,1895,527,1929,560,1122,47
188,18.665,18,Bottle,0.7725,1944,614,1959,645,465,47
188,18.665,18,Bottle,0.6767,1955,623,1967,650,324,917
188,18.665,18,Bottle,0.5055,2002,692,2025,732,920,917
189,18.765,18,Bottle,0.8179,1948,612,1961,643,403,47
189,18.765,18,Bottle,0.5891,1416,417,1426,434,170,1004
189,18.765,18,Bottle,0.4077,2006,687,2029,731,1012,917
189,18.765,18,Bottle,0.3785,1958,622,1970,649,324,917
191,18.965,18,Bottle,0.7458,1942,620,1955,652,416,47
191,18.965,18,Bottle,0.7054,1954,631,1964,657,260,917
192,19.065,18,Bottle,0.8274,1939,621,1953,653,448,47
192,19.065,18,Bottle,0.8142,1951,632,1962,658,286,917
192,19.065,18,Bottle,0.5081,1949,583,1959,613,300,917
192,19.065,18,Bottle,0.2604,2273,799,2303,864,1950,
193,19.165,18,Bottle,0.7604,1954,641,1965,664,253,917
193,19.165,18,Bottle,0.7273,1944,629,1956,659,360,47
193,19.165,18,Bottle,0.5173,1953,589,1968,619,450,917
193,19.165,18,Cigarette,0.2941,621,654,661,675,840,
194,19.265,18,Bottle,0.4671,1950,593,1958,614,168,917
194,19.265,18,Bottle,0.3766,1998,708,2019,746,798,917
194,19.265,18,Cigarette,0.2704,406,802,425,854,988,
194,19.265,18,Cigarette,0.2578,622,658,660,677,722,
195,19.365,18,Bottle,0.6179,1942,631,1953,657,286,47
195,19.365,18,Bottle,0.6146,1952,640,1964,663,276,917
195,19.365,18,Bottle,0.5204,1328,290,1339,319,319,1090
195,19.365,18,Bottle,0.3564,2193,803,2215,864,1342,
195,19.365,18,Bottle,0.3254,1910,667,1924,703,504,47
195,19.365,18,Cigarette,0.3069,622,654,659,673,703,
196,19.465,18,Bottle,0.6645,1943,630,1953,653,230,47
196,19.465,18,Bottle,0.3354,1911,661,1925,702,574,47
196,19.465,18,Bottle,0.2908,1953,636,1966,659,299,917
197,19.565,18,Bottle,0.6107,1956,583,1968,613,360,917
197,19.565,18,Bottle,0.5579,1954,632,1966,655,276,917
197,19.565,18,Bottle,0.3670,1346,335,1365,381,874,
197,19.565,18,Bottle,0.3380,2001,690,2024,733,989,917
197,19.565,18,Bottle,0.2599,1352,328,1373,384,1176,
197,19.565,18,Bottle,0.2514,1298,334,1317,379,855,1090
198,19.665,18,Bottle,0.5093,2002,691,2027,732,1025,
198,19.665,18,Bottle,0.2687,2313,849,2358,966,5265,
199,19.765,18,Bottle,0.4683,1291,328,1310,372,836,1090
200,19.865,18,Bottle,0.3627,2002,690,2026,731,984,
201,19.965,18,Bottle,0.4008,1077,260,1097,307,940,
201,19.965,18,Bottle,0.3845,1098,247,1130,308,1952,
202,20.065,18,Bottle,0.3386,2001,691,2025,732,984,917
202,20.065,18,Cigarette,0.2661,607,618,644,665,1739,
202,20.065,18,Bottle,0.2553,1089,266,1124,311,1575,
203,20.165,18,Bottle,0.3959,2001,691,2025,732,984,917
204,20.265,18,Bottle,0.5467,2001,691,2024,732,943,917
204,20.265,18,Bottle,0.3976,1238,231,1244,241,60,1045
204,20.265,18,Bottle,0.3888,1285,316,1306,367,1071,1090
204,20.265,18,Bottle,0.3478,1229,305,1248,346,779,1045
205,20.365,18,Bottle,0.7239,1957,582,1985,623,1148,917
205,20.365,18,Bottle,0.6923,2002,688,2024,732,968,917
205,20.365,18,Bottle,0.5831,1281,326,1298,364,646,1090
205,20.365,18,Bottle,0.3459,1229,310,1253,346,864,1045
206,20.465,18,Bottle,0.5312,2001,689,2025,732,1032,917
206,20.465,18,Bottle,0.4328,1276,312,1297,364,1092,1090
206,20.465,18,Bottle,0.3516,1229,299,1247,345,828,1045
206,20.465,18,Cigarette,0.2634,2035,575,2047,582,84,917
206,20.465,18,Cigarette,0.2604,565,972,581,983,176,
206,20.465,18,Bottle,0.2542,1349,333,1366,379,782,
207,20.565,18,Bottle,0.6585,2000,686,2023,731,1035,917
207,20.565,18,Bottle,0.6124,1280,317,1300,363,920,1090
207,20.565,18,Bottle,0.3168,1956,587,1977,620,693,917
207,20.565,18,Cigarette,0.2754,565,972,580,984,180,
208,20.665,18,Bottle,0.5552,2000,688,2024,732,1056,917
208,20.665,18,Bottle,0.4909,1277,312,1297,361,980,1090
209,20.765,18,Bottle,0.5193,2000,690,2024,732,1008,917
209,20.765,18,Bottle,0.4251,1277,313,1296,362,931,1090
209,20.765,18,Cigarette,0.2780,1594,178,1620,205,702,
210,20.865,18,Bottle,0.5376,1275,319,1294,360,779,1090
210,20.865,18,Bottle,0.5143,1999,688,2024,732,1100,917
210,20.865,18,Cigarette,0.2859,1593,177,1620,205,756,
211,20.965,18,Bottle,0.6143,1999,686,2021,731,990,917
211,20.965,18,Bottle,0.5829,1951,632,1959,649,136,47
211,20.965,18,Bottle,0.5706,1942,630,1949,648,126,47
211,20.965,18,Bottle,0.3749,1956,583,1973,619,612,917
211,20.965,18,Bottle,0.2788,1350,328,1367,378,850,
212,21.065,18,Bottle,0.5439,1999,685,2021,730,990,917
212,21.065,18,Bottle,0.3408,1941,628,1949,647,152,47
212,21.065,18,Bottle,0.2714,1951,632,1961,648,160,917
213,21.165,18,Bottle,0.5245,2000,688,2022,731,946,917
213,21.165,18,Bottle,0.4081,1942,624,1950,649,200,47
213,21.165,18,Bottle,0.3315,1951,631,1960,650,171,47
213,21.165,18,Bottle,0.2506,1956,591,1974,620,522,917
214,21.265,18,Bottle,0.6628,1999,685,2022,732,1081,917
214,21.265,18,Bottle,0.5975,1941,630,1950,650,180,47
214,21.265,18,Bottle,0.3473,1951,634,1959,650,128,917
215,21.365,18,Bottle,0.7436,1951,622,1962,650,308,917
215,21.365,18,Bottle,0.6335,1999,685,2022,732,1081,917
215,21.365,18,Bottle,0.3123,1941,630,1951,649,190,47
216,21.465,18,Bottle,0.6671,1999,685,2022,732,1081,917
216,21.465,18,Bottle,0.5357,1955,589,1973,620,558,917
216,21.465,18,Bottle,0.4951,1949,630,1956,650,140,47
216,21.465,18,Bottle,0.3955,1940,615,1952,649,408,47
217,21.565,18,Bottle,0.6754,1999,685,2022,732,1081,917
217,21.565,18,Bottle,0.4175,1955,586,1973,620,612,917
218,21.665,18,Bottle,0.6333,1999,679,2022,733,1242,917
218,21.665,18,knife,0.3394,1186,721,1291,864,15015,
219,21.765,18,Bottle,0.5757,1999,683,2021,733,1100,917
219,21.765,18,Bottle,0.4077,1086,193,1106,236,860,
219,21.765,18,Bottle,0.2795,1264,325,1285,376,1071,1045
220,21.865,18,Bottle,0.4935,1999,686,2021,732,1012,917
221,21.965,18,Bottle,0.6654,1997,684,2021,732,1152,917
221,21.965,18,Bottle,0.5738,1952,623,1962,651,280,917
221,21.965,18,Bottle,0.3232,1943,615,1952,648,297,47
221,21.965,18,Cigarette,0.2529,1812,846,1825,864,234,
222,22.065,18,Bottle,0.6289,1953,622,1962,649,243,47
222,22.065,18,Bottle,0.5414,1998,687,2020,731,968,917
222,22.065,18,Bottle,0.4723,1941,602,1953,634,384,47
222,22.065,18,Bottle,0.4694,1086,194,1108,238,968,
222,22.065,18,Bottle,0.2715,1275,331,1292,375,748,
222,22.065,18,Bottle,0.2636,1942,617,1953,648,341,47
223,22.165,18,Bottle,0.6786,1953,623,1962,650,243,47
223,22.165,18,Bottle,0.6219,1942,616,1952,648,320,47
223,22.165,18,Bottle,0.3865,1275,322,1298,377,1265,1045
223,22.165,18,Bottle,0.3840,2002,571,2016,601,420,917
223,22.165,18,Bottle,0.3831,1997,688,2020,732,1012,917
223,22.165,18,Bottle,0.2841,1087,197,1108,239,882,
224,22.265,18,Bottle,0.7267,1952,622,1962,650,280,47
224,22.265,18,Bottle,0.6902,2001,571,2017,603,512,917
224,22.265,18,Bottle,0.5870,1941,616,1952,648,352,47
224,22.265,18,Bottle,0.5579,1997,688,2020,731,989,917
224,22.265,18,Bottle,0.4822,1941,599,1953,638,468,47
224,22.265,18,Cigarette,0.2505,623,653,661,672,722,
225,22.365,18,Bottle,0.7228,2001,571,2018,603,544,917
225,22.365,18,Bottle,0.6968,1952,619,1962,649,300,47
225,22.365,18,Bottle,0.5101,1952,582,1968,618,576,917
225,22.365,18,Bottle,0.3637,1997,689,2019,731,924,917
225,22.365,18,Bottle,0.3060,1941,598,1953,648,600,47
226,22.465,18,Bottle,0.5392,2001,571,2017,604,528,917
226,22.465,18,Bottle,0.4482,1997,689,2019,731,924,917
226,22.465,18,knife,0.4206,1320,332,1324,348,64,1045
226,22.465,18,Bottle,0.3994,1952,582,1968,619,592,917
226,22.465,18,Cigarette,0.2766,796,507,834,518,418,
227,22.565,18,Bottle,0.6011,1997,688,2019,731,946,917
227,22.565,18,Bottle,0.4262,1952,582,1969,620,646,917
227,22.565,18,Bottle,0.3684,1952,619,1963,649,330,917
227,22.565,18,Cigarette,0.3230,797,508,834,519,407,
227,22.565,18,Bottle,0.3185,1086,193,1108,240,1034,
227,22.565,18,Bottle,0.2642,1303,274,1322,293,361,1045
227,22.565,18,Cigarette,0.2520,624,654,661,672,666,
228,22.665,18,Bottle,0.6163,1997,685,2020,730,1035,917
228,22.665,18,Bottle,0.4742,1952,582,1970,619,666,917
228,22.665,18,Bottle,0.4552,1086,194,1107,239,945,
228,22.665,18,Bottle,0.4388,1952,618,1963,649,341,47
228,22.665,18,Bottle,0.4290,1292,330,1315,384,1242,1045
228,22.665,18,Bottle,0.3645,1112,178,1133,244,1386,
228,22.665,18,Bottle,0.3399,1940,615,1952,647,384,47
228,22.665,18,Bottle,0.3067,2000,570,2019,604,646,917
228,22.665,18,Cigarette,0.2909,797,508,834,519,407,
229,22.765,18,Bottle,0.7756,1950,617,1963,649,416,47
229,22.765,18,Bottle,0.6433,1939,616,1951,647,372,47
229,22.765,18,Bottle,0.5772,1998,685,2020,730,990,917
229,22.765,18,Bottle,0.4529,2001,570,2018,603,561,917
229,22.765,18,Bottle,0.4436,1951,582,1968,619,629,917
229,22.765,18,knife,0.2588,1268,243,1271,258,45,1090
230,22.865,18,Bottle,0.6033,1942,613,1955,645,416,47
230,22.865,18,Bottle,0.4706,1086,189,1106,234,900,
230,22.865,18,Bottle,0.4011,1999,681,2023,728,1128,917
230,22.865,18,Bottle,0.2954,1114,195,1133,255,1140,
230,22.865,18,Bottle,0.2778,2001,570,2021,602,640,917
231,22.965,18,Bottle,0.5461,1997,684,2020,727,989,917
231,22.965,18,Bottle,0.3668,1952,618,1966,648,420,917
232,23.065,18,Bottle,0.5828,1998,681,2020,727,1012,917
232,23.065,18,Cigarette,0.2542,1883,1297,1913,1329,960,
234,23.265,18,Bottle,0.3805,1359,297,1367,331,272,1045
234,23.265,18,Bottle,0.2601,2002,683,2026,726,1032,917
236,23.465,18,Bottle,0.4729,2000,686,2023,727,943,917
237,23.565,18,Bottle,0.4083,1997,691,2020,731,920,917
238,23.665,18,Bottle,0.3216,1998,689,2022,731,1008,917
239,23.765,18,Bottle,0.4383,1998,691,2020,729,836,917
241,23.965,18,Cigarette,0.5437,1024,576,1047,606,690,
241,23.965,18,knife,0.3276,1052,1223,1105,1421,10494,
242,24.065,18,Cigarette,0.3956,608,659,653,676,765,
242,24.065,18,Cigarette,0.3909,1038,610,1060,636,572,
242,24.065,18,Cigarette,0.2889,394,805,416,858,1166,
242,24.065,18,Bottle,0.2609,1083,210,1103,252,840,
243,24.165,18,Bottle,0.3551,1941,619,1955,646,378,917
243,24.165,18,Cigarette,0.3034,386,820,408,856,792,
244,24.265,18,Cigarette,0.5265,1065,653,1095,685,960,
244,24.265,18,Cigarette,0.2993,386,820,409,856,828,
244,24.265,18,Bottle,0.2974,1984,723,2008,762,936,917
244,24.265,18,Bottle,0.2531,1942,621,1955,649,364,917
245,24.365,18,Bottle,0.5143,1983,722,2007,766,1056,917
245,24.365,18,Cigarette,0.3656,384,815,411,858,1161,
245,24.365,18,knife,0.3374,1026,1232,1083,1440,11856,
246,24.465,18,knife,0.2868,1026,1233,1082,1440,11592,
247,24.565,18,Cigarette,0.4971,1123,734,1155,767,1056,
247,24.565,18,Cigarette,0.4045,604,658,644,676,720,
247,24.565,18,Cigarette,0.3870,383,813,409,858,1170,
247,24.565,18,knife,0.3538,1037,1234,1088,1440,10506,
248,24.665,18,Bottle,0.3089,1083,218,1102,258,760,
248,24.665,18,Bottle,0.3077,1354,430,1361,451,147,1045
248,24.665,18,knife,0.2676,1034,1230,1088,1440,11340,
248,24.665,18,Cigarette,0.2613,384,821,408,856,840,
249,24.765,18,Bottle,0.4888,1083,217,1104,260,903,
249,24.765,18,Cigarette,0.4539,1263,673,1287,703,720,
250,24.865,18,Bottle,0.3308,2517,497,2548,586,2759,
250,24.865,18,Cigarette,0.3242,1594,201,1619,228,675,
250,24.865,18,Cigarette,0.2783,1302,706,1329,741,945,
251,24.965,18,Bottle,0.4488,1087,211,1107,251,800,
251,24.965,18,Bottle,0.3416,1094,216,1113,252,684,
251,24.965,18,Bottle,0.3198,1127,220,1148,247,567,
251,24.965,18,Bottle,0.2980,1362,346,1386,402,1344,
251,24.965,18,knife,0.2845,1055,1238,1106,1429,9741,
252,25.065,18,Bottle,0.4449,1411,304,1440,348,1276,1045
252,25.065,18,Bottle,0.2817,1347,334,1365,378,792,
254,25.265,18,Bottle,0.2586,1098,187,1117,225,722,
255,25.365,18,Bottle,0.4471,2209,770,2266,870,5700,
255,25.365,18,Bottle,0.4213,1441,717,1535,820,9682,
255,25.365,18,Bottle,0.3889,1096,185,1118,225,880,
256,25.465,18,Bottle,0.4058,1363,288,1402,366,3042,
256,25.465,18,Bottle,0.3856,2209,762,2265,870,6048,
257,25.565,18,Bottle,0.3917,1096,184,1118,225,902,
257,25.565,18,Bottle,0.3303,1136,217,1154,264,846,
258,25.665,18,Bottle,0.4508,1095,182,1118,225,989,
258,25.665,18,Bottle,0.3269,1138,222,1155,265,731,
259,25.765,18,Bottle,0.4437,1095,185,1117,224,858,
259,25.765,18,Bottle,0.3229,1138,220,1153,266,690,1277
260,25.865,18,Bottle,0.5427,1097,185,1118,225,840,
260,25.865,18,Bottle,0.3598,1139,221,1153,266,630,
261,25.965,18,Bottle,0.7363,1966,612,1975,632,180,1359
261,25.965,18,Bottle,0.6906,1962,598,1973,629,341,1359
261,25.965,18,Bottle,0.5613,1096,182,1119,226,1012,
261,25.965,18,Bottle,0.4278,1919,550,1932,576,338,1359
261,25.965,18,Bottle,0.3271,1956,588,1976,627,780,1359
261,25.965,18,Bottle,0.3136,1140,216,1157,267,867,
261,25.965,18,Bottle,0.2777,2281,788,2305,862,1776,
262,26.065,18,Bottle,0.3737,2281,789,2304,862,1679,
262,26.065,18,Bottle,0.3268,1956,588,1976,628,800,
262,26.065,18,Bottle,0.3153,1095,186,1116,226,840,
262,26.065,18,Bottle,0.2693,1140,199,1159,231,608,
262,26.065,18,Bottle,0.2637,1117,194,1134,228,578,
263,26.165,18,Bottle,0.4493,2008,669,2033,714,1125,1333
263,26.165,18,Bottle,0.3754,1094,187,1116,226,858,
263,26.165,18,Bottle,0.3508,1956,587,1976,627,800,
263,26.165,18,Bottle,0.3061,1117,194,1134,228,578,
263,26.165,18,Bottle,0.2552,2281,794,2304,862,1564,
264,26.265,18,Bottle,0.5245,2011,633,2029,646,234,1333
264,26.265,18,Bottle,0.4575,2283,802,2306,862,1380,
264,26.265,18,Bottle,0.2721,1959,589,1977,627,684,
265,26.365,18,Bottle,0.5757,1965,615,1975,636,210,1359
265,26.365,18,Bottle,0.5215,1961,575,1977,605,480,1359
265,26.365,18,Bottle,0.4898,2011,635,2029,648,234,1333
265,26.365,18,Bottle,0.4354,2283,803,2306,863,1380,
265,26.365,18,Bottle,0.3549,1095,185,1113,230,810,
265,26.365,18,Bottle,0.2553,1956,585,1977,628,903,1359
266,26.465,18,Bottle,0.4366,2007,633,2025,646,234,1333
266,26.465,18,Bottle,0.3138,1089,187,1109,232,900,
267,26.565,18,Bottle,0.4660,1090,184,1110,227,860,
267,26.565,18,Bottle,0.4493,2005,662,2030,713,1275,1333
267,26.565,18,Bottle,0.4349,1955,585,1975,625,800,
267,26.565,18,Cigarette,0.3695,626,639,668,661,924,
267,26.565,18,Bottle,0.3639,1185,172,1213,246,2072,1090
268,26.665,18,Bottle,0.7747,1959,603,1969,634,310,1359
268,26.665,18,Bottle,0.4618,1965,614,1975,637,230,1359
268,26.665,18,Bottle,0.2962,1960,578,1975,604,390,1359
268,26.665,18,Bottle,0.2503,1955,586,1978,629,989,1359
269,26.765,18,Bottle,0.5445,2471,912,2556,1039,10795,
269,26.765,18,Bottle,0.4081,1090,191,1111,232,861,
270,26.865,18,Bottle,0.3925,2003,672,2026,721,1127,1333
270,26.865,18,Bottle,0.3555,1090,190,1110,232,840,
270,26.865,18,Bottle,0.2989,2008,640,2025,653,221,1333
271,26.965,18,Bottle,0.7310,1960,619,1969,641,198,1359
271,26.965,18,Bottle,0.5908,1956,608,1966,639,310,1359
271,26.965,18,Bottle,0.5059,1947,591,1961,619,392,1359
271,26.965,18,Bottle,0.3715,2003,678,2026,722,1012,1333
271,26.965,18,Bottle,0.2667,2220,785,2254,845,2040,
272,27.065,18,Bottle,0.7447,1958,617,1967,640,207,1359
272,27.065,18,Bottle,0.7387,1954,606,1964,637,310,1359
272,27.065,18,Bottle,0.6182,1944,588,1959,617,435,1359
272,27.065,18,Cigarette,0.4491,1597,172,1628,199,837,
272,27.065,18,Cigarette,0.4290,1519,471,1534,490,285,1045
272,27.065,18,Cigarette,0.2501,1522,459,1537,489,450,1045
273,27.165,18,Bottle,0.6522,1965,624,1974,647,207,1333
273,27.165,18,Bottle,0.6442,1956,606,1966,638,320,1359
273,27.165,18,Bottle,0.5703,1961,617,1971,640,230,1333
273,27.165,18,Cigarette,0.4879,1540,485,1554,499,196,1045
273,27.165,18,Bottle,0.4345,1574,420,1586,442,264,1045
273,27.165,18,Bottle,0.3064,1947,589,1962,617,420,1359
274,27.265,18,Bottle,0.6037,1962,624,1972,646,220,1359
274,27.265,18,Bottle,0.5376,1949,592,1966,622,510,1359
274,27.265,18,Bottle,0.5298,1958,611,1968,643,320,1359
274,27.265,18,Bottle,0.3154,1971,628,1977,653,150,1333
275,27.365,18,Bottle,0.6124,1959,624,1970,646,242,1359
275,27.365,18,Bottle,0.4886,1955,611,1965,643,320,1359
275,27.365,18,Bottle,0.3102,1945,610,1958,644,442,1359
276,27.465,18,Bottle,0.2519,1966,632,1972,652,120,1333
278,27.665,18,Bottle,0.5904,1957,609,1967,642,330,1359
278,27.665,18,Bottle,0.5075,1961,620,1971,644,240,1359
278,27.665,18,Bottle,0.3675,1960,580,1971,603,253,1359
279,27.765,18,Bottle,0.7837,1956,575,1969,600,325,1359
279,27.765,18,Bottle,0.6050,1955,592,1968,621,377,1359
279,27.765,18,Cigarette,0.2801,626,638,667,660,902,
280,27.865,18,Bottle,0.2989,2280,801,2308,862,1708,
282,28.065,18,Cigarette,0.3786,1585,489,1588,495,18,1045
282,28.065,18,Bottle,0.3427,1005,355,1026,422,1407,
282,28.065,18,Bottle,0.2662,1372,307,1397,373,1650,
282,28.065,18,Cigarette,0.2549,409,804,425,840,576,
283,28.165,18,Cigarette,0.6359,1598,438,1606,445,56,1045
283,28.165,18,Bottle,0.3859,2281,796,2308,862,1782,
283,28.165,18,knife,0.3370,2037,725,2057,732,140,1333
283,28.165,18,Cigarette,0.3241,1644,472,1647,476,12,1045
283,28.165,18,Cigarette,0.2936,409,803,425,840,592,
283,28.165,18,Bottle,0.2841,2476,934,2541,1032,6370,
284,28.265,18,Bottle,0.4615,2282,797,2310,862,1820,
284,28.265,18,Cigarette,0.3653,412,798,428,839,656,
284,28.265,18,Bottle,0.3201,1505,576,1535,665,2670,
285,28.365,18,Cigarette,0.4070,412,797,428,839,672,
285,28.365,18,Bottle,0.3405,2283,800,2309,863,1638,
286,28.465,18,Cigarette,0.4316,412,797,428,839,672,
287,28.565,18,Cigarette,0.4214,412,797,428,839,672,
287,28.565,18,Bottle,0.2720,2282,800,2308,862,1612,
288,28.665,18,Bottle,0.6535,1958,589,1971,613,312,1413
288,28.665,18,Bottle,0.4105,1984,679,2003,707,532,1333
288,28.665,18,Cigarette,0.3881,412,795,429,839,748,
288,28.665,18,Bottle,0.3709,2282,799,2308,863,1664,
289,28.765,18,Bottle,0.4315,1959,547,1976,577,510,1413
289,28.765,18,Bottle,0.3713,1946,530,1964,563,594,1413
289,28.765,18,Cigarette,0.3093,412,794,430,840,828,
290,28.865,18,Bottle,0.3058,1962,592,1973,631,429,1413
291,28.965,18,Bottle,0.7578,1961,599,1972,632,363,1413
291,28.965,18,Bottle,0.7078,1966,608,1976,635,270,1413
291,28.965,18,Cigarette,0.6863,1718,472,1723,484,60,1045
291,28.965,18,Bottle,0.3447,1952,591,1964,632,492,1413
291,28.965,18,Bottle,0.3421,1953,588,1964,611,253,1413
291,28.965,18,Bottle,0.2516,2283,805,2309,864,1534,
292,29.065,18,Bottle,0.7352,1966,609,1976,636,270,1413
292,29.065,18,Bottle,0.6323,1951,595,1964,633,494,1413
292,29.065,18,Bottle,0.6004,1962,599,1972,633,340,1413
293,29.165,18,Bottle,0.6201,1965,609,1974,636,243,1413
293,29.165,18,Bottle,0.5343,1948,536,1961,553,221,1413
293,29.165,18,Bottle,0.4046,1960,597,1971,633,396,1413
293,29.165,18,Bottle,0.3797,2283,804,2305,863,1298,
293,29.165,18,Bottle,0.3682,2477,933,2536,1032,5841,
294,29.265,18,Bottle,0.6901,1964,611,1974,637,260,1413
294,29.265,18,Bottle,0.5400,1948,536,1961,552,208,1413
294,29.265,18,Bottle,0.4934,2282,802,2306,863,1464,
294,29.265,18,Bottle,0.4824,2477,938,2532,1032,5170,
295,29.365,18,Bottle,0.7287,1964,610,1975,637,297,1413
295,29.365,18,Bottle,0.5629,2282,801,2307,863,1550,
295,29.365,18,Bottle,0.3614,2477,938,2532,1032,5170,
295,29.365,18,Bottle,0.3110,1947,536,1963,554,288,1413
296,29.465,18,Bottle,0.6133,1948,597,1962,634,518,1413
296,29.465,18,Bottle,0.5854,1963,610,1974,637,297,1413
296,29.465,18,Bottle,0.5636,2282,802,2307,863,1525,
296,29.465,18,Bottle,0.5471,1227,573,1258,653,2480,
296,29.465,18,Bottle,0.5372,1959,599,1971,634,420,1413
297,29.565,18,Bottle,0.6458,1963,609,1974,637,308,1413
297,29.565,18,Bottle,0.5935,1949,600,1961,634,408,1413
297,29.565,18,Bottle,0.5532,2282,802,2307,863,1525,
297,29.565,18,Bottle,0.4521,1237,535,1279,666,5502,
297,29.565,18,Bottle,0.4460,1031,524,1055,579,1320,
297,29.565,18,Bottle,0.3774,1959,598,1968,633,315,1413
298,29.665,18,Bottle,0.7091,1948,598,1962,634,504,1413
298,29.665,18,Bottle,0.6806,1963,610,1973,636,260,1413
298,29.665,18,Bottle,0.6053,2282,799,2306,864,1560,
298,29.665,18,Bottle,0.3287,1958,596,1969,633,407,1413
299,29.765,18,Bottle,0.6214,1948,598,1961,634,468,1413
299,29.765,18,Bottle,0.5720,1959,594,1970,633,429,1413
299,29.765,18,Bottle,0.5631,1963,609,1973,636,270,1413
299,29.765,18,Bottle,0.4538,2281,796,2307,864,1768,
300,29.865,18,Bottle,0.6834,1947,597,1960,633,468,1413
300,29.865,18,Bottle,0.6428,1958,599,1968,633,340,1413
300,29.865,18,Bottle,0.5016,1962,602,1972,636,340,1413
300,29.865,18,Bottle,0.3637,1949,539,1968,557,342,1413
300,29.865,18,Bottle,0.3515,2282,800,2305,864,1472,
301,29.965,18,Bottle,0.3212,1946,530,1964,553,414,1413
301,29.965,18,Bottle,0.2842,2497,768,2529,850,2624,
301,29.965,18,Bottle,0.2672,1957,598,1966,633,315,1413
302,30.065,18,Bottle,0.4741,1944,530,1962,551,378,1413
302,30.065,18,Bottle,0.4034,1956,596,1966,633,370,1413
302,30.065,18,knife,0.3843,1142,707,1218,779,5472,
302,30.065,18,Bottle,0.2502,1430,669,1463,709,1320,
303,30.165,18,knife,0.6501,1174,751,1253,826,5925,
303,30.165,18,Bottle,0.5319,1957,597,1965,633,288,1413
303,30.165,18,Bottle,0.2893,1959,598,1969,634,360,1413
303,30.165,18,Bottle,0.2647,1943,538,1956,550,156,1413
304,30.265,18,knife,0.7099,1194,767,1285,864,8827,
304,30.265,18,Bottle,0.5883,1956,598,1966,632,340,1413
304,30.265,18,Bottle,0.3807,1945,598,1957,632,408,1413
304,30.265,18,Bottle,0.3706,1940,536,1952,548,144,1413
305,30.365,18,Bottle,0.4800,1128,338,1151,391,1219,
305,30.365,18,knife,0.4410,1233,832,1340,932,10700,
306,30.465,18,knife,0.3949,1489,683,1534,720,1665,
306,30.465,18,Bottle,0.3675,2033,797,2058,830,825,
306,30.465,18,Bottle,0.3512,1364,321,1388,375,1296,
306,30.465,18,Bottle,0.2740,1010,384,1036,452,1768,
307,30.565,18,Bottle,0.5068,1031,391,1054,465,1702,
307,30.565,18,Bottle,0.3845,1365,323,1388,374,1173,
307,30.565,18,Bottle,0.3141,1909,578,1927,608,540,
307,30.565,18,Bottle,0.2739,1345,320,1364,366,874,
308,30.665,18,Bottle,0.7501,1998,618,2017,643,475,1333
308,30.665,18,Bottle,0.6112,1116,158,1146,226,2040,
308,30.665,18,Bottle,0.4161,1085,157,1112,227,1890,
308,30.665,18,Bottle,0.4097,1045,416,1066,478,1302,
309,30.765,18,Bottle,0.8070,1999,618,2017,643,450,1333
309,30.765,18,Cigarette,0.2567,618,638,662,659,924,
310,30.865,18,knife,0.4713,1462,1108,1536,1271,12062,
310,30.865,18,Bottle,0.4613,1999,620,2018,643,437,1333
310,30.865,18,Cigarette,0.3280,2017,846,2036,864,342,
310,30.865,18,Cigarette,0.2626,618,638,662,659,924,
311,30.965,18,Bottle,0.5816,2000,670,2023,712,966,1333
311,30.965,18,Cigarette,0.4156,1540,1202,1753,1440,50694,
311,30.965,18,Cigarette,0.3119,620,639,660,659,800,
311,30.965,18,Bottle,0.2566,2269,783,2294,855,1800,
312,31.065,18,knife,0.7507,1606,1288,1735,1440,19608,
312,31.065,18,Bottle,0.3292,2000,670,2024,713,1032,1333
313,31.165,18,Bottle,0.4782,1999,671,2023,713,1008,1333
313,31.165,18,Bottle,0.3490,1629,416,1652,439,529,
314,31.265,18,Bottle,0.4104,2000,669,2024,712,1032,1333
314,31.265,18,Bottle,0.4000,1508,495,1534,572,2002,
315,31.365,18,Bottle,0.4081,2001,668,2024,712,1012,1333
316,31.465,18,Bottle,0.2852,2001,669,2023,712,946,1333
317,31.565,18,Bottle,0.3794,2000,667,2024,712,1080,1333
318,31.665,18,Bottle,0.5162,2001,623,2018,636,221,1333
318,31.665,18,Bottle,0.2755,1997,672,2022,709,925,1333
318,31.665,18,Cigarette,0.2643,1856,579,1859,584,15,1045
318,31.665,18,Cigarette,0.2608,1424,486,1441,499,221,
318,31.665,18,Cigarette,0.2516,1415,457,1439,498,984,
319,31.765,18,Bottle,0.4443,1997,665,2023,712,1222,1333
319,31.765,18,Bottle,0.3104,1943,595,1955,631,432,1045
320,31.865,18,Bottle,0.3795,1997,670,2022,710,1000,1333
320,31.865,18,Bottle,0.2658,1428,586,1441,619,429,1436
320,31.865,18,Bottle,0.2592,1944,584,1953,609,225,1045
320,31.865,18,Bottle,0.2571,1329,598,1342,626,364,1436
321,31.965,18,Bottle,0.4731,1959,609,1967,632,184,1045
321,31.965,18,Bottle,0.4646,1943,601,1956,631,390,1045
321,31.965,18,Bottle,0.4056,1954,594,1965,629,385,1045
321,31.965,18,Bottle,0.3325,1996,669,2021,712,1075,1333
324,32.265,18,Bottle,0.2935,1122,205,1131,231,234,1090
325,32.365,18,Bottle,0.3234,988,349,1003,386,555,1578
326,32.465,18,Bottle,0.5625,1982,664,2008,703,1014,1045
326,32.465,18,Cigarette,0.3487,1900,692,1904,702,40,1045
327,32.565,18,Cigarette,0.5406,1838,1153,1848,1181,280,
327,32.565,18,Bottle,0.3591,1943,600,1956,630,390,1045
327,32.565,18,Bottle,0.2607,1993,665,2018,710,1125,1045
328,32.665,18,Bottle,0.7582,1943,598,1955,631,396,1045
328,32.665,18,Bottle,0.3102,2033,519,2042,542,207,1045
328,32.665,18,Cigarette,0.3075,1872,1184,1880,1200,128,1670
328,32.665,18,Cigarette,0.2830,1965,709,1987,748,858,1045
328,32.665,18,Bottle,0.2667,1957,604,1964,633,203,1045
329,32.765,18,Bottle,0.6316,1952,596,1965,630,442,1045
329,32.765,18,Bottle,0.3183,1998,664,2018,707,860,1045
329,32.765,18,Cigarette,0.2966,1938,1203,1961,1232,667,1670
330,32.865,18,Cigarette,0.3211,1979,650,1984,656,30,1045
330,32.865,18,Bottle,0.3057,1958,611,1966,632,168,1045
330,32.865,18,Bottle,0.2758,1157,369,1165,395,208,1647
332,33.065,18,Bottle,0.6326,1974,706,1992,744,684,1045
332,33.065,18,Bottle,0.5933,1976,669,2007,751,2542,1045
332,33.065,18,Bottle,0.5628,2286,1406,2373,1440,2958,1592
333,33.165,18,Bottle,0.8279,1955,594,1964,629,315,1669
333,33.165,18,Bottle,0.7236,1959,608,1968,631,207,1669
333,33.165,18,Bottle,0.6182,1935,520,1953,546,468,1669
333,33.165,18,Bottle,0.3041,1117,208,1125,231,184,1090
334,33.265,18,Bottle,0.2685,2307,823,2363,945,6832,
334,33.265,18,Bottle,0.2682,2056,576,2085,619,1247,1045
335,33.365,18,Bottle,0.8331,1954,594,1964,629,350,1669
335,33.365,18,Bottle,0.6947,1959,608,1968,631,207,1669
335,33.365,18,Bottle,0.4042,2307,824,2363,945,6776,
335,33.365,18,Bottle,0.3182,2078,518,2112,566,1632,1045
335,33.365,18,Bottle,0.2984,1946,547,1958,557,120,1669
335,33.365,18,Bottle,0.2750,1341,279,1353,299,240,1682
336,33.465,18,Bottle,0.5009,2033,515,2062,554,1131,1045
336,33.465,18,Bottle,0.3658,2310,826,2361,945,6069,
336,33.465,18,Bottle,0.3217,2025,554,2040,567,195,1045
337,33.565,18,Bottle,0.7788,1958,606,1968,630,240,1669
337,33.565,18,Bottle,0.7765,1953,592,1964,628,396,1669
337,33.565,18,Bottle,0.4370,2311,829,2361,944,5750,
337,33.565,18,Cigarette,0.3326,2008,769,2028,790,420,1045
337,33.565,18,Bottle,0.3275,2034,515,2062,556,1148,1333
338,33.665,18,Bottle,0.4859,2308,824,2363,944,6600,
338,33.665,18,Bottle,0.3225,2035,515,2062,556,1107,1333
339,33.765,18,Bottle,0.8246,1953,593,1963,628,350,1669
339,33.765,18,Cigarette,0.7421,2085,816,2103,836,360,1045
339,33.765,18,Bottle,0.6043,1958,606,1967,630,216,1669
339,33.765,18,Bottle,0.5575,2312,834,2362,944,5500,
339,33.765,18,Cigarette,0.4950,2051,780,2055,788,32,1045
339,33.765,18,Bottle,0.3124,1945,594,1955,628,340,1669
340,33.865,18,Bottle,0.8145,1953,594,1963,628,340,1669
340,33.865,18,Cigarette,0.5829,2078,818,2103,847,725,1045
340,33.865,18,Bottle,0.5126,2313,834,2360,942,5076,
340,33.865,18,Bottle,0.4968,1957,606,1967,631,250,1669
340,33.865,18,Bottle,0.4012,2152,548,2182,594,1380,1045
340,33.865,18,Bottle,0.3549,1467,730,1507,802,2880,
340,33.865,18,Bottle,0.3132,2272,787,2296,861,1776,
341,33.965,18,Bottle,0.7879,1954,592,1965,630,418,1669
341,33.965,18,Bottle,0.6013,1942,594,1954,628,408,1669
341,33.965,18,Bottle,0.5546,2313,831,2360,942,5217,
341,33.965,18,Cigarette,0.3069,2074,814,2092,828,252,1045
341,33.965,18,Bottle,0.2884,2272,783,2296,860,1848,
342,34.065,18,Bottle,0.8225,1953,592,1963,628,360,1669
342,34.065,18,Bottle,0.4927,2311,829,2360,942,5537,
342,34.065,18,Bottle,0.4615,1942,595,1954,628,396,1669
342,34.065,18,Cigarette,0.3996,2077,809,2096,829,380,1045
342,34.065,18,Cigarette,0.3320,2069,808,2090,827,399,1045
342,34.065,18,Bottle,0.2563,1957,607,1966,631,216,1669
342,34.065,18,Bottle,0.2520,2273,783,2297,860,1848,
343,34.165,18,Bottle,0.7509,1952,592,1963,628,396,1669
343,34.165,18,Bottle,0.5210,1942,598,1954,628,360,1669
343,34.165,18,Bottle,0.5051,2311,830,2360,942,5488,
343,34.165,18,Bottle,0.4592,1958,609,1966,631,176,1669
343,34.165,18,Cigarette,0.3315,2089,810,2106,835,425,1045
344,34.265,18,Bottle,0.7991,1953,592,1963,628,360,1669
344,34.265,18,Bottle,0.5954,1942,597,1954,628,372,1669
344,34.265,18,Bottle,0.5485,2311,831,2360,942,5439,
344,34.265,18,Cigarette,0.5239,2120,815,2130,842,270,1045
344,34.265,18,Bottle,0.2876,1077,219,1098,276,1197,
344,34.265,18,Bottle,0.2873,1958,606,1967,631,225,1669
345,34.365,18,Bottle,0.5840,1952,591,1965,628,481,1669
345,34.365,18,Bottle,0.5273,2313,836,2360,940,4888,
345,34.365,18,Bottle,0.4328,1941,596,1954,628,416,1669
346,34.465,18,Bottle,0.7835,1952,592,1966,629,518,1669
346,34.465,18,Bottle,0.5624,1941,594,1953,628,408,1669
346,34.465,18,Cigarette,0.4154,1345,820,1362,824,68,1578
346,34.465,18,Bottle,0.3634,2314,841,2360,940,4554,
346,34.465,18,Bottle,0.3047,1038,206,1057,260,1026,
347,34.565,18,Cigarette,0.3027,1397,876,1415,883,126,1578
348,34.665,18,Bottle,0.6936,1951,592,1963,628,432,1669
348,34.665,18,Bottle,0.3856,1940,593,1954,628,490,1669
348,34.665,18,Cigarette,0.3351,2127,863,2158,885,682,
349,34.765,18,Bottle,0.7764,2189,752,2221,841,2848,1045
349,34.765,18,Bottle,0.7015,1951,592,1964,629,481,1669
349,34.765,18,Bottle,0.5727,1940,595,1952,629,408,1669
349,34.765,18,Cigarette,0.4272,1493,1022,1513,1035,260,1578
349,34.765,18,Bottle,0.3714,1995,670,2018,710,920,1333
349,34.765,18,Cigarette,0.2967,621,639,659,660,798,
350,34.865,18,Bottle,0.7162,1950,593,1964,630,518,1669
350,34.865,18,Bottle,0.5751,1939,595,1952,629,442,1669
350,34.865,18,Cigarette,0.5310,2294,869,2320,898,754,1045
350,34.865,18,Bottle,0.4483,1995,670,2018,711,943,1333
350,34.865,18,Cigarette,0.3188,1595,1096,1615,1102,120,1578
350,34.865,18,Bottle,0.2582,2187,754,2218,795,1271,1045
350,34.865,18,Cigarette,0.2581,622,639,660,660,798,
351,34.965,18,Bottle,0.6981,1950,592,1960,629,370,1669
351,34.965,18,Bottle,0.6946,1955,610,1964,631,189,1669
351,34.965,18,Cigarette,0.5150,1646,1194,1665,1210,304,1578
351,34.965,18,Cigarette,0.4920,1677,1185,1694,1191,102,1578
351,34.965,18,Bottle,0.4836,1942,600,1952,629,290,1669
351,34.965,18,Bottle,0.3882,1114,204,1133,232,532,
351,34.965,18,Bottle,0.2882,1995,672,2017,709,814,1333
351,34.965,18,Cigarette,0.2762,621,639,659,661,836,
352,35.065,18,Bottle,0.6616,1949,593,1959,628,350,1669
352,35.065,18,Bottle,0.6304,1935,526,1956,550,504,1669
352,35.065,18,Bottle,0.6116,1954,608,1964,631,230,1669
352,35.065,18,Cigarette,0.6038,1738,1292,1756,1309,306,1578
352,35.065,18,Bottle,0.5594,1941,603,1951,629,260,1669
352,35.065,18,Bottle,0.3423,1994,672,2017,708,828,1333
352,35.065,18,Cigarette,0.3115,622,639,659,661,814,
352,35.065,18,knife,0.3048,2295,870,2319,896,624,1045
353,35.165,18,Bottle,0.4074,1067,166,1087,211,900,1090
353,35.165,18,Bottle,0.3589,1994,671,2017,709,874,1333
353,35.165,18,Cigarette,0.3283,623,639,660,661,814,
353,35.165,18,Bottle,0.2779,1087,197,1105,234,666,
354,35.265,18,Bottle,0.4594,2264,803,2285,855,1092,1045
354,35.265,18,Bottle,0.3320,1065,163,1086,208,945,1090
354,35.265,18,Bottle,0.3214,1994,670,2017,708,874,1333
354,35.265,18,Cigarette,0.3008,622,639,659,661,814,
354,35.265,18,Bottle,0.2660,1088,197,1105,231,578,
354,35.265,18,Bottle,0.2646,1357,321,1381,373,1248,
355,35.365,18,Bottle,0.3970,2273,800,2298,861,1525,
355,35.365,18,Bottle,0.3407,1994,669,2017,708,897,1333
355,35.365,18,Cigarette,0.3228,622,639,659,661,814,
355,35.365,18,Bottle,0.3109,1865,1285,2140,1370,23375,1578
355,35.365,18,Bottle,0.3057,1063,164,1085,207,946,1090
355,35.365,18,Bottle,0.2578,1357,321,1381,373,1248,
355,35.365,18,Bottle,0.2501,1091,194,1107,230,576,
356,35.465,18,Bottle,0.7068,1953,606,1963,630,240,1669
356,35.465,18,Cigarette,0.3895,2278,960,2309,994,1054,
356,35.465,18,Bottle,0.3581,1994,667,2017,709,966,1333
356,35.465,18,Bottle,0.3204,2270,796,2294,859,1512,
356,35.465,18,Bottle,0.2750,1941,595,1951,628,330,1669
356,35.465,18,Bottle,0.2529,1358,322,1381,373,1173,
357,35.565,18,Bottle,0.7608,1953,605,1964,630,275,1669
357,35.565,18,Bottle,0.7184,1933,527,1946,549,286,1669
357,35.565,18,Bottle,0.4487,1994,666,2017,709,989,1333
357,35.565,18,Bottle,0.3066,1087,184,1108,230,966,
357,35.565,18,Bottle,0.2845,2272,796,2298,860,1664,1045
358,35.665,18,Bottle,0.6926,1952,606,1964,631,300,1669
358,35.665,18,Cigarette,0.4963,2279,965,2307,993,784,1045
358,35.665,18,Bottle,0.3532,1993,668,2017,708,960,1333
358,35.665,18,Bottle,0.3270,1088,185,1108,230,900,
359,35.765,18,Bottle,0.7139,1952,604,1964,630,312,1669
359,35.765,18,Cigarette,0.4895,2286,957,2311,997,1000,1045
359,35.765,18,Bottle,0.4737,1993,663,2018,709,1150,1333
359,35.765,18,Bottle,0.3734,1933,526,1946,546,260,1669
359,35.765,18,Bottle,0.3471,1086,188,1105,228,760,
360,35.865,18,Bottle,0.6892,1937,527,1948,548,231,1669
360,35.865,18,Bottle,0.6457,1954,604,1965,630,286,1669
360,35.865,18,Bottle,0.4818,1994,666,2017,709,989,1333
360,35.865,18,Cigarette,0.4372,2372,1023,2398,1050,702,
360,35.865,18,Bottle,0.3966,1940,593,1952,628,420,1669
360,35.865,18,Bottle,0.3932,1085,188,1105,230,840,
360,35.865,18,Bottle,0.2860,1950,592,1960,628,360,1669
360,35.865,18,Bottle,0.2651,1108,203,1127,234,589,
361,35.965,18,Bottle,0.7603,1954,605,1965,631,286,1669
361,35.965,18,Cigarette,0.7483,2381,1024,2404,1047,529,1045
361,35.965,18,Bottle,0.7101,2470,828,2498,862,952,1045
361,35.965,18,Bottle,0.6158,1938,526,1949,546,220,1669
361,35.965,18,Bottle,0.4918,1086,187,1106,229,840,
361,35.965,18,Bottle,0.3052,1109,202,1130,232,630,
361,35.965,18,Bottle,0.2872,1056,157,1076,197,800,
362,36.065,18,Bottle,0.7993,1954,606,1965,631,275,1669
362,36.065,18,Bottle,0.7717,1938,527,1947,547,180,1669
362,36.065,18,Cigarette,0.6905,2385,1043,2415,1076,990,1045
362,36.065,18,Bottle,0.3331,1959,607,1966,632,175,1669
362,36.065,18,Bottle,0.2604,1085,196,1104,230,646,
363,36.165,18,Bottle,0.7849,1953,605,1965,631,312,1669
363,36.165,18,Bottle,0.6619,1936,527,1948,547,240,1669
363,36.165,18,Bottle,0.2575,1087,188,1105,229,738,
363,36.165,18,Bottle,0.2570,1949,592,1961,629,444,1669
364,36.265,18,Bottle,0.8103,1953,605,1965,631,312,1669
364,36.265,18,Bottle,0.7238,1935,526,1947,547,252,1669
364,36.265,18,Bottle,0.4539,1950,593,1961,628,385,1669
364,36.265,18,Bottle,0.3445,1086,187,1104,227,720,
365,36.365,18,Bottle,0.7906,1954,605,1965,630,275,1669
365,36.365,18,Bottle,0.7040,1950,592,1961,629,407,1669
365,36.365,18,Bottle,0.5350,1935,525,1946,547,242,1669
365,36.365,18,Bottle,0.4685,1086,185,1105,225,760,
365,36.365,18,Bottle,0.4342,1940,592,1951,628,396,1669
365,36.365,18,Bottle,0.2506,1107,202,1127,228,520,
366,36.465,18,Bottle,0.7735,1953,605,1964,630,275,1669
366,36.465,18,Bottle,0.7094,1950,592,1961,629,407,1669
366,36.465,18,Bottle,0.5050,1085,185,1105,225,800,
366,36.465,18,Cigarette,0.3954,2446,1086,2472,1108,572,1045
366,36.465,18,knife,0.3742,2434,923,2445,959,396,1045
366,36.465,18,Bottle,0.3281,1949,513,1961,520,84,1669
366,36.465,18,Bottle,0.3250,1939,592,1951,628,432,1669
366,36.465,18,Bottle,0.3209,1934,525,1946,547,264,1669
366,36.465,18,Bottle,0.3169,2001,625,2017,641,256,1333
366,36.465,18,Bottle,0.2573,1993,667,2016,708,943,1333
366,36.465,18,Bottle,0.2549,1107,201,1127,228,540,
367,36.565,18,Bottle,0.8090,1950,592,1961,628,396,1669
367,36.565,18,Bottle,0.7821,1953,605,1964,630,275,1669
367,36.565,18,Bottle,0.5094,1950,513,1961,520,77,1669
367,36.565,18,Bottle,0.4843,2001,625,2017,637,192,1333
367,36.565,18,Bottle,0.4794,1939,592,1950,628,396,1669
367,36.565,18,Bottle,0.4536,1084,184,1104,224,800,
367,36.565,18,Bottle,0.4212,1934,525,1945,546,231,1669
367,36.565,18,Bottle,0.3574,1107,200,1127,228,560,
367,36.565,18,Cigarette,0.3547,2445,1086,2473,1107,588,1045
367,36.565,18,Bottle,0.2534,1992,668,2015,709,943,1333
368,36.665,18,Bottle,0.7914,1949,592,1960,627,385,1669
368,36.665,18,Bottle,0.7657,1954,604,1964,630,260,1669
368,36.665,18,Bottle,0.7040,2002,625,2017,637,180,1333
368,36.665,18,Bottle,0.4685,1084,184,1105,224,840,
368,36.665,18,Bottle,0.4563,1939,594,1950,628,374,1669
368,36.665,18,Bottle,0.4334,1951,514,1961,520,60,1669
368,36.665,18,Bottle,0.4048,1108,200,1127,228,532,
368,36.665,18,Bottle,0.3639,2524,1069,2555,1116,1457,1045
368,36.665,18,Bottle,0.2951,1934,524,1945,546,242,1669
369,36.765,18,Bottle,0.7522,1953,604,1964,630,286,1669
369,36.765,18,Bottle,0.7313,1949,592,1960,627,385,1669
369,36.765,18,Bottle,0.4017,1108,199,1127,228,551,
369,36.765,18,Bottle,0.3997,1939,593,1950,627,374,1669
369,36.765,18,Cigarette,0.3992,2446,1088,2477,1113,775,
369,36.765,18,Bottle,0.3806,1053,196,1069,232,576,
369,36.765,18,Bottle,0.3529,1084,185,1105,223,798,
369,36.765,18,Bottle,0.2947,1993,666,2016,708,966,1333
369,36.765,18,Bottle,0.2820,1950,513,1960,519,60,1669
370,36.865,18,Bottle,0.5982,1939,595,1950,628,363,1669
370,36.865,18,Bottle,0.5637,1949,592,1961,627,420,1669
370,36.865,18,Bottle,0.5536,1953,603,1964,630,297,1669
370,36.865,18,Bottle,0.4998,1051,190,1068,232,714,
370,36.865,18,Bottle,0.4096,1085,186,1105,223,740,
370,36.865,18,Bottle,0.3976,1050,150,1072,206,1232,
370,36.865,18,Bottle,0.3810,1108,199,1128,227,560,
370,36.865,18,Bottle,0.3277,1994,666,2017,708,966,1333
371,36.965,18,Bottle,0.6282,1952,606,1961,629,207,1669
371,36.965,18,Bottle,0.5813,1993,658,2016,710,1196,1333
371,36.965,18,Bottle,0.5166,1948,592,1959,628,396,1669
371,36.965,18,Bottle,0.4060,1082,186,1102,222,720,
371,36.965,18,Bottle,0.3705,1050,200,1067,233,561,1090
372,37.065,18,Bottle,0.6959,1947,592,1958,627,385,1669
372,37.065,18,Bottle,0.5905,1953,605,1962,628,207,1669
372,37.065,18,Cigarette,0.5079,2539,1141,2558,1160,361,
372,37.065,18,Bottle,0.4230,1994,661,2017,708,1081,1333
372,37.065,18,Bottle,0.3424,1082,185,1102,220,700,
372,37.065,18,Bottle,0.2619,1339,314,1357,360,828,
373,37.165,18,Bottle,0.6843,1949,592,1958,628,324,1669
373,37.165,18,Bottle,0.4366,1929,522,1942,540,234,1669
373,37.165,18,Bottle,0.4239,1994,658,2018,708,1200,1333
373,37.165,18,Cigarette,0.4201,2540,1146,2559,1181,665,
373,37.165,18,Bottle,0.3699,1082,184,1102,221,740,
373,37.165,18,Bottle,0.2866,1048,198,1066,231,594,
373,37.165,18,Bottle,0.2573,1952,605,1964,629,288,1669
374,37.265,18,Bottle,0.7266,1949,592,1958,628,324,1669
374,37.265,18,Bottle,0.4794,1080,185,1100,220,700,
374,37.265,18,Bottle,0.3509,1928,522,1940,539,204,1669
374,37.265,18,Bottle,0.2781,1993,654,2017,706,1248,1333
374,37.265,18,Bottle,0.2768,1043,150,1064,208,1218,
375,37.365,18,Bottle,0.5961,1948,592,1960,628,432,1669
375,37.365,18,Bottle,0.5343,1081,186,1101,221,700,
375,37.365,18,Bottle,0.3470,1936,593,1950,627,476,1669
375,37.365,18,Bottle,0.3012,1993,655,2017,707,1248,1333
376,37.465,18,Bottle,0.6479,1948,592,1959,628,396,1669
376,37.465,18,Bottle,0.5538,1994,657,2017,708,1173,1333
376,37.465,18,Bottle,0.4987,1080,188,1101,222,714,
376,37.465,18,Bottle,0.3305,1924,522,1940,539,272,1669
377,37.565,18,Bottle,0.7297,1948,592,1960,628,432,1669
377,37.565,18,Bottle,0.5973,1993,658,2017,709,1224,1333
377,37.565,18,Bottle,0.5798,1080,187,1101,224,777,
377,37.565,18,Bottle,0.4222,1952,605,1961,629,216,1669
377,37.565,18,Bottle,0.3385,1339,315,1357,361,828,
378,37.665,18,Bottle,0.5799,1080,188,1100,223,700,
378,37.665,18,Bottle,0.5420,1993,657,2017,709,1248,1333
378,37.665,18,Bottle,0.4237,1948,592,1961,628,468,1669
378,37.665,18,Bottle,0.2619,1937,594,1950,627,429,1669
379,37.765,18,Bottle,0.7202,1949,592,1960,628,396,1669
379,37.765,18,Bottle,0.5214,1080,188,1100,224,720,
379,37.765,18,Bottle,0.4830,1994,659,2017,708,1127,1333
379,37.765,18,Bottle,0.4786,1923,523,1939,534,176,1669
379,37.765,18,Bottle,0.3625,1959,616,1966,637,147,1669
379,37.765,18,Bottle,0.3442,1938,593,1950,627,408,1669
380,37.865,18,Bottle,0.6837,1950,592,1960,629,370,1669
380,37.865,18,Bottle,0.4257,1929,529,1938,538,81,1669
380,37.865,18,Bottle,0.3273,1992,660,2016,708,1152,1333
380,37.865,18,Bottle,0.2864,1078,185,1100,224,858,
381,37.965,18,Bottle,0.6765,1080,188,1103,229,943,
381,37.965,18,Bottle,0.6248,1947,595,1956,628,297,1669
381,37.965,18,Bottle,0.6149,1937,592,1948,628,396,1669
381,37.965,18,Bottle,0.5245,1950,608,1960,631,230,1669
381,37.965,18,Bottle,0.3854,2271,786,2299,860,2072,
381,37.965,18,Bottle,0.2610,2305,822,2356,941,6069,
382,38.065,18,Bottle,0.7469,1944,592,1954,626,340,1669
382,38.065,18,Bottle,0.7429,1948,606,1960,629,276,1669
382,38.065,18,Bottle,0.5766,1934,591,1945,626,385,1669
382,38.065,18,Bottle,0.4753,2272,789,2299,861,1944,
382,38.065,18,Bottle,0.4440,1075,183,1095,226,860,
382,38.065,18,Bottle,0.3437,1957,617,1962,635,90,1669
382,38.065,18,Bottle,0.3071,1079,197,1098,230,627,
383,38.165,18,Bottle,0.8121,1946,595,1956,630,350,1669
383,38.165,18,Bottle,0.7094,1959,620,1965,640,120,1669
383,38.165,18,Bottle,0.6651,1936,595,1948,630,420,1669
383,38.165,18,Bottle,0.6159,1079,189,1100,230,861,
383,38.165,18,Bottle,0.4411,1951,609,1964,633,312,1669
383,38.165,18,Bottle,0.3910,1992,668,2015,713,1035,1333
384,38.265,18,Bottle,0.7175,1935,598,1947,630,384,1669
384,38.265,18,Bottle,0.6484,1946,594,1956,630,360,1669
384,38.265,18,Bottle,0.4690,1076,184,1097,226,882,
384,38.265,18,Bottle,0.4543,1949,610,1961,633,276,1669
384,38.265,18,Bottle,0.3155,1991,668,2014,712,1012,1333
384,38.265,18,knife,0.3000,1957,535,1977,543,160,1669
385,38.365,18,Bottle,0.7855,1943,592,1954,627,385,1669
385,38.365,18,Bottle,0.6857,1948,607,1959,630,253,1669
385,38.365,18,Bottle,0.6362,2271,792,2298,861,1863,
385,38.365,18,Bottle,0.5518,1933,596,1945,627,372,1669
385,38.365,18,Bottle,0.4200,1075,180,1095,226,920,
385,38.365,18,Bottle,0.3121,1926,537,1940,548,154,1669
386,38.465,18,Bottle,0.7230,1945,593,1955,628,350,1669
386,38.465,18,Bottle,0.6894,1935,596,1946,628,352,1669
386,38.465,18,Bottle,0.5829,1930,537,1941,548,121,1669
386,38.465,18,Bottle,0.5286,1075,184,1095,228,880,
386,38.465,18,Bottle,0.3365,2272,799,2296,860,1464,
386,38.465,18,Bottle,0.3143,1956,618,1963,639,147,1669
386,38.465,18,Bottle,0.3025,1948,608,1959,631,253,1669
387,38.565,18,Bottle,0.7011,1944,593,1955,628,385,1669
387,38.565,18,Bottle,0.6294,1948,607,1960,631,288,1669
387,38.565,18,Bottle,0.5158,1075,179,1095,227,960,
387,38.565,18,Bottle,0.5055,2272,794,2297,860,1650,
387,38.565,18,Bottle,0.4616,1929,525,1953,553,672,1669
387,38.565,18,Bottle,0.3906,1930,540,1943,553,169,1669
387,38.565,18,Bottle,0.3813,1934,596,1946,628,384,1669
387,38.565,18,Bottle,0.2632,1956,617,1962,639,132,1669
388,38.665,18,Bottle,0.7750,1944,594,1954,628,340,1669
388,38.665,18,Bottle,0.6858,1929,525,1952,558,759,1669
388,38.665,18,Bottle,0.5680,2272,794,2297,861,1675,
388,38.665,18,Bottle,0.5668,1934,596,1945,628,352,1669
388,38.665,18,Bottle,0.5156,1075,181,1096,227,966,
388,38.665,18,Bottle,0.4992,1947,609,1957,631,220,1669
388,38.665,18,Bottle,0.2546,2516,442,2547,528,2666,
389,38.765,18,Bottle,0.8219,1939,525,1951,545,240,1669
389,38.765,18,Bottle,0.7020,1943,595,1955,628,396,1669
389,38.765,18,Bottle,0.6533,1947,607,1959,631,288,1669
389,38.765,18,Bottle,0.5864,1075,179,1096,228,1029,
389,38.765,18,Bottle,0.5378,2272,793,2297,860,1675,
389,38.765,18,Bottle,0.4640,1933,596,1945,628,384,1669
390,38.865,18,Bottle,0.6878,1944,593,1956,628,420,1669
390,38.865,18,Bottle,0.5806,1948,608,1960,631,276,1669
390,38.865,18,Bottle,0.5696,1076,181,1097,227,966,
390,38.865,18,Bottle,0.4690,1933,592,1946,628,468,1669
390,38.865,18,Bottle,0.3968,2271,798,2296,860,1550,
390,38.865,18,Bottle,0.3036,2516,440,2547,528,2728,
391,38.965,18,Bottle,0.7576,1934,594,1945,628,374,1669
391,38.965,18,Bottle,0.7475,1946,592,1957,630,418,1669
391,38.965,18,Bottle,0.6398,1077,184,1098,230,966,
391,38.965,18,Bottle,0.3524,2270,794,2294,860,1584,
391,38.965,18,Bottle,0.3279,1941,526,1959,546,360,1669
392,39.065,18,Bottle,0.8101,1934,596,1946,629,396,1669
392,39.065,18,Bottle,0.7139,1947,595,1959,631,432,1669
392,39.065,18,Bottle,0.6205,1939,528,1954,547,285,1669
392,39.065,18,Bottle,0.6024,1077,184,1099,230,1012,
392,39.065,18,Bottle,0.5089,1955,617,1963,638,168,1669
392,39.065,18,Bottle,0.2630,2271,809,2293,860,1122,
393,39.165,18,Bottle,0.8357,1934,595,1946,628,396,1669
393,39.165,18,Bottle,0.7761,1947,595,1959,631,432,1669
393,39.165,18,Bottle,0.5547,1077,184,1098,230,966,
393,39.165,18,Bottle,0.4615,2271,799,2294,861,1426,
393,39.165,18,Bottle,0.4513,1940,533,1952,545,144,1669
393,39.165,18,Bottle,0.4011,1934,529,1952,547,324,1669
393,39.165,18,Bottle,0.2972,1993,667,2015,708,902,1333
394,39.265,18,Bottle,0.8184,1933,591,1946,624,429,1669
394,39.265,18,Bottle,0.6976,1947,590,1958,628,418,1669
394,39.265,18,Bottle,0.3152,2271,793,2296,858,1625,
394,39.265,18,Bottle,0.2660,1077,184,1096,224,760,
394,39.265,18,Cigarette,0.2505,1958,530,1976,537,126,1333
395,39.365,18,Bottle,0.7830,1935,593,1947,625,384,1669
395,39.365,18,Bottle,0.6401,1946,590,1957,625,385,1669
395,39.365,18,Bottle,0.3462,1078,184,1099,224,840,
395,39.365,18,Cigarette,0.2589,605,639,640,659,700,
396,39.465,18,Bottle,0.7730,1934,592,1946,626,408,1669
396,39.465,18,Bottle,0.7644,1946,592,1959,628,468,1669
396,39.465,18,Bottle,0.4643,2271,792,2297,860,1768,
396,39.465,18,Bottle,0.3614,1078,184,1098,226,840,
396,39.465,18,Cigarette,0.2712,604,639,639,659,700,
397,39.565,18,Bottle,0.8135,1947,592,1959,629,444,1669
397,39.565,18,Bottle,0.7505,1934,592,1946,626,408,1669
397,39.565,18,Bottle,0.5071,2270,790,2296,861,1846,
397,39.565,18,Bottle,0.4269,1079,184,1098,227,817,
397,39.565,18,Cigarette,0.2922,605,638,643,659,798,
397,39.565,18,Bottle,0.2637,2517,449,2548,527,2418,
398,39.665,18,Bottle,0.8345,1934,593,1946,625,384,1669
398,39.665,18,Bottle,0.7625,1945,591,1957,625,408,1669
398,39.665,18,Bottle,0.5405,2467,875,2558,1029,14014,
398,39.665,18,Bottle,0.5042,2270,788,2297,860,1944,
398,39.665,18,Bottle,0.5012,1078,181,1098,226,900,
398,39.665,18,Bottle,0.2961,2516,451,2547,527,2356,
398,39.665,18,Cigarette,0.2810,604,638,640,658,720,
399,39.765,18,Bottle,0.8339,1934,593,1946,625,384,1669
399,39.765,18,Bottle,0.7848,1945,591,1958,625,442,1669
399,39.765,18,Bottle,0.4532,1946,539,1958,559,240,1669
399,39.765,18,Bottle,0.4371,2270,784,2296,859,1950,
399,39.765,18,Bottle,0.3586,1943,522,1958,559,555,1669
400,39.865,18,Bottle,0.8345,1935,593,1947,625,384,1669
400,39.865,18,Bottle,0.7196,1946,592,1958,625,396,1669
401,39.965,18,Bottle,0.7846,1945,590,1956,625,385,1669
401,39.965,18,Bottle,0.5750,1949,602,1959,627,250,1669
401,39.965,18,Bottle,0.3912,1077,182,1096,223,779,
401,39.965,18,Bottle,0.2912,1933,538,1950,563,425,1669
402,40.065,18,Bottle,0.6843,1945,591,1956,625,374,1669
402,40.065,18,Bottle,0.6757,1948,599,1959,628,319,1669
402,40.065,18,Bottle,0.3890,1075,187,1095,225,760,
403,40.165,18,Bottle,0.8414,1928,538,1943,566,420,1669
403,40.165,18,Bottle,0.7867,1945,592,1955,626,340,1669
403,40.165,18,Bottle,0.3618,1075,188,1094,225,703,
403,40.165,18,Bottle,0.3151,1948,603,1959,628,275,1669
403,40.165,18,Bottle,0.2965,1935,594,1945,625,310,1669
404,40.265,18,Bottle,0.5805,1927,539,1945,563,432,1669
404,40.265,18,Bottle,0.4224,1934,592,1945,618,286,1669
404,40.265,18,Bottle,0.4074,1075,187,1095,225,760,
404,40.265,18,Bottle,0.3031,1945,592,1956,618,286,1669
405,40.365,18,Bottle,0.2687,1075,188,1094,225,703,
406,40.465,18,Bottle,0.4688,2266,786,2292,860,1924,
407,40.565,18,Bottle,0.6262,2269,792,2294,860,1700,
407,40.565,18,Bottle,0.2709,1495,576,1534,673,3783,
407,40.565,18,Bottle,0.2626,1077,183,1096,222,741,
409,40.765,18,Bottle,0.3586,2270,804,2293,860,1288,
409,40.765,18,Bottle,0.2914,1078,184,1097,224,760,
410,40.865,18,Bottle,0.5698,2270,796,2293,860,1472,
411,40.965,18,Bottle,0.8081,1934,595,1945,626,341,1669
411,40.965,18,Bottle,0.7094,1946,594,1954,627,264,1669
411,40.965,18,Bottle,0.4547,2271,797,2294,861,1472,
411,40.965,18,Bottle,0.4349,1923,534,1944,556,462,1669
412,41.065,18,Bottle,0.8251,1933,595,1945,626,372,1669
412,41.065,18,Bottle,0.7393,1945,595,1954,626,279,1669
412,41.065,18,Bottle,0.4893,2271,797,2294,861,1472,
412,41.065,18,Cigarette,0.2964,807,478,834,508,810,
412,41.065,18,Bottle,0.2958,1919,530,1946,564,918,1669
412,41.065,18,Bottle,0.2781,1077,180,1097,225,900,
413,41.165,18,Bottle,0.8256,1932,596,1944,626,360,1669
413,41.165,18,Bottle,0.7682,1944,595,1954,626,310,1669
413,41.165,18,Bottle,0.3333,2271,799,2295,862,1512,
414,41.265,18,Bottle,0.8050,1932,593,1944,626,396,1669
414,41.265,18,Bottle,0.7092,1944,595,1954,626,310,1669
414,41.265,18,Bottle,0.3733,1888,526,1910,556,660,1669
414,41.265,18,Bottle,0.2909,2272,798,2297,862,1600,
415,41.365,18,Bottle,0.3646,2271,794,2296,861,1675,
416,41.465,18,Bottle,0.2511,2271,793,2296,861,1700,
418,41.665,18,Bottle,0.8151,1931,590,1944,626,468,1669
418,41.665,18,Bottle,0.5377,1943,592,1953,627,350,1669
418,41.665,18,Bottle,0.2735,1887,568,1906,589,399,1669
419,41.765,18,Bottle,0.3895,2270,782,2298,861,2212,
420,41.865,18,Bottle,0.5760,2270,787,2296,860,1898,
420,41.865,18,Bottle,0.3885,1072,187,1095,229,966,
420,41.865,18,Cigarette,0.2555,606,639,647,660,861,
421,41.965,18,Bottle,0.6194,2271,792,2296,860,1700,
421,41.965,18,Bottle,0.2842,1073,184,1095,229,990,
422,42.065,18,Bottle,0.6289,2271,791,2296,861,1750,
422,42.065,18,Cigarette,0.4717,1408,816,1424,843,432,
422,42.065,18,Bottle,0.4699,1073,179,1095,228,1078,
422,42.065,18,Cigarette,0.2541,608,639,649,660,861,
423,42.165,18,Bottle,0.4552,2271,793,2295,861,1632,
423,42.165,18,Bottle,0.4105,1072,176,1095,228,1196,
423,42.165,18,Cigarette,0.2523,608,639,649,660,861,
424,42.265,18,Bottle,0.4739,2271,787,2297,861,1924,
424,42.265,18,Bottle,0.4536,1103,291,1126,356,1495,
424,42.265,18,Cigarette,0.3185,606,639,644,659,760,
425,42.365,18,Bottle,0.4519,2271,791,2296,861,1750,
425,42.365,18,Cigarette,0.2559,606,639,646,660,840,
426,42.465,18,Bottle,0.4793,2271,791,2296,861,1750,
426,42.465,18,Cigarette,0.3022,606,639,644,660,798,
427,42.565,18,Bottle,0.6412,2271,788,2297,861,1898,
427,42.565,18,Cigarette,0.3043,605,639,641,659,720,
428,42.665,18,Bottle,0.6484,2270,783,2296,861,2028,
428,42.665,18,Cigarette,0.3217,605,639,641,659,720,
428,42.665,18,Bottle,0.2741,1354,784,1391,863,2923,
429,42.765,18,Bottle,0.6093,2269,776,2299,858,2460,
429,42.765,18,Bottle,0.4255,1420,825,1450,909,2520,
429,42.765,18,Cigarette,0.3457,603,639,635,658,608,
429,42.765,18,Bottle,0.3170,1372,797,1402,904,3210,
429,42.765,18,Bottle,0.2967,1401,815,1426,906,2275,
430,42.865,18,Bottle,0.6603,2269,774,2299,858,2520,
430,42.865,18,Cigarette,0.3551,604,639,637,659,660,
431,42.965,18,Bottle,0.7591,2269,777,2296,861,2268,
431,42.965,18,Cigarette,0.3319,604,639,640,658,684,
432,43.065,18,Bottle,0.7323,1944,589,1956,626,444,1944
432,43.065,18,Bottle,0.6939,2269,780,2296,862,2214,
432,43.065,18,Bottle,0.5811,1076,416,1115,515,3861,1892
432,43.065,18,Cigarette,0.3155,604,639,640,658,684,
433,43.165,18,Bottle,0.6961,2269,782,2295,862,2080,
433,43.165,18,Bottle,0.6943,1944,589,1956,626,444,1944
433,43.165,18,Cigarette,0.2768,605,639,640,658,665,
434,43.265,18,Bottle,0.7902,1942,589,1955,625,468,1944
434,43.265,18,Bottle,0.6058,2269,783,2295,861,2028,
434,43.265,18,Bottle,0.5420,1997,623,2011,637,196,1881
434,43.265,18,Cigarette,0.2611,604,638,638,657,646,
435,43.365,18,Bottle,0.7959,1942,589,1955,625,468,1944
435,43.365,18,Bottle,0.6065,2269,784,2295,862,2028,
435,43.365,18,Bottle,0.5637,1998,624,2011,636,156,1881
435,43.365,18,Cigarette,0.2517,604,638,637,657,627,
436,43.465,18,Bottle,0.5798,2269,783,2295,861,2028,
436,43.465,18,Bottle,0.4645,1997,624,2011,637,182,1881
436,43.465,18,Cigarette,0.3153,604,638,637,657,627,
437,43.565,18,Bottle,0.4989,1942,588,1955,625,481,1944
437,43.565,18,Bottle,0.4024,2268,781,2295,861,2160,
437,43.565,18,Bottle,0.2898,1996,623,2012,636,208,1881
437,43.565,18,Cigarette,0.2768,605,637,638,656,627,
438,43.665,18,Bottle,0.5335,2268,781,2296,861,2240,
438,43.665,18,Bottle,0.4286,1268,559,1327,714,9145,1892
438,43.665,18,Bottle,0.3596,1391,679,1423,707,896,
438,43.665,18,Bottle,0.3449,1941,588,1955,625,518,1944
438,43.665,18,Cigarette,0.2689,604,637,635,656,589,
439,43.765,18,Bottle,0.4832,2268,783,2295,861,2106,
439,43.765,18,Bottle,0.4199,1940,588,1955,625,555,1944
439,43.765,18,Bottle,0.3881,1487,757,1517,783,780,
439,43.765,18,Bottle,0.3771,1929,582,1941,623,492,1944
439,43.765,18,Bottle,0.3650,1347,624,1416,791,11523,1892
439,43.765,18,Cigarette,0.3257,605,637,635,656,570,
440,43.865,18,Bottle,0.5050,1396,766,1428,857,2912,1892
440,43.865,18,Bottle,0.4949,1410,675,1474,825,9600,1892
440,43.865,18,Bottle,0.4588,1940,588,1955,626,570,1944
440,43.865,18,Bottle,0.4340,1336,787,1368,864,2464,1892
440,43.865,18,Bottle,0.4153,2266,781,2295,861,2320,
440,43.865,18,Bottle,0.3862,1929,581,1941,623,504,1944
440,43.865,18,Cigarette,0.3083,605,637,635,656,570,
441,43.965,18,Bottle,0.6263,1931,588,1941,623,350,1944
441,43.965,18,Bottle,0.6143,1942,588,1953,624,396,1944
441,43.965,18,Bottle,0.3934,1952,557,1965,571,182,1881
441,43.965,18,Bottle,0.2647,1945,600,1955,626,260,1944
442,44.065,18,Bottle,0.6419,1941,588,1951,623,350,1944
442,44.065,18,Bottle,0.6271,1930,588,1941,623,385,1944
442,44.065,18,Bottle,0.6247,1944,604,1955,626,242,1944
442,44.065,18,Cigarette,0.4861,1419,1015,1469,1110,4750,
442,44.065,18,Bottle,0.2833,2267,796,2295,861,1820,
443,44.165,18,Bottle,0.6457,1944,604,1954,625,210,1944
443,44.165,18,Bottle,0.5008,1879,504,1904,542,950,1944
443,44.165,18,Bottle,0.4754,1930,589,1942,623,408,1944
443,44.165,18,knife,0.3152,1487,1091,1535,1209,5664,
443,44.165,18,Bottle,0.2779,1941,589,1951,623,340,1944
444,44.265,18,Bottle,0.6345,1929,588,1940,623,385,1944
444,44.265,18,Bottle,0.6220,1940,588,1950,622,340,1944
444,44.265,18,Bottle,0.6145,1944,604,1954,625,210,1944
444,44.265,18,Bottle,0.4161,1942,595,1952,626,310,1944
444,44.265,18,Bottle,0.3021,1880,507,1912,538,992,1944
445,44.365,18,Bottle,0.6276,1882,512,1914,544,1024,1944
445,44.365,18,Bottle,0.5718,1940,588,1951,622,374,1944
445,44.365,18,Bottle,0.5253,1929,589,1940,623,374,1944
445,44.365,18,Bottle,0.4524,1943,604,1954,626,242,1944
445,44.365,18,Bottle,0.2859,1985,662,2008,704,966,1881
446,44.465,18,Bottle,0.6877,1940,587,1951,622,385,1944
446,44.465,18,Bottle,0.6258,1942,603,1953,624,231,1944
446,44.465,18,Bottle,0.6218,1887,512,1923,547,1260,1944
446,44.465,18,Bottle,0.5058,1928,587,1940,622,420,1944
446,44.465,18,Cigarette,0.2873,1761,1382,1799,1440,2204,
447,44.565,18,Bottle,0.6897,1939,587,1951,622,420,1944
447,44.565,18,Bottle,0.5391,1928,587,1939,622,385,1944
447,44.565,18,Bottle,0.3820,1942,602,1953,624,242,1944
447,44.565,18,Bottle,0.2677,2278,792,2303,854,1550,
448,44.665,18,Bottle,0.6333,1939,588,1951,622,408,1944
448,44.665,18,Bottle,0.5098,1942,603,1952,624,210,1944
448,44.665,18,Bottle,0.4643,1928,587,1940,622,420,1944
449,44.765,18,Bottle,0.6965,1927,587,1939,622,420,1944
449,44.765,18,Bottle,0.6349,1939,587,1952,623,468,1944
449,44.765,18,Bottle,0.3538,1068,182,1090,225,946,
450,44.865,18,Bottle,0.2803,1068,185,1087,223,722,
450,44.865,18,Bottle,0.2570,1992,620,2006,638,252,1881
451,44.965,18,Bottle,0.7154,1937,587,1946,621,306,1944
451,44.965,18,Bottle,0.5902,1941,603,1948,623,140,1944
451,44.965,18,Bottle,0.3765,2004,780,2036,855,2400,
451,44.965,18,Bottle,0.3455,1990,612,2006,639,432,1881
452,45.065,18,Bottle,0.7024,1936,589,1946,622,330,1944
452,45.065,18,Bottle,0.3869,1941,604,1949,625,168,1944
452,45.065,18,Bottle,0.3655,1926,583,1938,622,468,1944
453,45.165,18,Bottle,0.7062,1906,543,1920,573,420,1944
453,45.165,18,Bottle,0.6646,1935,588,1946,620,352,1944
453,45.165,18,Bottle,0.5680,1926,590,1936,621,310,1944
454,45.265,18,Bottle,0.4378,2028,549,2040,561,144,1881
455,45.365,18,Bottle,0.3080,1068,189,1089,225,756,
456,45.465,18,Bottle,0.7007,1852,621,1879,680,1593,2105
456,45.465,18,Bottle,0.5532,2414,897,2445,957,1860,1908
456,45.465,18,Bottle,0.3890,1064,182,1087,225,989,
456,45.465,18,Cigarette,0.2828,603,639,644,661,902,
457,45.565,18,Bottle,0.4466,1067,185,1087,224,780,
457,45.565,18,Bottle,0.3827,1094,188,1114,227,780,
458,45.665,18,Bottle,0.4053,1068,186,1088,224,760,
458,45.665,18,Bottle,0.3426,1093,180,1113,226,920,
458,45.665,18,Cigarette,0.3276,605,639,646,661,902,
458,45.665,18,Bottle,0.2631,2207,782,2220,822,520,2050
459,45.765,18,Cigarette,0.7909,2375,800,2385,812,120,2104
459,45.765,18,Bottle,0.3985,1068,185,1088,224,780,
459,45.765,18,Cigarette,0.2657,604,639,646,660,882,
460,45.865,18,Cigarette,0.5977,2374,800,2385,812,132,2104
460,45.865,18,Bottle,0.5616,1923,519,1935,541,264,1944
460,45.865,18,Bottle,0.3917,1068,185,1088,224,780,
460,45.865,18,Cigarette,0.3704,2236,747,2248,763,192,2104
460,45.865,18,Bottle,0.2800,1093,179,1114,227,1008,
460,45.865,18,Cigarette,0.2765,604,639,645,660,861,
461,45.965,18,Cigarette,0.3149,605,639,645,661,880,
462,46.065,18,Cigarette,0.3012,605,639,646,660,861,
463,46.165,18,Bottle,0.7328,1934,587,1945,622,385,1944
463,46.165,18,Bottle,0.7050,1940,603,1949,624,189,1944
463,46.165,18,Cigarette,0.3296,604,639,645,661,902,
463,46.165,18,Bottle,0.3162,1068,186,1087,222,684,
463,46.165,18,Bottle,0.2704,1093,185,1114,228,903,
464,46.265,18,Bottle,0.4211,1068,187,1087,222,665,
464,46.265,18,Bottle,0.3537,2297,610,2326,652,1218,
464,46.265,18,Bottle,0.3398,1857,1161,1904,1253,4324,
464,46.265,18,Cigarette,0.3335,1733,960,1755,1001,902,1974
464,46.265,18,Cigarette,0.3027,603,639,645,661,924,
465,46.365,18,Bottle,0.4935,1092,196,1113,229,693,
465,46.365,18,Bottle,0.4778,1068,184,1089,224,840,
465,46.365,18,Bottle,0.2959,2297,610,2327,661,1530,
466,46.465,18,Bottle,0.7530,1937,588,1945,623,280,1944
466,46.465,18,Bottle,0.5930,1927,522,1937,541,190,1944
466,46.465,18,Bottle,0.5723,1940,604,1950,625,210,1944
466,46.465,18,Bottle,0.4857,1069,184,1090,223,819,
466,46.465,18,Bottle,0.4242,1126,276,1150,338,1488,2161
466,46.465,18,Bottle,0.3053,1990,624,2005,640,240,1881
466,46.465,18,Bottle,0.2839,1101,284,1122,330,966,2161
466,46.465,18,Bottle,0.2545,1094,198,1114,225,540,
466,46.465,18,Bottle,0.2530,1107,280,1130,334,1242,2161
467,46.565,18,Bottle,0.5031,1113,275,1134,317,882,2161
467,46.565,18,Cigarette,0.3172,603,639,645,661,924,
467,46.565,18,Bottle,0.2716,1090,274,1113,315,943,2161
468,46.665,18,Bottle,0.3827,1082,267,1104,310,946,2161
468,46.665,18,Cigarette,0.2950,604,639,645,661,902,
468,46.665,18,Bottle,0.2778,1989,617,2005,638,336,1881
469,46.765,18,Bottle,0.3348,1990,623,2006,637,224,1881
469,46.765,18,Cigarette,0.2861,604,639,646,661,924,
469,46.765,18,Bottle,0.2700,1399,400,1415,415,240,2169
470,46.865,18,Bottle,0.6473,1936,588,1946,623,350,1944
470,46.865,18,Bottle,0.5991,1366,385,1382,398,208,1957
470,46.865,18,Bottle,0.5679,1940,604,1950,625,210,1944
470,46.865,18,Bottle,0.3406,1925,521,1937,542,252,1944
470,46.865,18,Cigarette,0.2836,604,639,645,660,861,
471,46.965,18,Bottle,0.8182,1940,599,1952,625,312,1944
471,46.965,18,Bottle,0.5246,1925,598,1937,622,288,1944
471,46.965,18,Bottle,0.3022,1989,624,2004,636,180,1881
472,47.065,18,Bottle,0.7791,1941,598,1952,625,297,1944
472,47.065,18,Bottle,0.7701,1938,587,1948,622,350,1944
472,47.065,18,Bottle,0.6359,1927,594,1937,622,280,1944
472,47.065,18,Bottle,0.2701,2292,823,2337,926,4635,
473,47.165,18,Bottle,0.7967,1941,598,1953,625,324,1944
473,47.165,18,Bottle,0.7679,1938,587,1949,623,396,1944
473,47.165,18,Bottle,0.6651,1927,590,1938,622,352,1944
473,47.165,18,Bottle,0.3011,2291,823,2336,926,4635,
474,47.265,18,Bottle,0.7562,1942,599,1953,624,275,1944
474,47.265,18,Bottle,0.7468,1939,587,1948,621,306,1944
474,47.265,18,Bottle,0.5833,1927,588,1939,621,396,1944
474,47.265,18,Bottle,0.3715,1265,391,1284,424,627,1957
474,47.265,18,Bottle,0.3641,1296,409,1320,460,1224,1957
474,47.265,18,Bottle,0.3386,1330,391,1353,435,1012,1957
474,47.265,18,Bottle,0.2914,1928,579,1940,610,372,1944
474,47.265,18,Bottle,0.2591,2291,820,2337,925,4830,
475,47.365,18,Bottle,0.7868,1943,598,1954,624,286,1944
475,47.365,18,Bottle,0.7592,1939,587,1949,622,350,1944
475,47.365,18,Bottle,0.7001,1929,588,1940,621,363,1944
475,47.365,18,Bottle,0.4060,1243,363,1262,407,836,1957
475,47.365,18,Bottle,0.3033,1299,374,1327,426,1456,1957
475,47.365,18,Bottle,0.2982,1270,390,1289,427,703,1957
476,47.465,18,Bottle,0.7567,1943,598,1954,623,275,1944
476,47.465,18,Bottle,0.6906,1940,586,1950,620,340,1944
476,47.465,18,Bottle,0.3079,1928,587,1940,621,408,1944
477,47.565,18,Bottle,0.8053,1939,586,1951,620,408,1944
477,47.565,18,Bottle,0.7881,1944,598,1954,623,250,1944
478,47.665,18,Bottle,0.8002,1946,598,1956,623,250,1944
478,47.665,18,Bottle,0.7899,1942,586,1953,619,363,1944
478,47.665,18,Cigarette,0.2985,614,633,649,649,560,
479,47.765,18,Bottle,0.7866,1948,597,1958,623,260,1944
479,47.765,18,Bottle,0.4664,1944,586,1955,621,385,1944
479,47.765,18,Bottle,0.3135,2299,611,2326,649,1026,
479,47.765,18,Cigarette,0.3000,606,631,636,648,510,
479,47.765,18,Bottle,0.2611,1934,587,1946,621,408,1944
480,47.865,18,Bottle,0.5101,1947,600,1957,625,250,1944
480,47.865,18,Bottle,0.4291,1942,588,1954,623,420,1944
480,47.865,18,Bottle,0.3272,1932,588,1947,622,510,1944
480,47.865,18,Cigarette,0.2954,606,631,641,649,630,
481,47.965,18,Bottle,0.7307,1934,587,1944,621,340,1944
481,47.965,18,Bottle,0.3702,1947,595,1956,624,261,1944
481,47.965,18,Cigarette,0.2523,1134,391,1149,403,180,
482,48.065,18,Bottle,0.5280,1934,588,1945,621,363,1944
482,48.065,18,Cigarette,0.4355,1161,411,1178,422,187,
482,48.065,18,Bottle,0.4237,1948,601,1957,624,207,1944
482,48.065,18,Bottle,0.3992,1944,586,1956,621,420,1944
482,48.065,18,Cigarette,0.2576,605,632,640,648,560,
483,48.165,18,Bottle,0.5052,1948,601,1957,624,207,1944
483,48.165,18,Bottle,0.4936,1945,586,1956,621,385,1944
483,48.165,18,Cigarette,0.4749,791,479,830,501,858,
483,48.165,18,Bottle,0.4431,1934,588,1945,621,363,1944
483,48.165,18,Cigarette,0.2818,1189,430,1205,441,176,
484,48.265,18,Bottle,0.8351,828,232,837,257,225,2287
484,48.265,18,Bottle,0.7410,1944,587,1955,622,385,1944
484,48.265,18,Cigarette,0.4694,1220,451,1234,461,140,
484,48.265,18,Bottle,0.4217,1947,596,1956,624,252,1944
484,48.265,18,Cigarette,0.4114,791,479,831,501,880,
484,48.265,18,Bottle,0.2663,1934,588,1944,621,330,1944
484,48.265,18,Bottle,0.2618,850,252,863,277,325,2287
485,48.365,18,Bottle,0.7189,1943,587,1954,621,374,1944
485,48.365,18,Bottle,0.7155,831,236,841,261,250,2287
485,48.365,18,Cigarette,0.4790,790,479,830,502,920,
485,48.365,18,Bottle,0.4490,1079,355,1087,368,104,2291
486,48.465,18,Cigarette,0.4879,790,479,831,503,984,
487,48.565,18,Cigarette,0.4934,793,479,832,503,936,
487,48.565,18,Cigarette,0.3009,605,632,638,649,561,
488,48.665,18,Cigarette,0.5033,793,479,831,504,950,
488,48.665,18,Cigarette,0.3212,605,632,636,648,496,
488,48.665,18,Cigarette,0.2880,1427,844,1528,861,1717,
489,48.765,18,Bottle,0.3839,1102,268,1115,288,260,2291
489,48.765,18,Cigarette,0.3647,605,632,639,649,578,
489,48.765,18,Cigarette,0.3008,788,479,830,501,924,
490,48.865,18,Cigarette,0.3434,605,632,638,649,561,
490,48.865,18,Cigarette,0.3430,789,479,829,500,840,
491,48.965,18,Bottle,0.7889,1252,720,1304,864,7488,
491,48.965,18,Bottle,0.7099,1942,586,1954,620,408,1944
491,48.965,18,Cigarette,0.4192,605,632,637,650,576,
491,48.965,18,Bottle,0.2969,1933,516,1944,532,176,1944
491,48.965,18,Bottle,0.2618,1947,599,1956,623,216,1944
492,49.065,18,Bottle,0.5000,1942,584,1955,620,468,1944
492,49.065,18,Bottle,0.4994,1933,516,1944,532,176,1944
492,49.065,18,Cigarette,0.4491,606,632,638,650,576,
492,49.065,18,Bottle,0.4277,899,292,924,302,250,2334
492,49.065,18,Bottle,0.2808,1947,596,1957,623,270,1944
493,49.165,18,Bottle,0.6599,1940,585,1953,620,455,1944
493,49.165,18,Bottle,0.6268,1931,516,1944,532,208,1944
493,49.165,18,Cigarette,0.4949,609,631,648,650,741,
493,49.165,18,Cigarette,0.3810,1722,826,1745,841,345,
494,49.265,18,Cigarette,0.4059,606,630,643,650,740,
494,49.265,18,Cigarette,0.3483,791,479,825,495,544,
494,49.265,18,Cigarette,0.3045,2210,1369,2285,1440,5325,
495,49.365,18,Bottle,0.7123,1927,518,1943,536,288,1944
495,49.365,18,Bottle,0.5563,1942,584,1955,623,507,1944
495,49.365,18,Cigarette,0.3590,611,634,652,652,738,
495,49.365,18,Cigarette,0.2571,785,400,819,418,612,
496,49.465,18,Bottle,0.7107,1927,517,1940,537,260,1944
496,49.465,18,Bottle,0.5373,1938,582,1952,619,518,1944
496,49.465,18,Cigarette,0.3662,608,631,650,651,840,
497,49.565,18,Bottle,0.6651,1939,584,1954,622,570,1944
497,49.565,18,Bottle,0.5100,1927,519,1940,539,260,1944
497,49.565,18,Bottle,0.3079,1930,577,1941,599,242,1944
497,49.565,18,Cigarette,0.3073,785,401,820,418,595,
498,49.665,18,Bottle,0.6818,1941,584,1954,622,494,1944
498,49.665,18,Cigarette,0.4330,1580,1030,1601,1061,651,
498,49.665,18,Cigarette,0.2544,611,632,654,652,860,
499,49.765,18,Bottle,0.5336,1938,584,1951,620,468,1944
499,49.765,18,Bottle,0.4412,1943,594,1954,622,308,1944
499,49.765,18,Cigarette,0.3943,2473,1413,2493,1438,500,
499,49.765,18,Cigarette,0.2507,610,633,653,652,817,
500,49.865,18,Bottle,0.4385,1993,622,2009,635,208,1881
500,49.865,18,Bottle,0.3242,1457,640,1494,718,2886,
500,49.865,18,Cigarette,0.2806,609,633,652,652,817,
501,49.965,18,Bottle,0.7917,1940,584,1949,619,315,1944
501,49.965,18,Bottle,0.6240,1944,600,1953,623,207,1944
501,49.965,18,Cigarette,0.4224,610,632,654,652,880,
502,50.065,18,Cigarette,0.4326,610,632,654,652,880,
502,50.065,18,Bottle,0.3831,966,349,982,386,592,2334
502,50.065,18,Cigarette,0.2747,784,402,822,418,608,
503,50.165,18,Cigarette,0.5731,606,630,647,652,902,
503,50.165,18,Cigarette,0.2500,1508,576,1533,587,275,
504,50.265,18,Cigarette,0.4904,605,631,647,652,882,
504,50.265,18,Bottle,0.2868,986,365,1006,404,780,2334
504,50.265,18,Bottle,0.2860,1708,521,1750,585,2688,
504,50.265,18,Bottle,0.2707,1499,677,1546,758,3807,
505,50.365,18,Cigarette,0.5047,604,630,644,651,840,
505,50.365,18,Bottle,0.4649,1324,626,1343,668,798,2364
505,50.365,18,Bottle,0.2808,1225,481,1239,499,252,2364
506,50.465,18,Cigarette,0.5565,603,629,642,649,780,
507,50.565,18,Cigarette,0.5378,604,628,641,648,740,
507,50.565,18,Bottle,0.5339,1880,794,1902,863,1518,2262
507,50.565,18,Bottle,0.3927,1822,794,1846,864,1680,2262
507,50.565,18,Bottle,0.3912,1934,588,1945,619,341,1944
507,50.565,18,Cigarette,0.2831,1670,799,1700,822,690,2262
508,50.665,18,Bottle,0.6982,1942,583,1952,619,360,1944
508,50.665,18,Cigarette,0.5493,604,629,641,649,740,
508,50.665,18,Bottle,0.4160,1696,800,1749,864,3392,2481
508,50.665,18,Bottle,0.3932,1934,586,1945,620,374,1944
508,50.665,18,Bottle,0.2875,1986,662,2007,702,840,1881
509,50.765,18,Bottle,0.6831,1941,583,1952,619,396,1944
509,50.765,18,Bottle,0.6611,1927,522,1939,541,228,1944
509,50.765,18,Cigarette,0.5521,602,628,638,647,684,
509,50.765,18,Bottle,0.4959,1946,599,1954,622,184,1944
510,50.865,18,Bottle,0.7404,1941,583,1951,619,360,1944
510,50.865,18,Bottle,0.5201,1946,598,1956,622,240,1944
510,50.865,18,Cigarette,0.5007,603,628,638,648,700,
510,50.865,18,Bottle,0.4569,1926,521,1939,540,247,1944
510,50.865,18,Bottle,0.4327,1404,769,1443,864,3705,2364
510,50.865,18,Bottle,0.2872,1991,666,2009,701,630,2489
510,50.865,18,Cigarette,0.2574,1440,536,1445,540,20,2415
511,50.965,18,Bottle,0.8161,1930,589,1942,620,372,1944
511,50.965,18,Bottle,0.6364,1942,585,1953,622,407,1944
511,50.965,18,Cigarette,0.4255,605,630,640,648,630,
511,50.965,18,Bottle,0.3336,2188,1259,2262,1377,8732,
512,51.065,18,Bottle,0.6681,1929,588,1941,620,384,1944
512,51.065,18,Bottle,0.6166,1941,586,1953,620,408,1944
512,51.065,18,Bottle,0.4880,1943,597,1955,623,312,1944
512,51.065,18,Cigarette,0.3173,604,630,639,647,595,
513,51.165,18,Bottle,0.7135,1929,588,1942,620,416,1944
513,51.165,18,Bottle,0.6271,1941,584,1953,620,432,1944
513,51.165,18,Bottle,0.5349,1944,598,1956,623,300,1944
513,51.165,18,Bottle,0.4258,1520,779,1561,862,3403,
513,51.165,18,Cigarette,0.3025,603,631,639,648,612,
513,51.165,18,Bottle,0.2907,1924,520,1937,541,273,1944
514,51.265,18,Bottle,0.7496,1930,586,1943,620,442,1944
514,51.265,18,Bottle,0.4413,1945,598,1956,623,275,1944
514,51.265,18,Bottle,0.4182,1942,585,1953,619,374,1944
514,51.265,18,Cigarette,0.3475,603,631,639,648,612,
515,51.365,18,Bottle,0.5572,1929,585,1943,620,490,1944
515,51.365,18,Bottle,0.4339,1944,597,1955,623,286,1944
515,51.365,18,Bottle,0.3816,1942,584,1953,619,385,1944
515,51.365,18,Cigarette,0.3753,602,631,638,648,612,
515,51.365,18,Bottle,0.2930,1680,651,1707,680,783,2415
515,51.365,18,Bottle,0.2638,1535,831,1569,884,1802,2415
516,51.465,18,Bottle,0.8002,1942,584,1953,620,396,1944
516,51.465,18,Bottle,0.5757,1946,598,1957,624,286,1944
516,51.465,18,Bottle,0.5482,1743,692,1776,726,1122,2415
516,51.465,18,Bottle,0.5027,1930,588,1943,620,416,1944
516,51.465,18,Cigarette,0.4787,604,631,640,648,612,
516,51.465,18,Cigarette,0.2717,2418,1391,2469,1440,2499,
517,51.565,18,Bottle,0.8125,1930,587,1943,620,429,1944
517,51.565,18,Bottle,0.7915,1942,584,1953,619,385,1944
517,51.565,18,knife,0.5331,2154,1257,2177,1282,575,2364
517,51.565,18,Cigarette,0.3968,1822,837,1844,864,594,2415
517,51.565,18,Cigarette,0.3411,604,632,643,648,624,
517,51.565,18,Bottle,0.2862,1945,596,1958,623,351,1944
517,51.565,18,Bottle,0.2584,1813,740,1849,781,1476,2415
518,51.665,18,Bottle,0.7703,1930,585,1941,619,374,1944
518,51.665,18,Bottle,0.7220,1942,582,1952,619,370,1944
518,51.665,18,Bottle,0.5385,1945,597,1956,622,275,1944
518,51.665,18,Bottle,0.3709,893,130,917,185,1320,
518,51.665,18,knife,0.3325,2271,1356,2294,1379,529,2364
518,51.665,18,Cigarette,0.2957,604,632,644,648,640,
519,51.765,18,Bottle,0.7730,1941,583,1952,619,396,1944
519,51.765,18,Bottle,0.7686,1930,585,1942,620,420,1944
519,51.765,18,Cigarette,0.4247,604,631,641,648,629,
519,51.765,18,Bottle,0.3642,1348,552,1380,604,1664,2334
519,51.765,18,Bottle,0.3094,1986,639,1994,659,160,1881
519,51.765,18,Bottle,0.2832,1374,803,1398,858,1320,
519,51.765,18,Bottle,0.2830,1944,595,1957,623,364,1944
520,51.865,18,Bottle,0.6551,1941,583,1951,619,360,1944
520,51.865,18,Bottle,0.6353,1929,583,1941,618,420,1944
520,51.865,18,Bottle,0.3619,1944,596,1956,621,300,1944
520,51.865,18,Cigarette,0.3318,603,631,637,648,578,
520,51.865,18,Bottle,0.3013,2008,1251,2050,1330,3318,
521,51.965,18,Cigarette,0.2831,604,631,637,647,528,
521,51.965,18,Bottle,0.2525,1925,517,1944,553,684,1944
522,52.065,18,Bottle,0.5073,2071,1285,2114,1393,4644,2510
522,52.065,18,Cigarette,0.3754,603,629,637,647,612,
522,52.065,18,Bottle,0.3661,1945,598,1952,621,161,1944
522,52.065,18,Bottle,0.3647,2102,1273,2144,1339,2772,2510
522,52.065,18,Bottle,0.2869,2235,1315,2274,1367,2028,2510
522,52.065,18,Bottle,0.2670,1924,528,1939,553,375,1944
523,52.165,18,Cigarette,0.5400,604,627,641,648,777,
523,52.165,18,Bottle,0.4552,1944,599,1953,621,198,1944
523,52.165,18,Bottle,0.4531,2080,1281,2115,1335,1890,
523,52.165,18,Bottle,0.4366,1942,584,1951,618,306,1944
523,52.165,18,Bottle,0.3561,1111,241,1133,318,1694,
523,52.165,18,Bottle,0.3489,2125,1356,2173,1435,3792,2518
523,52.165,18,Cigarette,0.2968,2329,1427,2345,1431,64,2518
523,52.165,18,Cigarette,0.2600,787,479,823,500,756,
524,52.265,18,Cigarette,0.5316,605,628,642,649,777,
524,52.265,18,Cigarette,0.3913,2386,1106,2402,1114,128,2527
524,52.265,18,Bottle,0.3674,1423,778,1462,862,3276,
524,52.265,18,Bottle,0.3517,1942,585,1951,620,315,1944
524,52.265,18,Bottle,0.3088,2461,1329,2496,1440,3885,
524,52.265,18,Bottle,0.2972,1944,599,1953,620,189,1944
524,52.265,18,Bottle,0.2884,1992,620,2008,633,208,1881
525,52.365,18,Cigarette,0.4989,605,628,643,650,836,
525,52.365,18,Bottle,0.3784,1942,584,1951,620,324,1944
525,52.365,18,Bottle,0.2605,1992,619,2008,632,208,1881
526,52.465,18,Bottle,0.5243,1944,598,1953,621,207,1944
526,52.465,18,Bottle,0.5233,1942,585,1952,620,350,1944
526,52.465,18,Cigarette,0.5053,605,627,643,650,874,
526,52.465,18,knife,0.2862,2512,1378,2529,1424,782,2272
527,52.565,18,Bottle,0.7290,1944,594,1954,620,260,1944
527,52.565,18,Bottle,0.6208,1941,583,1950,618,315,1944
527,52.565,18,Cigarette,0.4520,605,627,643,649,836,
528,52.665,18,Bottle,0.7514,1933,530,1948,552,330,1944
528,52.665,18,Cigarette,0.7437,1964,1075,1974,1084,90,2334
528,52.665,18,Bottle,0.7211,1940,584,1949,618,306,1944
528,52.665,18,Bottle,0.5105,1944,594,1954,620,260,1944
528,52.665,18,Cigarette,0.4216,604,626,643,649,897,
529,52.765,18,Bottle,0.7739,1944,594,1954,620,260,1944
529,52.765,18,Bottle,0.4755,1941,583,1950,618,315,1944
529,52.765,18,Cigarette,0.4148,604,626,642,648,836,
530,52.865,18,Bottle,0.8150,1944,595,1955,620,275,1944
530,52.865,18,Cigarette,0.4570,603,624,640,647,851,
530,52.865,18,Bottle,0.4040,1931,1152,1987,1230,4368,2334
530,52.865,18,Bottle,0.3759,1863,1291,1910,1427,6392,
530,52.865,18,Bottle,0.3739,2020,1271,2042,1329,1276,2334
531,52.965,18,Bottle,0.7477,2163,1373,2188,1437,1600,2510
531,52.965,18,Cigarette,0.5841,604,629,644,651,880,
531,52.965,18,Bottle,0.5823,1944,597,1953,621,216,1944
531,52.965,18,Bottle,0.5541,1929,536,1941,545,108,1944
531,52.965,18,Bottle,0.4176,1930,586,1941,617,341,1944
531,52.965,18,Bottle,0.3514,1931,579,1940,597,162,1944
531,52.965,18,Bottle,0.2910,2184,1403,2209,1438,875,2510
532,53.065,18,Cigarette,0.5700,604,629,644,651,880,
532,53.065,18,Bottle,0.5314,1939,584,1949,618,340,1944
532,53.065,18,Bottle,0.5017,1944,598,1953,621,207,1944
532,53.065,18,Bottle,0.4036,1928,582,1941,618,468,1944
533,53.165,18,Bottle,0.6751,1943,599,1953,621,220,1944
533,53.165,18,Cigarette,0.5438,604,629,645,651,902,
533,53.165,18,Bottle,0.3957,1928,582,1941,618,468,1944
533,53.165,18,Bottle,0.3934,1944,545,1954,575,300,1944
533,53.165,18,Bottle,0.2663,1939,584,1949,619,350,1944
534,53.265,18,Bottle,0.6423,1943,593,1954,621,308,1944
534,53.265,18,Bottle,0.6298,1928,585,1941,618,429,1944
534,53.265,18,Cigarette,0.5440,604,629,644,651,880,
534,53.265,18,Bottle,0.4987,1940,584,1949,619,315,1944
535,53.365,18,Bottle,0.6224,1927,579,1941,618,546,1944
535,53.365,18,Cigarette,0.5398,604,629,644,651,880,
535,53.365,18,Bottle,0.5380,1940,583,1949,618,315,1944
535,53.365,18,Bottle,0.2941,1944,592,1953,621,261,1944
536,53.465,18,Bottle,0.6586,1927,572,1942,618,690,1944
536,53.465,18,Bottle,0.6263,1939,583,1950,618,385,1944
536,53.465,18,Cigarette,0.5571,604,629,644,651,880,
536,53.465,18,Bottle,0.3576,1944,591,1954,621,300,1944
537,53.565,18,Bottle,0.7441,1939,582,1950,617,385,1944
537,53.565,18,Bottle,0.5988,1944,597,1954,621,240,1944
537,53.565,18,Cigarette,0.5652,604,629,644,651,880,
537,53.565,18,Bottle,0.5044,1930,571,1942,598,324,1944
537,53.565,18,Bottle,0.3905,1927,574,1942,618,660,1944
537,53.565,18,Bottle,0.3142,1930,581,1949,618,703,1944
537,53.565,18,Bottle,0.2683,1951,524,1963,543,228,1944
538,53.665,18,Cigarette,0.5701,604,629,644,651,880,
538,53.665,18,Bottle,0.3788,1928,572,1942,618,644,1944
538,53.665,18,Bottle,0.3775,1944,596,1954,621,250,1944
538,53.665,18,Bottle,0.3571,1938,582,1949,618,396,1944
539,53.765,18,Cigarette,0.5953,603,629,643,650,840,
539,53.765,18,Bottle,0.4482,1938,584,1950,618,408,1944
539,53.765,18,Bottle,0.3771,1944,597,1953,621,216,1944
539,53.765,18,Bottle,0.3470,1927,578,1942,618,600,1944
540,53.865,18,Cigarette,0.5977,603,629,643,650,840,
540,53.865,18,Bottle,0.4586,1938,585,1950,618,396,1944
540,53.865,18,Bottle,0.3818,1927,583,1944,618,595,1944
541,53.965,18,Bottle,0.7943,1944,598,1953,620,198,1944
541,53.965,18,Bottle,0.6698,1941,585,1950,619,306,1944
541,53.965,18,Bottle,0.5775,1930,584,1941,618,374,1944
541,53.965,18,Cigarette,0.4722,604,629,639,648,665,
542,54.065,18,Bottle,0.7717,1945,597,1954,620,207,1944
542,54.065,18,Bottle,0.7246,1941,584,1953,618,408,1944
542,54.065,18,Bottle,0.6518,1930,584,1941,617,363,1944
542,54.065,18,Bottle,0.2525,1099,191,1118,219,532,
543,54.165,18,Bottle,0.7777,1945,599,1954,621,198,1944
543,54.165,18,Bottle,0.7559,1941,585,1950,619,306,1944
543,54.165,18,Cigarette,0.3823,604,628,635,648,620,
543,54.165,18,Bottle,0.3001,1930,586,1942,618,384,1944
544,54.265,18,Bottle,0.8307,1945,599,1954,621,198,1944
544,54.265,18,Bottle,0.5123,1941,583,1951,619,360,1944
544,54.265,18,Cigarette,0.3692,604,628,633,647,551,
544,54.265,18,Bottle,0.3677,1929,585,1942,618,429,1944
544,54.265,18,Bottle,0.3199,1993,620,2014,634,294,1881
544,54.265,18,Bottle,0.2927,1961,664,1989,690,728,1881
545,54.365,18,Bottle,0.7984,1945,598,1954,621,207,1944
545,54.365,18,Bottle,0.5968,1941,584,1951,619,350,1944
545,54.365,18,Bottle,0.5216,1994,607,2010,634,432,1881
545,54.365,18,Cigarette,0.3054,604,629,632,647,504,
545,54.365,18,Bottle,0.2932,1932,574,1943,596,242,1944
546,54.465,18,Bottle,0.8143,1945,598,1954,621,207,1944
546,54.465,18,Bottle,0.7059,1940,585,1950,618,330,1944
546,54.465,18,Bottle,0.6201,1995,609,2010,635,390,1881
546,54.465,18,Cigarette,0.3067,604,630,633,648,522,
546,54.465,18,Bottle,0.2521,1931,574,1943,597,276,1944
547,54.565,18,Bottle,0.8214,1945,599,1954,621,198,1944
547,54.565,18,Bottle,0.6790,1940,585,1950,619,340,1944
547,54.565,18,Bottle,0.4506,1930,585,1941,618,363,1944
547,54.565,18,Cigarette,0.3027,604,630,634,648,540,
548,54.665,18,Bottle,0.7485,1944,598,1954,620,220,1944
548,54.665,18,Bottle,0.5218,1940,585,1950,618,330,1944
548,54.665,18,Bottle,0.2939,1994,610,2009,633,345,1881
548,54.665,18,Cigarette,0.2572,605,630,635,648,540,
549,54.765,18,Bottle,0.8048,1945,597,1954,620,207,1944
549,54.765,18,Bottle,0.7090,1940,585,1950,618,330,1944
549,54.765,18,Bottle,0.5346,1994,607,2010,634,432,1881
549,54.765,18,Bottle,0.4547,1930,585,1942,618,396,1944
549,54.765,18,Bottle,0.2709,1099,192,1117,219,486,
550,54.865,18,Bottle,0.7702,1943,598,1953,620,220,1944
550,54.865,18,Bottle,0.6353,1940,582,1950,618,360,1944
550,54.865,18,Cigarette,0.4273,606,630,644,649,722,
550,54.865,18,Bottle,0.3744,1928,583,1942,617,476,1944
551,54.965,18,Cigarette,0.4553,605,630,644,648,702,
552,55.065,18,Bottle,0.6457,1926,584,1939,618,442,1944
552,55.065,18,Bottle,0.5980,1938,584,1948,618,340,1944
552,55.065,18,Bottle,0.3401,1982,656,2003,699,903,1881
553,55.165,18,Bottle,0.6726,1926,584,1939,618,442,1944
553,55.165,18,Bottle,0.6335,1937,584,1948,617,363,1944
553,55.165,18,Bottle,0.4912,1942,595,1952,620,250,1944
553,55.165,18,Bottle,0.3598,1980,656,2003,699,989,1881
554,55.265,18,Bottle,0.6467,1926,585,1939,618,429,1944
554,55.265,18,Bottle,0.6014,1937,585,1947,618,330,1944
554,55.265,18,Bottle,0.4409,1980,656,2003,699,989,1881
554,55.265,18,Bottle,0.3997,1942,594,1952,620,260,1944
555,55.365,18,Bottle,0.6723,1926,579,1940,617,532,1944
555,55.365,18,Bottle,0.5912,1942,596,1952,619,230,1944
555,55.365,18,Bottle,0.3402,1927,576,1940,596,260,1944
555,55.365,18,Bottle,0.3286,1937,579,1948,617,418,1944
556,55.465,18,Bottle,0.5318,1926,580,1939,617,481,1944
556,55.465,18,Bottle,0.4507,1937,580,1949,616,432,1944
556,55.465,18,Bottle,0.4069,1943,595,1952,618,207,1944
556,55.465,18,Bottle,0.3012,1992,616,2007,633,255,1881
556,55.465,18,Bottle,0.2517,1928,576,1940,596,240,1944
557,55.565,18,Bottle,0.5367,1926,577,1940,617,560,1944
557,55.565,18,Bottle,0.4133,1927,576,1939,595,228,1944
557,55.565,18,Bottle,0.3751,1942,596,1952,619,230,1944
558,55.665,18,Bottle,0.5493,1942,596,1952,619,230,1944
558,55.665,18,Bottle,0.5305,1927,578,1940,617,507,1944
558,55.665,18,Bottle,0.2533,1980,652,2003,697,1035,1881
559,55.765,18,Bottle,0.3167,1928,574,1940,596,264,1944
559,55.765,18,Bottle,0.2576,1942,596,1952,619,230,1944
560,55.865,18,Bottle,0.5755,1942,596,1952,619,230,1944
560,55.865,18,Bottle,0.3055,1926,579,1940,617,532,1944
560,55.865,18,Bottle,0.2857,1936,578,1949,617,507,1944
561,55.965,18,Bottle,0.6346,1938,582,1948,616,340,1944
561,55.965,18,Bottle,0.6113,1926,582,1937,616,374,1944
561,55.965,18,Bottle,0.5203,1942,597,1951,618,189,1944
562,56.065,18,Bottle,0.5084,1927,581,1937,617,360,1944
562,56.065,18,Bottle,0.5083,1938,581,1948,617,360,1944
562,56.065,18,Bottle,0.4560,1943,558,1958,586,420,1944
563,56.165,18,Bottle,0.5826,1927,581,1938,617,396,1944
563,56.165,18,Bottle,0.5398,1938,582,1948,617,350,1944
563,56.165,18,Bottle,0.3461,1944,557,1959,586,435,1944
563,56.165,18,Bottle,0.2929,1942,595,1952,618,230,1944
564,56.265,18,Bottle,0.7340,1938,580,1947,617,333,1944
564,56.265,18,Bottle,0.7317,1926,581,1938,616,420,1944
564,56.265,18,Bottle,0.4516,1942,557,1958,586,464,1944
565,56.365,18,Bottle,0.7183,1937,583,1947,617,340,1944
565,56.365,18,Bottle,0.6684,1925,582,1938,617,455,1944
565,56.365,18,Bottle,0.5273,1942,556,1960,587,558,1944
565,56.365,18,Bottle,0.3359,1940,590,1950,619,290,1944
566,56.465,18,Bottle,0.7251,1925,581,1937,616,420,1944
566,56.465,18,Bottle,0.7009,1937,584,1947,617,330,1944
566,56.465,18,Bottle,0.5525,1942,559,1958,586,432,1944
567,56.565,18,Bottle,0.7324,1925,581,1938,616,455,1944
567,56.565,18,Bottle,0.6818,1937,580,1947,617,370,1944
567,56.565,18,Bottle,0.6753,1942,556,1960,587,558,1944
568,56.665,18,Bottle,0.7789,1937,584,1947,618,340,1944
568,56.665,18,Bottle,0.4024,1942,559,1957,586,405,1944
568,56.665,18,Bottle,0.3669,1941,593,1951,619,260,1944
568,56.665,18,Bottle,0.3085,1989,617,2006,633,272,1881
568,56.665,18,Bottle,0.2951,1925,582,1937,617,420,1944
569,56.765,18,Bottle,0.7495,1936,584,1946,617,330,1944
569,56.765,18,Bottle,0.5749,1925,582,1937,616,408,1944
569,56.765,18,Bottle,0.5156,1941,593,1951,619,260,1944
569,56.765,18,Bottle,0.4445,1942,559,1957,586,405,1944
570,56.865,18,Bottle,0.7538,1936,584,1946,617,330,1944
570,56.865,18,Bottle,0.5278,1942,558,1956,586,392,1944
570,56.865,18,Bottle,0.4769,1925,582,1937,617,420,1944
570,56.865,18,Bottle,0.4696,1859,1290,2137,1353,17514,
570,56.865,18,Bottle,0.4102,1940,591,1951,619,308,1944
570,56.865,18,Bottle,0.3676,1989,616,2006,632,272,1881
571,56.965,18,Bottle,0.7347,1936,584,1947,617,363,1944
571,56.965,18,Bottle,0.3332,1935,548,1948,572,312,1944
571,56.965,18,Bottle,0.3078,1860,1294,2077,1339,9765,2682
572,57.065,18,Bottle,0.8319,1938,585,1949,618,363,1944
572,57.065,18,Bottle,0.3145,1926,584,1938,618,408,1944
572,57.065,18,Cigarette,0.2984,601,631,637,650,684,
572,57.065,18,Bottle,0.2743,1928,574,1939,597,253,1944
573,57.165,18,Bottle,0.6353,1937,586,1947,616,300,1944
573,57.165,18,Cigarette,0.2631,600,631,632,647,512,
574,57.265,18,Cigarette,0.5778,1686,1412,1712,1439,702,
574,57.265,18,Bottle,0.4854,1867,1293,2051,1335,7728,2682
574,57.265,18,Cigarette,0.2703,600,631,633,648,561,
575,57.365,18,Cigarette,0.3153,601,631,636,648,595,
575,57.365,18,Bottle,0.2721,1914,1297,2046,1330,4356,2682
576,57.465,18,Cigarette,0.3084,600,631,635,648,595,
577,57.565,18,knife,0.6374,1559,1314,1606,1360,2162,2692
577,57.565,18,Bottle,0.6216,1499,580,1535,676,3456,
577,57.565,18,Cigarette,0.3306,1517,1394,1535,1440,828,2692
577,57.565,18,Cigarette,0.2619,601,632,636,649,595,
578,57.665,18,Cigarette,0.2637,601,631,635,648,578,
578,57.665,18,Bottle,0.2607,1649,1362,1722,1434,5256,2682
579,57.765,18,Bottle,0.3250,1618,1367,1692,1423,4144,2682
579,57.765,18,Cigarette,0.3056,600,631,634,647,544,
579,57.765,18,knife,0.2902,1420,1330,1460,1437,4280,2692
580,57.865,18,Cigarette,0.3146,601,630,632,647,527,
581,57.965,18,knife,0.3867,1286,1320,1344,1345,1450,2692
581,57.965,18,Bottle,0.3211,1988,610,2001,632,286,1881
582,58.065,18,Bottle,0.5077,1984,612,1999,630,270,1881
583,58.165,18,Bottle,0.6631,1982,614,1997,629,225,1881
583,58.165,18,knife,0.6134,1666,1280,1714,1340,2880,2682
583,58.165,18,Bottle,0.3353,1516,1298,1536,1440,2840,2682
584,58.265,18,knife,0.5628,1358,1301,1425,1433,8844,2682
584,58.265,18,Bottle,0.4425,1509,1266,1598,1440,15486,2682
584,58.265,18,Cigarette,0.2678,1375,1323,1385,1335,120,2692
585,58.365,18,Bottle,0.4664,1503,1264,1599,1440,16896,2682
585,58.365,18,Bottle,0.4254,1501,1256,1535,1440,6256,2682
585,58.365,18,Cigarette,0.3801,1118,1392,1125,1399,49,2692
586,58.465,18,Cigarette,0.3619,1380,1296,1384,1310,56,2682
586,58.465,18,Bottle,0.3384,1453,1258,1536,1393,11205,2682
587,58.565,18,Bottle,0.2762,1058,1330,1097,1438,4212,2692
588,58.665,18,Bottle,0.7321,1934,585,1945,614,319,2709
588,58.665,18,Bottle,0.7016,1923,582,1935,616,408,2709
588,58.665,18,Bottle,0.3672,1939,595,1947,619,192,2709
590,58.865,18,Bottle,0.4186,1935,583,1944,614,279,2709
590,58.865,18,Bottle,0.3937,1923,576,1936,616,520,2709
591,58.965,18,Bottle,0.6086,1938,578,1945,594,112,2709
591,58.965,18,Bottle,0.4871,1939,592,1949,620,280,2709
591,58.965,18,Bottle,0.4520,1397,1097,1430,1191,3102,2682
592,59.065,18,Bottle,0.4648,1948,524,1959,541,187,1881
592,59.065,18,Bottle,0.4247,1933,577,1945,616,468,2709
592,59.065,18,Bottle,0.3789,1939,587,1950,620,363,2709
593,59.165,18,knife,0.4798,1085,1201,1143,1288,5046,2692
593,59.165,18,Bottle,0.3511,1933,579,1946,619,520,2709
593,59.165,18,knife,0.3307,1467,1048,1484,1138,1530,2682
593,59.165,18,Bottle,0.3284,1340,311,1366,360,1274,
594,59.265,18,Bottle,0.3755,1933,578,1946,618,520,2709
594,59.265,18,Bottle,0.2605,1031,1200,1090,1316,6844,2692
595,59.365,18,Bottle,0.5872,2069,904,2110,1017,4633,
595,59.365,18,Bottle,0.4101,1931,571,1946,617,690,2709
596,59.465,18,Bottle,0.5529,1932,574,1946,617,602,2709
597,59.565,18,Bottle,0.7069,1918,527,1932,548,294,2709
597,59.565,18,Bottle,0.4457,1932,574,1946,617,602,2709
598,59.665,18,Bottle,0.3999,1866,780,1897,859,2449,
598,59.665,18,Bottle,0.2829,1932,573,1946,618,630,2709
598,59.665,18,Cigarette,0.2554,1151,483,1182,517,1054,2722
599,59.765,18,Cigarette,0.5355,1345,1176,1355,1185,90,2682
599,59.765,18,knife,0.3568,1051,1204,1069,1232,504,2692
599,59.765,18,knife,0.3181,1216,945,1233,984,663,2682
600,59.865,18,Cigarette,0.2598,1053,1204,1070,1224,340,2692
601,59.965,18,Bottle,0.7570,1925,585,1937,618,396,2709
601,59.965,18,Bottle,0.7337,1940,600,1948,621,168,2709
601,59.965,18,Bottle,0.5711,1937,586,1946,618,288,2709
601,59.965,18,Bottle,0.3869,2289,818,2336,928,5170,
601,59.965,18,Cigarette,0.3241,1063,837,1104,862,1025,2692
601,59.965,18,Bottle,0.2751,1924,503,1944,528,500,2709
602,60.065,18,Bottle,0.7251,1926,585,1937,618,363,2709
602,60.065,18,Bottle,0.6597,1939,595,1949,621,260,2709
602,60.065,18,Bottle,0.5607,1376,716,1424,815,4752,
602,60.065,18,Bottle,0.5251,2289,819,2336,928,5123,
603,60.165,18,Bottle,0.5791,2288,818,2331,927,4687,
604,60.265,18,Bottle,0.3514,2287,817,2332,927,4950,
604,60.265,18,Cigarette,0.2822,1044,1131,1073,1164,957,2692
605,60.365,18,knife,0.3279,923,962,946,1056,2162,2692
605,60.365,18,Cigarette,0.2535,600,632,635,648,560,
606,60.465,18,Bottle,0.5645,1606,960,1640,1037,2618,
606,60.465,18,Cigarette,0.3172,1216,954,1221,967,65,2682
608,60.665,18,Bottle,0.4824,2435,1098,2460,1141,1075,2832
608,60.665,18,Bottle,0.4479,1823,1053,1852,1119,1914,
608,60.665,18,Bottle,0.2888,1975,921,2010,960,1365,
609,60.765,18,Bottle,0.6965,1936,583,1950,620,518,2709
609,60.765,18,Bottle,0.5591,1926,515,1938,528,156,2709
609,60.765,18,knife,0.4082,1859,1287,1869,1325,380,2840
609,60.765,18,Bottle,0.3194,1925,585,1938,618,429,2709
609,60.765,18,Bottle,0.2649,1383,318,1392,336,162,2833
610,60.865,18,knife,0.3294,1024,732,1087,864,8316,2692
611,60.965,18,knife,0.4562,955,970,1003,1049,3792,2692
611,60.965,18,Cigarette,0.3486,1191,995,1204,1003,104,2682
611,60.965,18,knife,0.3194,895,763,934,863,3900,2692
611,60.965,18,knife,0.3169,882,845,897,930,1275,2692
612,61.065,18,Bottle,0.6545,1954,663,1982,692,812,1881
612,61.065,18,Cigarette,0.5962,1211,581,1228,597,272,2682
613,61.165,18,knife,0.7967,1208,589,1233,637,1200,2682
613,61.165,18,Bottle,0.6129,1880,577,1943,663,5418,
613,61.165,18,Bottle,0.3793,1818,705,1861,783,3354,
614,61.265,18,Bottle,0.6548,1892,732,1906,769,518,2774
614,61.265,18,Bottle,0.2602,2019,507,2047,552,1260,1881
615,61.365,18,Bottle,0.7438,1939,594,1948,620,234,2709
615,61.365,18,Bottle,0.6454,1934,583,1944,617,340,2709
615,61.365,18,Bottle,0.4902,1816,686,1831,722,540,2774
615,61.365,18,Bottle,0.3656,1880,517,1899,543,494,2774
615,61.365,18,knife,0.2543,1113,847,1128,884,555,2682
616,61.465,18,Bottle,0.7160,1939,595,1949,620,250,2709
616,61.465,18,Bottle,0.5211,1429,514,1474,587,3285,2754
616,61.465,18,Bottle,0.3197,1935,582,1945,619,370,2709
616,61.465,18,Bottle,0.2950,2448,906,2512,1007,6464,
616,61.465,18,Bottle,0.2742,1920,514,1936,529,240,2709
617,61.565,18,Bottle,0.4469,2351,801,2378,862,1647,
617,61.565,18,Bottle,0.2690,1674,441,1687,466,325,2795
618,61.665,18,Cigarette,0.7268,1706,793,1720,798,70,2657
618,61.665,18,Bottle,0.3599,2347,803,2375,863,1680,
619,61.765,18,Bottle,0.7074,1930,582,1941,616,374,2709
619,61.765,18,Cigarette,0.6378,1697,891,1723,897,156,2657
619,61.765,18,Cigarette,0.3277,1681,893,1693,902,108,2657
619,61.765,18,Cigarette,0.2864,1802,863,1821,876,247,
619,61.765,18,Bottle,0.2801,1934,587,1945,618,341,2709
619,61.765,18,Bottle,0.2618,2447,909,2509,1008,6138,
620,61.865,18,Bottle,0.6132,1931,582,1942,616,374,2709
620,61.865,18,Bottle,0.4710,1067,763,1102,860,3395,2682
620,61.865,18,Bottle,0.4267,1905,551,1919,576,350,2709
620,61.865,18,Bottle,0.3150,1631,565,1641,596,310,2795
620,61.865,18,Bottle,0.2912,2290,812,2309,863,969,
620,61.865,18,Bottle,0.2901,2264,796,2287,861,1495,
621,61.965,18,Bottle,0.6700,1519,561,1552,637,2508,
621,61.965,18,Cigarette,0.5998,2053,1055,2061,1061,48,2722
621,61.965,18,Bottle,0.5991,1933,581,1942,616,315,2709
621,61.965,18,Bottle,0.5535,1936,597,1945,619,198,2709
621,61.965,18,Bottle,0.4980,1873,623,1886,646,299,2709
621,61.965,18,Bottle,0.3136,1976,651,1999,697,1058,1881
621,61.965,18,Bottle,0.2809,1610,440,1630,480,800,
621,61.965,18,Cigarette,0.2553,1554,1096,1562,1101,40,2840
622,62.065,18,Bottle,0.7880,1935,595,1943,619,192,2709
622,62.065,18,Bottle,0.7341,1932,581,1941,616,315,2709
622,62.065,18,Bottle,0.5492,1466,535,1494,601,1848,
622,62.065,18,Bottle,0.4317,1975,652,1997,696,968,1881
622,62.065,18,Bottle,0.2633,1430,334,1441,356,242,2828
623,62.165,18,Bottle,0.7974,1935,595,1943,619,192,2709
623,62.165,18,Bottle,0.7629,1932,581,1942,616,350,2709
623,62.165,18,Bottle,0.6058,1391,391,1403,412,252,2833
623,62.165,18,Bottle,0.5269,1416,506,1443,569,1701,
623,62.165,18,Bottle,0.5255,1975,651,1998,696,1035,1881
623,62.165,18,Bottle,0.2763,2339,803,2360,862,1239,
623,62.165,18,Cigarette,0.2639,2235,1398,2267,1436,1216,
624,62.265,18,Bottle,0.7289,1932,581,1942,615,340,2709
624,62.265,18,Bottle,0.6672,1935,595,1943,619,192,2709
624,62.265,18,Bottle,0.6125,1975,647,1999,695,1152,1881
624,62.265,18,Cigarette,0.3663,890,834,906,861,432,2692
624,62.265,18,Cigarette,0.3593,1555,1096,1562,1100,28,2840
624,62.265,18,Bottle,0.2972,1369,470,1397,538,1904,
624,62.265,18,Bottle,0.2782,1922,586,1933,616,330,2709
625,62.365,18,Bottle,0.7875,1932,581,1942,615,340,2709
625,62.365,18,knife,0.7257,1371,1235,1423,1292,2964,2840
625,62.365,18,Bottle,0.6506,1935,596,1944,619,207,2709
625,62.365,18,Bottle,0.6403,1976,648,2000,695,1128,1881
625,62.365,18,Bottle,0.5438,1918,526,1932,554,392,2709
625,62.365,18,Bottle,0.4102,1397,490,1428,559,2139,
625,62.365,18,Bottle,0.3308,1924,586,1933,616,270,2709
625,62.365,18,Cigarette,0.2761,857,838,892,857,665,2692
626,62.465,18,Bottle,0.7278,1932,581,1942,615,340,2709
626,62.465,18,Bottle,0.6008,1935,597,1944,619,198,2709
626,62.465,18,Bottle,0.4899,1975,649,1998,695,1058,1881
626,62.465,18,Bottle,0.4616,1924,588,1933,616,252,2709
626,62.465,18,Bottle,0.3218,1355,475,1378,532,1311,
626,62.465,18,Bottle,0.2973,1918,533,1933,553,300,2709
626,62.465,18,Bottle,0.2685,1051,805,1065,818,182,2682
626,62.465,18,Cigarette,0.2528,1065,843,1085,864,420,
627,62.565,18,Bottle,0.6982,1932,581,1942,616,350,2709
627,62.565,18,Bottle,0.6280,1051,801,1067,822,336,2682
627,62.565,18,Bottle,0.5827,1935,597,1944,618,189,2709
627,62.565,18,Bottle,0.4713,1975,650,1998,695,1035,1881
627,62.565,18,knife,0.3874,1280,1165,1401,1229,7744,2840
627,62.565,18,Bottle,0.2832,1314,449,1338,506,1368,
627,62.565,18,Cigarette,0.2609,596,633,638,651,756,
628,62.665,18,Bottle,0.7063,1932,580,1942,616,360,2709
628,62.665,18,Bottle,0.7055,1934,596,1943,618,198,2709
628,62.665,18,Bottle,0.4654,1975,650,1998,695,1035,1881
629,62.765,18,Bottle,0.6833,1932,581,1943,616,385,2709
629,62.765,18,Bottle,0.5535,1935,597,1944,619,198,2709
629,62.765,18,Bottle,0.5108,1976,648,1999,695,1081,1881
629,62.765,18,Cigarette,0.3061,594,630,631,650,740,
629,62.765,18,Cigarette,0.2964,1051,820,1088,864,1628,
630,62.865,18,Bottle,0.6731,1935,596,1944,619,207,2709
630,62.865,18,Bottle,0.6190,1932,580,1943,616,396,2709
630,62.865,18,Bottle,0.4967,2149,675,2169,687,240,2104
630,62.865,18,Bottle,0.4877,1975,650,1998,695,1035,1881
630,62.865,18,Cigarette,0.3953,2217,780,2232,792,180,2104
630,62.865,18,Cigarette,0.2916,839,797,856,807,170,2692
630,62.865,18,Cigarette,0.2827,593,630,630,649,703,
631,62.965,18,Bottle,0.6717,1932,579,1943,615,396,2709
631,62.965,18,Cigarette,0.3562,865,770,887,792,484,2692
631,62.965,18,Bottle,0.2799,1921,595,1932,616,231,2709
631,62.965,18,Cigarette,0.2678,596,630,636,650,800,
632,63.065,18,Bottle,0.6906,1933,580,1944,617,407,2709
632,63.065,18,Bottle,0.3213,1937,592,1948,619,297,2709
632,63.065,18,Bottle,0.2747,1976,649,1998,696,1034,1881
633,63.165,18,Bottle,0.8101,1933,580,1943,616,360,2709
633,63.165,18,Bottle,0.6696,861,723,890,764,1189,2692
633,63.165,18,Cigarette,0.4514,921,641,926,651,50,2692
633,63.165,18,Bottle,0.3647,1922,578,1935,616,494,2709
633,63.165,18,Bottle,0.2975,1939,593,1949,619,260,2709
634,63.265,18,Bottle,0.7302,1932,580,1944,617,444,2709
634,63.265,18,Cigarette,0.6761,843,777,860,794,289,2692
634,63.265,18,Bottle,0.3088,1065,158,1087,216,1276,
634,63.265,18,Bottle,0.3009,1921,583,1934,616,429,2709
634,63.265,18,knife,0.2746,797,488,818,492,84,2692
634,63.265,18,Bottle,0.2552,1976,645,1999,697,1196,1881
635,63.365,18,Bottle,0.6913,1932,580,1944,616,432,2709
635,63.365,18,Bottle,0.4881,1920,579,1935,616,555,2709
635,63.365,18,Cigarette,0.3963,838,752,859,789,777,2692
635,63.365,18,Bottle,0.2617,1938,593,1947,619,234,2709
636,63.465,18,Bottle,0.8344,1933,580,1944,617,407,2709
636,63.465,18,Bottle,0.5216,1940,594,1950,620,260,2709
636,63.465,18,Cigarette,0.4880,833,734,856,772,874,2692
636,63.465,18,Bottle,0.3632,1922,581,1934,617,432,2709
636,63.465,18,Cigarette,0.3059,1232,1038,1275,1092,2322,2840
636,63.465,18,Bottle,0.2901,2138,714,2156,749,630,2104
637,63.565,18,Bottle,0.7872,1931,579,1944,614,455,2709
637,63.565,18,Bottle,0.6996,1939,593,1949,618,250,2709
637,63.565,18,Bottle,0.6554,1920,580,1934,615,490,2709
637,63.565,18,Cigarette,0.2537,831,731,851,752,420,2692
638,63.665,18,Bottle,0.8425,1932,578,1945,616,494,2709
638,63.665,18,Bottle,0.5544,1921,585,1933,616,372,2709
638,63.665,18,knife,0.5018,1182,1010,1237,1029,1045,2840
639,63.765,18,Bottle,0.8344,1931,578,1943,616,456,2709
639,63.765,18,Bottle,0.7226,1216,723,1272,811,4928,2840
639,63.765,18,Bottle,0.3944,1921,578,1933,615,444,2709
639,63.765,18,Bottle,0.3329,2229,791,2257,860,1932,
639,63.765,18,Cigarette,0.3029,860,738,875,754,240,2692
640,63.865,18,Bottle,0.8248,1932,578,1943,616,418,2709
640,63.865,18,Bottle,0.3892,1204,716,1256,798,4264,2840
640,63.865,18,Bottle,0.3642,805,263,819,266,42,3053
640,63.865,18,Bottle,0.2709,2226,796,2256,861,1950,
641,63.965,18,Bottle,0.7153,1921,585,1934,616,403,2709
641,63.965,18,Cigarette,0.5486,1119,778,1126,791,91,2840
641,63.965,18,Bottle,0.5334,1933,581,1943,617,360,2709
641,63.965,18,Bottle,0.4050,2223,789,2251,859,1960,
641,63.965,18,Bottle,0.2995,1977,645,1999,697,1144,1881
641,63.965,18,Bottle,0.2736,1210,700,1238,765,1820,2840
642,64.065,18,Bottle,0.7194,1921,581,1934,616,455,2709
642,64.065,18,Bottle,0.4977,1935,589,1945,619,300,2709
642,64.065,18,Bottle,0.4838,2109,665,2118,690,225,2104
643,64.165,18,Bottle,0.7732,1921,584,1933,616,384,2709
643,64.165,18,Bottle,0.5254,1933,581,1942,617,324,2709
643,64.165,18,Bottle,0.4793,1935,590,1945,619,290,2709
643,64.165,18,Bottle,0.4077,1976,644,1997,695,1071,1881
643,64.165,18,Bottle,0.3694,1164,671,1212,751,3840,2840
643,64.165,18,Bottle,0.2652,2217,786,2245,857,1988,
644,64.265,18,Bottle,0.7557,1921,583,1933,616,396,2709
644,64.265,18,Bottle,0.5470,2102,663,2113,686,253,2104
644,64.265,18,Bottle,0.5201,1181,670,1208,723,1431,2840
644,64.265,18,Bottle,0.4655,1935,591,1945,619,280,2709
644,64.265,18,Bottle,0.4640,1242,465,1260,495,540,2851
644,64.265,18,Bottle,0.3514,1976,649,1997,695,966,1881
644,64.265,18,Bottle,0.3113,2215,782,2243,853,1988,
644,64.265,18,Bottle,0.2961,1230,770,1252,800,660,2840
645,64.365,18,Bottle,0.5289,1921,584,1933,616,384,2709
645,64.365,18,Bottle,0.4984,1986,563,1995,583,180,1881
645,64.365,18,Bottle,0.4245,837,633,860,680,1081,2692
645,64.365,18,Bottle,0.4027,1144,658,1193,731,3577,2840
645,64.365,18,Bottle,0.3432,1935,588,1944,619,279,2709
646,64.465,18,Bottle,0.7384,1988,560,1996,579,152,1881
646,64.465,18,Bottle,0.5429,1921,584,1933,616,384,2709
646,64.465,18,Bottle,0.5408,1935,583,1945,619,360,2709
646,64.465,18,Bottle,0.2767,1976,649,1997,695,966,1881
647,64.565,18,Bottle,0.5788,1921,584,1932,616,352,2709
647,64.565,18,Bottle,0.4990,1131,638,1180,710,3528,2840
647,64.565,18,Bottle,0.4900,959,660,984,685,625,2682
647,64.565,18,Bottle,0.4379,1934,582,1945,619,407,2709
647,64.565,18,Bottle,0.3080,1975,649,1996,696,987,1881
648,64.665,18,Bottle,0.6965,1127,632,1179,704,3744,2840
648,64.665,18,Bottle,0.6363,1921,583,1933,616,396,2709
648,64.665,18,Bottle,0.5359,1934,585,1944,619,340,2709
648,64.665,18,Bottle,0.4402,2091,658,2115,681,552,2104
648,64.665,18,Bottle,0.3887,1975,646,1997,696,1100,1881
649,64.765,18,Bottle,0.6776,1991,557,1999,576,152,1881
649,64.765,18,Bottle,0.6375,1931,581,1942,617,396,2709
649,64.765,18,Bottle,0.5356,1920,583,1932,616,396,2709
649,64.765,18,Bottle,0.5288,1119,618,1168,689,3479,2840
649,64.765,18,Bottle,0.2976,1934,593,1943,619,234,2709
649,64.765,18,Bottle,0.2891,1975,652,1996,696,924,1881
650,64.865,18,Bottle,0.7616,1110,610,1160,682,3600,2840
650,64.865,18,Bottle,0.4958,1919,583,1932,616,429,2709
651,64.965,18,Bottle,0.6697,1929,579,1940,615,396,2709
651,64.965,18,Bottle,0.4266,1099,606,1147,679,3504,2840
651,64.965,18,Cigarette,0.3289,2015,539,2020,543,20,1881
651,64.965,18,Bottle,0.2909,915,624,921,645,126,2682
652,65.065,18,Bottle,0.7922,1929,579,1940,615,396,2709
652,65.065,18,Bottle,0.6659,1089,597,1137,666,3312,2840
652,65.065,18,Cigarette,0.4202,2016,539,2020,543,16,1881
653,65.165,18,Bottle,0.7694,1929,578,1940,614,396,2709
653,65.165,18,Bottle,0.4556,1081,584,1128,652,3196,2840
653,65.165,18,Bottle,0.2744,1919,573,1932,614,533,2709
654,65.265,18,Bottle,0.8516,1072,576,1121,642,3234,2840
654,65.265,18,Bottle,0.8273,820,611,842,646,770,2692
654,65.265,18,Bottle,0.6338,1930,579,1941,615,396,2709
654,65.265,18,Cigarette,0.5978,2221,716,2227,726,60,3182
654,65.265,18,Bottle,0.3971,1920,578,1932,615,444,2709
654,65.265,18,Cigarette,0.3104,1677,1135,1708,1177,1302,3185
655,65.365,18,Bottle,0.8616,1065,569,1115,633,3200,2840
655,65.365,18,Bottle,0.5085,1930,579,1941,614,385,2709
655,65.365,18,Cigarette,0.3310,794,619,808,635,224,2692
655,65.365,18,Bottle,0.2534,1920,574,1933,614,520,2709
656,65.465,18,Bottle,0.8160,1062,566,1111,630,3136,2840
656,65.465,18,Bottle,0.7548,1933,594,1942,617,207,2709
656,65.465,18,Bottle,0.6404,1918,593,1931,614,273,2709
656,65.465,18,Bottle,0.6357,1929,579,1940,614,385,2709
656,65.465,18,Cigarette,0.3020,795,620,811,635,240,
657,65.565,18,Bottle,0.7311,1062,562,1110,625,3024,2840
658,65.665,18,Bottle,0.8461,1061,557,1109,619,2976,2840
658,65.665,18,Bottle,0.3125,813,570,832,608,722,2692
658,65.665,18,Bottle,0.2566,921,597,936,616,285,2682
659,65.765,18,Bottle,0.8133,1059,543,1106,605,2914,2840
659,65.765,18,Cigarette,0.3000,795,600,807,628,336,
660,65.865,18,Bottle,0.7771,1054,536,1099,597,2745,2840
660,65.865,18,Bottle,0.7029,1926,580,1937,615,385,2709
661,65.965,18,Bottle,0.7041,1933,597,1942,618,189,2709
661,65.965,18,Bottle,0.5315,1887,543,1899,571,336,2709
662,66.065,18,Bottle,0.4610,1932,597,1940,617,160,2709
662,66.065,18,Bottle,0.4396,1920,571,1929,594,207,2709
662,66.065,18,Cigarette,0.4388,811,584,827,601,272,2692
662,66.065,18,Bottle,0.4381,1038,526,1085,590,3008,2840
662,66.065,18,Bottle,0.2670,1918,578,1929,615,407,2709
663,66.165,18,Bottle,0.5613,1919,574,1930,615,451,2709
663,66.165,18,Bottle,0.3779,1932,597,1941,618,189,2709
663,66.165,18,Cigarette,0.3728,811,577,828,601,408,
663,66.165,18,Bottle,0.3511,1031,521,1074,582,2623,2840
664,66.265,18,Bottle,0.6708,1919,573,1931,615,504,2709
664,66.265,18,Bottle,0.4954,1057,704,1084,747,1161,2840
664,66.265,18,Bottle,0.3429,1931,579,1942,616,407,2709
665,66.365,18,Bottle,0.7201,1919,574,1930,615,451,2709
665,66.365,18,Bottle,0.6749,911,542,924,566,312,2682
665,66.365,18,Bottle,0.4404,1014,505,1056,563,2436,2840
665,66.365,18,Bottle,0.3011,1933,596,1943,617,210,2709
665,66.365,18,Bottle,0.2768,904,540,916,561,252,2682
666,66.465,18,Bottle,0.7196,1909,530,1930,564,714,2709
666,66.465,18,Bottle,0.6356,1005,499,1050,555,2520,2840
666,66.465,18,Bottle,0.3307,1933,596,1943,618,220,2709
667,66.565,18,Bottle,0.6924,1904,534,1927,564,690,2709
667,66.565,18,Bottle,0.4538,1906,511,1918,526,180,2709
667,66.565,18,Bottle,0.4123,1918,577,1930,615,456,2709
667,66.565,18,Bottle,0.3749,1933,597,1942,617,180,2709
667,66.565,18,Cigarette,0.3310,1518,537,1534,565,448,
668,66.665,18,Bottle,0.6610,1883,494,1911,520,728,2709
668,66.665,18,Bottle,0.6174,1906,564,1913,584,140,2709
668,66.665,18,Bottle,0.5647,1918,575,1931,615,520,2709
668,66.665,18,Bottle,0.2504,1505,484,1533,558,2072,
669,66.765,18,Bottle,0.7593,1918,574,1931,615,533,2709
669,66.765,18,Bottle,0.5302,997,682,1025,713,868,2840
669,66.765,18,Cigarette,0.4531,795,545,807,569,288,
670,66.865,18,Bottle,0.7118,1424,319,1432,343,192,3224
670,66.865,18,Bottle,0.5808,1917,575,1931,616,574,2709
670,66.865,18,Cigarette,0.4266,796,541,806,564,230,
670,66.865,18,Bottle,0.3223,945,325,956,370,495,2682
670,66.865,18,Bottle,0.2733,932,364,958,399,910,2682
670,66.865,18,Bottle,0.2513,1976,644,1998,692,1056,1881
671,66.965,18,Bottle,0.6918,1929,576,1938,614,342,2709
671,66.965,18,Bottle,0.5250,1356,397,1379,456,1357,3224
671,66.965,18,Bottle,0.3692,1413,446,1435,498,1144,
671,66.965,18,Cigarette,0.3470,795,532,804,563,279,
671,66.965,18,Bottle,0.3114,1933,596,1941,618,176,2709
672,67.065,18,Bottle,0.7491,1929,577,1938,615,342,2709
672,67.065,18,Bottle,0.4551,1918,585,1929,616,341,2709
672,67.065,18,Cigarette,0.4090,792,527,807,547,300,
672,67.065,18,Bottle,0.3534,1339,400,1360,441,861,3224
672,67.065,18,Bottle,0.3491,1390,424,1411,481,1197,
673,67.165,18,Bottle,0.7015,1929,577,1938,615,342,2709
673,67.165,18,Bottle,0.4074,1918,575,1930,616,492,2709
673,67.165,18,Cigarette,0.3119,804,531,816,545,168,
673,67.165,18,Cigarette,0.2798,2358,928,2380,949,462,
675,67.365,18,Cigarette,0.4897,945,645,965,657,240,2840
675,67.365,18,Cigarette,0.3568,795,525,809,540,210,
675,67.365,18,Cigarette,0.3318,1292,388,1305,404,208,
676,67.465,18,Cigarette,0.4790,946,644,965,655,209,2840
677,67.565,18,Cigarette,0.2945,944,639,965,654,315,2840
678,67.665,18,Cigarette,0.5353,946,645,965,654,171,2840
678,67.665,18,Cigarette,0.2943,1825,848,1845,864,320,
679,67.765,18,Cigarette,0.4639,935,643,955,654,220,2840
680,67.865,18,Cigarette,0.2523,956,616,959,622,18,2840
681,67.965,18,Bottle,0.6986,1917,588,1930,624,468,2709
681,67.965,18,Bottle,0.3257,1864,484,1872,501,136,2709
681,67.965,18,Bottle,0.3202,1929,586,1938,623,333,2709
681,67.965,18,knife,0.2652,1065,1182,1098,1307,4125,
682,68.065,18,Bottle,0.6059,1917,586,1929,621,420,2709
682,68.065,18,Bottle,0.3189,1928,583,1938,619,360,2709
683,68.165,18,Bottle,0.7646,1932,587,1941,621,306,2709
683,68.165,18,Bottle,0.7054,1920,586,1932,622,432,2709
683,68.165,18,Bottle,0.4255,1935,598,1946,625,297,2709
684,68.265,18,Bottle,0.5760,947,583,965,621,684,2840
684,68.265,18,Bottle,0.3897,1506,605,1532,664,1534,
685,68.365,18,Cigarette,0.4570,599,624,642,641,731,
685,68.365,18,Bottle,0.3445,1150,202,1158,219,136,3224
686,68.465,18,Cigarette,0.3421,602,623,648,641,828,
686,68.465,18,Bottle,0.3271,947,555,966,593,722,2840
687,68.565,18,Bottle,0.6354,1254,576,1283,647,2059,
687,68.565,18,Bottle,0.5062,1227,576,1253,631,1430,
687,68.565,18,Bottle,0.4419,1069,161,1090,205,924,
687,68.565,18,Bottle,0.4337,944,538,964,582,880,2840
688,68.665,18,Cigarette,0.4175,602,623,652,641,900,
688,68.665,18,Cigarette,0.3055,933,536,958,569,825,2840
688,68.665,18,Bottle,0.2651,1069,157,1089,201,880,
689,68.765,18,Bottle,0.3402,1152,248,1174,289,902,3224
690,68.865,18,Bottle,0.2561,929,551,946,563,204,2840
691,68.965,18,Cigarette,0.7217,914,303,917,308,15,2682
691,68.965,18,Bottle,0.3475,1070,149,1090,193,880,
692,69.065,18,Bottle,0.4689,1427,818,1454,863,1215,
692,69.065,18,Bottle,0.4116,1457,774,1490,859,2805,
692,69.065,18,Bottle,0.2550,914,515,941,543,756,2840
693,69.165,18,Cigarette,0.2818,604,607,654,630,1150,
693,69.165,18,Cigarette,0.2701,1833,851,1851,864,234,
697,69.565,18,Cigarette,0.2577,601,607,650,630,1127,
698,69.665,18,knife,0.6459,911,282,914,305,69,2682
698,69.665,18,Cigarette,0.2803,604,607,652,631,1152,
699,69.765,18,Cigarette,0.5885,1952,594,1960,606,96,3383
699,69.765,18,Cigarette,0.3316,905,486,925,514,560,2840
699,69.765,18,knife,0.2848,892,275,916,292,408,2682
699,69.765,18,Cigarette,0.2630,603,607,652,631,1176,
700,69.865,18,knife,0.5041,911,289,914,309,60,2682
700,69.865,18,Bottle,0.3041,1351,282,1372,330,1008,
701,69.965,18,Cigarette,0.3294,777,589,794,603,238,
701,69.965,18,Cigarette,0.2555,782,588,797,599,165,
702,70.065,18,Cigarette,0.3011,906,475,929,498,529,2840
703,70.165,18,Cigarette,0.4173,892,474,921,496,638,2840
704,70.265,18,Bottle,0.3009,2030,605,2041,629,264,3419
704,70.265,18,Cigarette,0.2757,599,606,634,628,770,
704,70.265,18,Cigarette,0.2636,1878,670,1883,680,50,3328
705,70.365,18,Bottle,0.7375,1938,647,1962,690,1032,3229
705,70.365,18,Bottle,0.3441,1959,623,1980,658,735,3229
705,70.365,18,Cigarette,0.3336,599,607,635,629,792,
705,70.365,18,Bottle,0.3080,2025,478,2057,568,2880,3419
705,70.365,18,Bottle,0.2806,1990,630,2012,669,858,3419
706,70.465,18,Cigarette,0.3479,599,607,634,627,700,
706,70.465,18,Cigarette,0.2617,811,626,832,643,357,
706,70.465,18,knife,0.2525,944,391,949,420,145,2840
707,70.565,18,Cigarette,0.4590,1863,555,1870,564,63,3407
707,70.565,18,Bottle,0.4376,869,406,876,430,168,2840
707,70.565,18,Bottle,0.3471,909,453,924,482,435,2840
707,70.565,18,Cigarette,0.3346,599,607,634,627,700,
708,70.665,18,Cigarette,0.3543,810,628,833,643,345,
708,70.665,18,Cigarette,0.3144,600,606,635,627,735,
708,70.665,18,Bottle,0.2668,1910,627,1930,677,1000,
709,70.765,18,Bottle,0.5675,1905,636,1924,676,760,
709,70.765,18,Cigarette,0.4275,602,607,640,629,836,
709,70.765,18,Cigarette,0.3198,811,631,832,646,315,
709,70.765,18,Bottle,0.2998,897,437,915,469,576,2840
710,70.865,18,Cigarette,0.3905,816,632,835,646,266,
710,70.865,18,Cigarette,0.3904,807,624,829,660,792,
710,70.865,18,Cigarette,0.3547,601,606,636,627,735,
710,70.865,18,Bottle,0.2760,1165,179,1190,226,1175,
711,70.965,18,Cigarette,0.4297,801,657,826,678,525,
711,70.965,18,Bottle,0.3436,1886,624,1906,670,920,
711,70.965,18,Bottle,0.3349,2012,557,2026,585,392,3419
711,70.965,18,Cigarette,0.2862,804,665,822,682,306,
712,71.065,18,Cigarette,0.6274,807,667,823,683,256,
712,71.065,18,Bottle,0.5284,2012,556,2028,585,464,3419
712,71.065,18,Bottle,0.4533,1877,602,1899,664,1364,
712,71.065,18,Cigarette,0.4421,878,453,896,469,288,2840
712,71.065,18,Cigarette,0.3547,806,652,826,678,520,
712,71.065,18,Cigarette,0.2961,600,607,632,628,672,
713,71.165,18,Cigarette,0.6745,806,670,820,682,168,
713,71.165,18,Bottle,0.5192,791,276,800,300,216,3490
713,71.165,18,Cigarette,0.4041,807,658,830,678,460,
713,71.165,18,Bottle,0.2805,2010,553,2023,584,403,3419
714,71.265,18,Cigarette,0.3731,805,668,824,683,285,
714,71.265,18,Cigarette,0.3049,602,607,639,628,777,
714,71.265,18,Cigarette,0.2650,803,661,827,680,456,
715,71.365,18,Bottle,0.7802,1937,554,1952,588,510,3494
715,71.365,18,Bottle,0.4969,1931,488,1944,504,208,3494
715,71.365,18,Bottle,0.4606,1946,568,1955,592,216,3494
715,71.365,18,Bottle,0.4107,1935,565,1944,588,207,3494
715,71.365,18,Cigarette,0.3991,603,607,650,631,1128,
715,71.365,18,Bottle,0.3890,1442,498,1458,534,576,3407
715,71.365,18,Bottle,0.3699,1841,585,1863,645,1320,
716,71.465,18,Bottle,0.7313,821,441,834,475,442,3486
716,71.465,18,Bottle,0.7184,1938,555,1950,588,396,3494
716,71.465,18,Bottle,0.6350,1946,567,1956,593,260,3494
716,71.465,18,Bottle,0.6226,1929,488,1943,504,224,3494
716,71.465,18,Bottle,0.4584,1935,557,1945,588,310,3494
716,71.465,18,Cigarette,0.4468,602,607,650,631,1152,
717,71.565,18,Bottle,0.7648,1935,555,1950,590,525,3494
717,71.565,18,Bottle,0.6036,1688,461,1705,495,578,3517
717,71.565,18,Bottle,0.5996,1929,488,1943,504,224,3494
717,71.565,18,Cigarette,0.4344,601,607,650,630,1127,
717,71.565,18,Cigarette,0.3915,1139,461,1157,486,450,
717,71.565,18,Bottle,0.3654,1389,471,1410,535,1344,
717,71.565,18,Bottle,0.3196,1376,453,1398,506,1166,3407
717,71.565,18,Bottle,0.2837,879,435,887,456,168,2840
717,71.565,18,Bottle,0.2713,1944,565,1952,593,224,3494
717,71.565,18,Bottle,0.2544,1743,487,1755,514,324,3517
718,71.665,18,Cigarette,0.4293,602,607,651,631,1176,
718,71.665,18,Bottle,0.3142,878,422,896,445,414,2840
719,71.765,18,Cigarette,0.4957,603,607,653,630,1150,
719,71.765,18,Cigarette,0.4611,844,699,864,726,540,3486
720,71.865,18,Cigarette,0.5283,603,607,653,630,1150,
720,71.865,18,Bottle,0.3243,2473,1022,2515,1076,2268,
720,71.865,18,Cigarette,0.2706,1232,547,1257,572,625,
720,71.865,18,Bottle,0.2598,1067,153,1089,194,902,
721,71.965,18,Cigarette,0.3699,602,607,653,631,1224,
722,72.065,18,Cigarette,0.3815,602,607,653,631,1224,
723,72.165,18,Cigarette,0.4561,831,746,849,769,414,
723,72.165,18,Cigarette,0.3991,600,607,649,631,1176,
723,72.165,18,Cigarette,0.3034,863,414,886,442,644,2840
724,72.265,18,Cigarette,0.5932,829,742,849,769,540,3486
724,72.265,18,Cigarette,0.3598,600,607,648,630,1104,
724,72.265,18,Cigarette,0.2764,864,410,881,426,272,2840
725,72.365,18,Cigarette,0.7140,828,748,848,773,500,3486
725,72.365,18,Bottle,0.6461,1941,555,1952,592,407,3494
725,72.365,18,Bottle,0.5736,1929,487,1940,505,198,3494
725,72.365,18,Bottle,0.3969,1930,556,1941,589,363,3494
725,72.365,18,Cigarette,0.2791,601,607,649,630,1104,
726,72.465,18,Bottle,0.5969,1941,555,1952,592,407,3494
726,72.465,18,Bottle,0.5496,1928,488,1941,505,221,3494
726,72.465,18,Bottle,0.4918,1244,329,1267,383,1242,
726,72.465,18,Cigarette,0.4225,891,654,893,662,16,3486
726,72.465,18,Bottle,0.3793,2233,962,2244,1002,440,3421
726,72.465,18,Cigarette,0.3636,600,607,649,630,1127,
726,72.465,18,Cigarette,0.3472,826,752,847,773,441,3486
727,72.565,18,Bottle,0.4505,1928,488,1941,505,221,3494
727,72.565,18,Bottle,0.4454,1940,555,1952,591,432,3494
727,72.565,18,Cigarette,0.4092,599,607,648,630,1127,
728,72.665,18,Bottle,0.6890,1940,555,1951,591,396,3494
728,72.665,18,Bottle,0.3903,2001,598,2015,631,462,3419
728,72.665,18,Cigarette,0.3401,600,607,648,630,1104,
728,72.665,18,Bottle,0.3162,1931,557,1941,590,330,3494
728,72.665,18,Bottle,0.2802,1928,488,1941,506,234,3494
729,72.765,18,Bottle,0.7696,1932,578,1943,590,132,3532
729,72.765,18,Bottle,0.7518,1941,555,1952,591,396,3494
729,72.765,18,Bottle,0.5474,1943,578,1955,592,168,3532
729,72.765,18,Cigarette,0.4106,600,607,646,630,1058,
729,72.765,18,Bottle,0.3805,2023,479,2056,565,2838,
729,72.765,18,Bottle,0.2994,1932,556,1942,590,340,3494
729,72.765,18,Bottle,0.2968,1929,489,1942,506,221,3494
730,72.865,18,Bottle,0.6948,2022,476,2056,567,3094,3419
730,72.865,18,Bottle,0.4725,2010,543,2026,571,448,3419
730,72.865,18,Cigarette,0.4193,600,607,646,630,1058,
731,72.965,18,Bottle,0.4659,867,373,882,406,495,2682
731,72.965,18,Cigarette,0.4217,600,607,646,629,1012,
732,73.065,18,Bottle,0.8209,1928,491,1939,509,198,3494
732,73.065,18,Bottle,0.5049,1930,550,1939,572,198,3494
732,73.065,18,Cigarette,0.3958,599,607,645,630,1058,
733,73.165,18,Bottle,0.8012,1926,490,1937,508,198,3494
733,73.165,18,Bottle,0.6035,1929,549,1938,570,189,3494
733,73.165,18,Cigarette,0.5049,595,605,640,630,1125,
733,73.165,18,Cigarette,0.3395,850,391,861,404,143,3350
734,73.265,18,Bottle,0.7849,1929,489,1941,507,216,3494
734,73.265,18,Bottle,0.5929,1944,556,1954,592,360,3494
734,73.265,18,Bottle,0.5426,1932,548,1942,569,210,3494
734,73.265,18,Cigarette,0.4870,598,605,642,629,1056,
734,73.265,18,Cigarette,0.4070,852,394,864,405,132,
734,73.265,18,Bottle,0.3112,1913,523,1926,560,481,3494
735,73.365,18,Cigarette,0.7228,878,804,895,828,408,3486
735,73.365,18,Bottle,0.6984,1931,489,1943,507,216,3494
735,73.365,18,Bottle,0.5432,1945,555,1956,591,396,3494
735,73.365,18,Cigarette,0.4972,599,604,630,627,713,
735,73.365,18,Bottle,0.4415,1933,548,1944,568,220,3494
735,73.365,18,Cigarette,0.3981,392,762,410,807,810,
736,73.465,18,Bottle,0.7699,1930,489,1942,506,204,3494
736,73.465,18,Bottle,0.7170,1945,555,1956,592,407,3494
736,73.465,18,Cigarette,0.5269,599,604,634,627,805,
736,73.465,18,Bottle,0.4920,1933,548,1943,569,210,3494
736,73.465,18,Bottle,0.4590,1932,553,1947,590,555,3494
736,73.465,18,knife,0.3771,880,294,895,318,360,2840
736,73.465,18,Cigarette,0.3278,392,762,409,806,748,
737,73.565,18,Bottle,0.8175,1928,489,1941,505,208,3494
737,73.565,18,Bottle,0.7230,1945,555,1956,592,407,3494
737,73.565,18,Bottle,0.5963,1933,548,1943,569,210,3494
737,73.565,18,Cigarette,0.5074,599,602,630,626,744,
737,73.565,18,Bottle,0.4227,1932,553,1947,590,555,3494
737,73.565,18,Cigarette,0.3565,914,753,920,770,102,3486
737,73.565,18,Cigarette,0.3484,392,761,410,806,810,
737,73.565,18,Bottle,0.3009,1236,395,1258,457,1364,
738,73.665,18,Bottle,0.6583,1926,488,1940,506,252,3494
738,73.665,18,Cigarette,0.5059,600,606,640,629,920,
738,73.665,18,Bottle,0.3751,1990,633,2010,672,780,3419
738,73.665,18,Bottle,0.3256,1946,566,1956,592,260,3494
738,73.665,18,Cigarette,0.3107,392,762,409,806,748,
739,73.765,18,Bottle,0.6886,1947,567,1957,592,250,3494
739,73.765,18,Bottle,0.6195,1927,488,1942,505,255,3494
739,73.765,18,Cigarette,0.5489,602,604,635,628,792,
739,73.765,18,Bottle,0.3677,1160,316,1201,394,3198,
739,73.765,18,Bottle,0.2705,1990,629,2009,670,779,3419
740,73.865,18,Bottle,0.5892,1947,567,1956,590,207,3494
740,73.865,18,Bottle,0.5654,1934,547,1946,589,504,3494
740,73.865,18,Bottle,0.4550,1934,545,1945,566,231,3494
740,73.865,18,Bottle,0.4504,1928,487,1942,503,224,3494
740,73.865,18,Cigarette,0.4143,601,606,631,626,600,
741,73.965,18,Bottle,0.5415,852,799,891,905,4134,3486
741,73.965,18,Bottle,0.5044,1932,555,1945,589,442,3494
741,73.965,18,Bottle,0.4954,914,704,948,767,2142,3486
741,73.965,18,Bottle,0.4147,916,733,924,756,184,3486
741,73.965,18,Bottle,0.3816,1943,554,1954,588,374,3494
741,73.965,18,Bottle,0.3772,1633,458,1652,509,969,
741,73.965,18,Bottle,0.3000,1948,566,1957,591,225,3494
741,73.965,18,Cigarette,0.2774,599,607,633,628,714,
742,74.065,18,Bottle,0.5020,1948,565,1957,591,234,3494
742,74.065,18,Bottle,0.4276,1347,360,1370,396,828,3328
742,74.065,18,Cigarette,0.3489,1396,472,1401,477,25,3328
742,74.065,18,Cigarette,0.3004,600,607,635,628,735,
743,74.165,18,Bottle,0.5538,1931,556,1945,589,462,3494
743,74.165,18,Bottle,0.5119,1925,474,1949,503,696,3494
743,74.165,18,Cigarette,0.2867,600,607,636,628,756,
743,74.165,18,Bottle,0.2682,1934,546,1946,569,276,3494
743,74.165,18,Bottle,0.2630,1947,565,1956,590,225,3494
744,74.265,18,Cigarette,0.6397,1339,439,1344,446,35,3328
744,74.265,18,Bottle,0.5325,1931,556,1944,589,429,3494
744,74.265,18,Bottle,0.2928,1945,565,1956,591,286,3494
745,74.365,18,Bottle,0.3529,1930,559,1944,591,448,3494
745,74.365,18,Bottle,0.3378,876,943,918,1005,2604,3486
745,74.365,18,Cigarette,0.3081,912,940,933,961,441,3486
746,74.465,18,Cigarette,0.4316,913,997,932,1014,323,3486
746,74.465,18,Cigarette,0.3149,601,607,648,631,1128,
746,74.465,18,Bottle,0.3063,1929,558,1943,591,462,3494
746,74.465,18,Bottle,0.3029,1945,568,1955,593,250,3494
746,74.465,18,Bottle,0.2568,1341,298,1355,327,406,3328
747,74.565,18,Bottle,0.4905,1930,559,1944,591,448,3494
747,74.565,18,Bottle,0.4476,1946,568,1956,593,250,3494
747,74.565,18,Cigarette,0.2659,606,607,654,631,1152,
748,74.665,18,Bottle,0.4074,982,850,993,888,418,3486
748,74.665,18,Bottle,0.3562,1946,567,1957,593,286,3494
748,74.665,18,Bottle,0.2746,1931,558,1945,591,462,3494
749,74.765,18,Bottle,0.5660,1947,567,1958,592,275,3494
749,74.765,18,Cigarette,0.5039,948,700,962,710,140,3486
749,74.765,18,Bottle,0.3470,1464,403,1489,463,1500,
749,74.765,18,Bottle,0.3209,1928,476,1946,505,522,3494
749,74.765,18,Cigarette,0.3187,601,607,638,630,851,
749,74.765,18,Bottle,0.2771,1933,557,1946,590,429,3494
749,74.765,18,Cigarette,0.2564,995,870,1014,883,247,3486
750,74.865,18,Bottle,0.3840,1943,554,1956,590,468,3494
750,74.865,18,Cigarette,0.3470,969,982,984,1012,450,3486
750,74.865,18,Cigarette,0.3284,603,607,642,630,897,
750,74.865,18,Bottle,0.3114,1948,566,1959,592,286,3494
750,74.865,18,Cigarette,0.2984,948,940,953,959,95,3486
750,74.865,18,Bottle,0.2693,1933,557,1947,590,462,3494
750,74.865,18,Cigarette,0.2671,941,873,943,880,14,3486
751,74.965,18,Bottle,0.7022,1950,567,1960,592,250,3494
751,74.965,18,Bottle,0.6967,1935,560,1945,589,290,3494
751,74.965,18,Bottle,0.3094,921,660,974,749,4717,3486
751,74.965,18,Cigarette,0.2619,605,607,641,629,792,
751,74.965,18,Bottle,0.2587,1451,401,1475,456,1320,
752,75.065,18,Bottle,0.6052,1937,552,1949,589,444,3494
752,75.065,18,Cigarette,0.5437,938,944,956,954,180,3486
752,75.065,18,Bottle,0.5249,1397,367,1422,428,1525,
752,75.065,18,Bottle,0.4183,1449,400,1473,454,1296,
752,75.065,18,Cigarette,0.3569,605,607,640,630,805,
752,75.065,18,Bottle,0.2968,929,949,961,1058,3488,3486
752,75.065,18,Bottle,0.2703,1953,566,1962,592,234,3494
753,75.165,18,Bottle,0.6962,1939,559,1950,589,330,3494
753,75.165,18,Bottle,0.5139,947,681,1002,781,5500,3486
753,75.165,18,Bottle,0.3987,1392,362,1414,426,1408,
753,75.165,18,Bottle,0.3765,1534,414,1556,460,1012,
753,75.165,18,Bottle,0.3756,1484,392,1511,444,1404,
753,75.165,18,Bottle,0.3196,930,956,963,1059,3399,3486
753,75.165,18,Bottle,0.2930,1996,628,2017,668,840,3419
753,75.165,18,Cigarette,0.2522,605,607,641,629,792,
753,75.165,18,Bottle,0.2520,1450,401,1473,446,1035,
754,75.265,18,Bottle,0.6032,1939,552,1951,590,456,3494
754,75.265,18,Bottle,0.5679,1954,566,1964,593,270,3494
754,75.265,18,Bottle,0.4661,1931,489,1949,506,306,3494
754,75.265,18,Bottle,0.4411,1436,396,1457,447,1071,
754,75.265,18,Bottle,0.3963,1513,406,1534,458,1092,
754,75.265,18,Bottle,0.3921,932,980,963,1063,2573,3486
754,75.265,18,Bottle,0.3889,965,698,1017,790,4784,3486
754,75.265,18,Bottle,0.3223,1533,410,1553,454,880,
754,75.265,18,Bottle,0.2979,1996,631,2017,669,798,3419
754,75.265,18,Cigarette,0.2605,605,607,641,629,792,
755,75.365,18,Bottle,0.6977,1955,567,1965,593,260,3494
755,75.365,18,Bottle,0.6657,1934,489,1950,506,272,3494
755,75.365,18,Bottle,0.5185,1939,558,1952,590,416,3494
755,75.365,18,Bottle,0.4010,1995,632,2018,670,874,3419
755,75.365,18,Cigarette,0.3711,606,607,643,629,814,
755,75.365,18,Bottle,0.3444,1524,406,1544,450,880,
755,75.365,18,Bottle,0.2812,1163,315,1184,360,945,
755,75.365,18,Bottle,0.2680,414,803,470,864,3416,
756,75.465,18,Bottle,0.6047,1941,555,1954,590,455,3494
756,75.465,18,Bottle,0.5163,1936,489,1952,505,256,3494
756,75.465,18,Cigarette,0.4788,607,605,647,627,880,
756,75.465,18,Bottle,0.3171,1957,566,1967,593,270,3494
756,75.465,18,Bottle,0.2855,418,802,472,865,3402,
757,75.565,18,Bottle,0.7204,1941,555,1953,591,432,3494
757,75.565,18,Bottle,0.5321,1413,376,1438,431,1375,
757,75.565,18,Bottle,0.4977,1935,489,1951,506,272,3494
757,75.565,18,Cigarette,0.4877,606,606,644,628,836,
757,75.565,18,Bottle,0.4269,1995,629,2019,673,1056,3419
757,75.565,18,Bottle,0.4121,1384,383,1404,417,680,
757,75.565,18,Bottle,0.3909,416,804,472,864,3360,
757,75.565,18,Bottle,0.3382,1955,567,1967,594,324,3494
757,75.565,18,Bottle,0.3037,1003,726,1054,826,5100,3486
758,75.665,18,Bottle,0.6771,1941,556,1954,591,455,3494
758,75.665,18,Bottle,0.6338,1408,372,1433,429,1425,
758,75.665,18,Cigarette,0.5060,607,606,644,627,777,
758,75.665,18,Bottle,0.4655,1935,489,1951,506,272,3494
758,75.665,18,Bottle,0.3815,416,803,472,864,3416,
758,75.665,18,Bottle,0.3620,1509,392,1531,436,968,
758,75.665,18,Bottle,0.3617,820,286,830,307,210,3593
758,75.665,18,Bottle,0.2536,1956,566,1967,594,308,3494
759,75.765,18,Bottle,0.5916,1943,548,1956,591,559,3494
759,75.765,18,Bottle,0.3505,1958,567,1969,594,297,3494
759,75.765,18,Cigarette,0.3418,608,606,642,629,782,
759,75.765,18,Bottle,0.2730,1935,489,1952,506,289,3494
760,75.865,18,Bottle,0.5910,818,286,829,304,198,3593
760,75.865,18,Bottle,0.5723,1954,558,1965,591,363,3494
760,75.865,18,Bottle,0.5434,1488,389,1510,432,946,
760,75.865,18,Bottle,0.5320,1936,489,1952,506,272,3494
760,75.865,18,Bottle,0.4804,1944,549,1956,591,504,3494
760,75.865,18,Bottle,0.4640,1958,562,1968,594,320,3494
760,75.865,18,Cigarette,0.2972,608,607,642,629,748,
760,75.865,18,Bottle,0.2515,1395,359,1418,420,1403,
761,75.965,18,Bottle,0.7949,1953,557,1964,591,374,3494
761,75.965,18,Bottle,0.7291,1957,572,1967,594,220,3494
761,75.965,18,Cigarette,0.4633,607,606,643,627,756,
761,75.965,18,Bottle,0.4210,1943,570,1953,591,210,3494
761,75.965,18,Bottle,0.3582,1996,629,2022,673,1144,3419
761,75.965,18,Bottle,0.2619,1079,236,1098,297,1159,
762,76.065,18,Bottle,0.7586,1956,569,1967,594,275,3494
762,76.065,18,Bottle,0.5903,1943,570,1953,592,220,3494
762,76.065,18,Cigarette,0.5009,607,606,644,627,777,
762,76.065,18,Bottle,0.4065,1996,627,2022,673,1196,3419
762,76.065,18,Bottle,0.3243,1964,574,1971,602,196,3419
762,76.065,18,Cigarette,0.2868,1021,1200,1061,1244,1760,3486
762,76.065,18,Bottle,0.2766,1954,556,1964,570,140,3494
763,76.165,18,Bottle,0.7078,1943,569,1953,592,230,3494
763,76.165,18,Bottle,0.6977,1956,571,1966,595,240,3494
763,76.165,18,Bottle,0.6281,1952,556,1963,591,385,3494
763,76.165,18,Cigarette,0.4970,607,606,644,627,777,
763,76.165,18,knife,0.4462,1035,1070,1046,1098,308,3486
763,76.165,18,Bottle,0.3568,1996,630,2023,674,1188,3419
763,76.165,18,Bottle,0.3216,1935,490,1952,506,272,3494
763,76.165,18,Bottle,0.3002,1372,362,1394,415,1166,
764,76.265,18,Bottle,0.5751,1956,569,1965,594,225,3494
764,76.265,18,Bottle,0.5649,1942,563,1953,592,319,3494
764,76.265,18,Bottle,0.5261,1952,556,1963,590,374,3494
764,76.265,18,Cigarette,0.4955,607,606,646,627,819,
764,76.265,18,Bottle,0.4587,1996,629,2021,674,1125,3419
764,76.265,18,Bottle,0.3110,1940,543,1962,589,1012,3494
765,76.365,18,Bottle,0.7667,1952,556,1963,591,385,3494
765,76.365,18,Bottle,0.7119,1956,571,1966,594,230,3494
765,76.365,18,Bottle,0.5472,1943,570,1953,591,210,3494
765,76.365,18,Cigarette,0.5213,607,606,647,627,840,
765,76.365,18,Bottle,0.4958,1996,629,2021,674,1125,3419
765,76.365,18,Bottle,0.4176,1359,362,1381,409,1034,
765,76.365,18,Bottle,0.3428,1940,543,1962,590,1034,3494
765,76.365,18,Bottle,0.2946,1018,1170,1063,1251,3645,3486
766,76.465,18,Bottle,0.6223,1942,569,1953,591,242,3494
766,76.465,18,Bottle,0.4839,1956,569,1966,593,240,3494
766,76.465,18,Cigarette,0.4802,609,605,651,626,882,
766,76.465,18,Bottle,0.4182,1997,629,2021,673,1056,3419
766,76.465,18,Bottle,0.3535,1952,555,1963,591,396,3494
766,76.465,18,Bottle,0.3183,1936,489,1952,507,288,3494
766,76.465,18,Bottle,0.2788,1940,543,1962,590,1034,3494
767,76.565,18,Bottle,0.6321,1956,569,1966,594,250,3494
767,76.565,18,Bottle,0.5240,1952,556,1963,591,385,3494
767,76.565,18,Bottle,0.5053,1936,489,1950,508,266,3494
767,76.565,18,Cigarette,0.4925,609,605,650,626,861,
767,76.565,18,Bottle,0.4389,1997,628,2021,673,1080,3419
767,76.565,18,Bottle,0.4142,895,239,901,262,138,3754
767,76.565,18,Bottle,0.3915,1943,567,1953,591,240,3494
767,76.565,18,Bottle,0.2985,1940,543,1962,590,1034,3494
767,76.565,18,Bottle,0.2974,930,245,938,266,168,3754
768,76.665,18,Bottle,0.8290,1951,556,1963,590,408,3494
768,76.665,18,Bottle,0.5560,1956,569,1965,594,225,3419
768,76.665,18,Cigarette,0.5078,609,605,650,626,861,
768,76.665,18,Bottle,0.4384,1997,627,2021,673,1104,3419
768,76.665,18,Bottle,0.3551,1942,556,1953,591,385,3494
768,76.665,18,Bottle,0.3067,1939,547,1961,590,946,3494
769,76.765,18,Bottle,0.7872,1936,492,1950,513,294,3494
769,76.765,18,Bottle,0.7860,1951,556,1963,591,420,3494
769,76.765,18,Bottle,0.5293,1955,570,1965,594,240,3494
769,76.765,18,Bottle,0.5235,1997,625,2022,675,1250,3419
769,76.765,18,Cigarette,0.5035,610,604,652,625,882,
769,76.765,18,Bottle,0.3130,1940,548,1960,588,800,3494
769,76.765,18,Bottle,0.2970,1941,558,1953,591,396,3494
770,76.865,18,Bottle,0.7531,1951,556,1963,591,420,3494
770,76.865,18,Cigarette,0.5387,610,604,650,625,840,
770,76.865,18,Bottle,0.4506,1997,631,2022,675,1100,3419
770,76.865,18,Bottle,0.3536,1955,566,1964,594,252,3494
770,76.865,18,Bottle,0.2974,1936,496,1951,516,300,3494
771,76.965,18,Bottle,0.7051,1953,556,1963,592,360,3494
771,76.965,18,Bottle,0.6743,1942,558,1953,592,374,3494
771,76.965,18,Bottle,0.4289,1934,500,1951,517,289,3494
771,76.965,18,Bottle,0.4277,929,266,936,292,182,3754
771,76.965,18,Bottle,0.4005,1997,630,2019,672,924,3419
771,76.965,18,Cigarette,0.3860,612,601,654,625,1008,
771,76.965,18,Bottle,0.3506,1963,582,1971,601,152,3419
772,77.065,18,Bottle,0.7880,1941,559,1953,592,396,3494
772,77.065,18,Bottle,0.7215,1952,556,1963,592,396,3494
772,77.065,18,Bottle,0.6464,1936,488,1958,522,748,3494
772,77.065,18,Cigarette,0.4294,611,602,653,625,966,
772,77.065,18,Bottle,0.4255,1997,629,2020,673,1012,3419
772,77.065,18,Bottle,0.2695,1270,315,1293,367,1196,
773,77.165,18,Bottle,0.7826,1952,556,1963,590,374,3494
773,77.165,18,Bottle,0.7793,1941,559,1953,592,396,3494
773,77.165,18,Bottle,0.6215,1936,488,1959,524,828,3494
773,77.165,18,Cigarette,0.4402,1178,1353,1184,1372,114,3486
773,77.165,18,Cigarette,0.4382,612,602,654,625,966,
773,77.165,18,Bottle,0.4003,1996,629,2018,671,924,3419
773,77.165,18,Bottle,0.3966,1265,311,1288,366,1265,
774,77.265,18,Bottle,0.8549,1936,488,1959,524,828,3494
774,77.265,18,Bottle,0.7620,1952,556,1962,591,350,3494
774,77.265,18,Bottle,0.7488,1941,559,1953,591,384,3494
774,77.265,18,Bottle,0.7124,1159,1358,1189,1434,2280,3486
774,77.265,18,Cigarette,0.4242,611,603,653,625,924,
774,77.265,18,Bottle,0.3986,1997,630,2019,672,924,3419
774,77.265,18,Bottle,0.2904,1963,582,1970,601,133,3419
774,77.265,18,Bottle,0.2537,1260,312,1283,364,1196,
775,77.365,18,Bottle,0.6630,1940,557,1952,591,408,3494
775,77.365,18,Bottle,0.6458,1936,488,1957,522,714,3494
775,77.365,18,Bottle,0.5711,1951,556,1962,591,385,3494
775,77.365,18,Cigarette,0.3330,610,604,653,625,903,
775,77.365,18,Bottle,0.3009,1997,632,2019,671,858,3419
775,77.365,18,Bottle,0.2761,1955,566,1964,593,243,3494
776,77.465,18,Bottle,0.7931,1940,557,1952,590,396,3494
776,77.465,18,Bottle,0.7670,1951,555,1961,590,350,3494
776,77.465,18,Bottle,0.4916,1962,581,1969,599,126,3419
776,77.465,18,Bottle,0.4392,1935,495,1951,522,432,3494
776,77.465,18,Bottle,0.3393,1997,631,2019,671,880,3419
777,77.565,18,Bottle,0.7883,1940,558,1952,590,384,3494
777,77.565,18,Bottle,0.7432,1951,555,1961,590,350,3494
777,77.565,18,Bottle,0.5978,2015,546,2026,566,220,3419
777,77.565,18,Bottle,0.4586,1962,581,1969,600,133,3419
777,77.565,18,Bottle,0.4246,1363,337,1384,379,882,
777,77.565,18,Bottle,0.3567,1997,631,2019,672,902,3419
777,77.565,18,Bottle,0.2816,1955,560,1963,593,264,3494
777,77.565,18,Bottle,0.2785,1935,487,1956,523,756,3494
778,77.665,18,Bottle,0.7311,1940,558,1952,591,396,3494
778,77.665,18,Bottle,0.7194,1951,555,1961,591,360,3494
778,77.665,18,Bottle,0.5044,2013,547,2024,559,132,3419
778,77.665,18,Bottle,0.3944,1962,581,1969,600,133,3419
778,77.665,18,Bottle,0.3657,1997,631,2019,672,902,3419
778,77.665,18,Bottle,0.3264,1935,500,1951,523,368,3494
779,77.765,18,Bottle,0.7169,1939,557,1951,590,396,3494
779,77.765,18,Bottle,0.5384,1950,555,1960,591,360,3494
779,77.765,18,Bottle,0.3446,1995,631,2017,671,880,3419
779,77.765,18,Cigarette,0.2739,605,607,643,629,836,
780,77.865,18,Bottle,0.6729,1950,554,1960,590,360,3494
780,77.865,18,Bottle,0.6577,1939,558,1951,590,384,3494
780,77.865,18,Bottle,0.5737,2018,545,2036,587,756,3419
780,77.865,18,Cigarette,0.5207,1420,1393,1467,1440,2209,
780,77.865,18,Bottle,0.4185,1940,547,1951,569,242,3494
780,77.865,18,Bottle,0.3122,1104,424,1114,446,220,3754
780,77.865,18,Bottle,0.2902,1995,630,2017,671,902,3419
781,77.965,18,Bottle,0.6580,1953,569,1963,592,230,3494
781,77.965,18,Bottle,0.6405,2006,533,2015,553,180,3419
781,77.965,18,Bottle,0.5116,1939,547,1950,588,451,3494
781,77.965,18,Bottle,0.4870,1949,555,1958,588,297,3494
781,77.965,18,Cigarette,0.3334,1393,1248,1417,1272,576,
781,77.965,18,Cigarette,0.2897,396,759,413,791,544,
781,77.965,18,Cigarette,0.2858,604,607,638,628,714,
782,78.065,18,Bottle,0.7282,1952,570,1963,592,242,3494
782,78.065,18,Bottle,0.6892,1948,556,1958,589,330,3494
782,78.065,18,Bottle,0.5083,1938,551,1950,589,456,3494
782,78.065,18,Bottle,0.4416,2472,852,2557,992,11900,
782,78.065,18,Cigarette,0.3555,396,760,413,791,527,
782,78.065,18,Cigarette,0.3241,605,607,638,628,693,
782,78.065,18,Bottle,0.2887,1939,548,1950,572,264,3494
782,78.065,18,Bottle,0.2875,2007,527,2016,545,162,3419
783,78.165,18,Bottle,0.8056,1952,571,1962,592,210,3494
783,78.165,18,Bottle,0.6720,1948,555,1958,588,330,3494
783,78.165,18,Cigarette,0.3491,397,759,413,791,512,
783,78.165,18,Cigarette,0.3121,604,607,636,628,672,
783,78.165,18,Bottle,0.2666,1938,555,1950,589,408,3494
784,78.265,18,Bottle,0.2984,1936,486,1955,508,418,3494
784,78.265,18,Cigarette,0.2676,606,607,643,627,740,
784,78.265,18,Cigarette,0.2541,396,758,413,795,629,
785,78.365,18,Cigarette,0.3310,605,607,642,627,740,
786,78.465,18,Bottle,0.3565,2012,508,2029,531,391,3419
786,78.465,18,Bottle,0.3377,1224,401,1264,482,3240,3754
786,78.465,18,Bottle,0.3299,2028,480,2067,560,3120,3419
786,78.465,18,Cigarette,0.2712,396,758,413,797,663,
787,78.565,18,Cigarette,0.7186,1486,1409,1515,1439,870,
787,78.565,18,Cigarette,0.3345,396,757,413,794,629,
787,78.565,18,Cigarette,0.2547,810,277,822,299,264,
788,78.665,18,Bottle,0.5957,1302,453,1371,587,9246,3754
788,78.665,18,Cigarette,0.3325,397,758,413,795,592,
788,78.665,18,Cigarette,0.3129,1506,1427,1524,1440,234,
789,78.765,18,Bottle,0.5063,2010,504,2029,534,570,3419
789,78.765,18,Cigarette,0.3468,397,758,413,791,528,
790,78.865,18,Bottle,0.5602,2009,507,2028,533,494,3419
790,78.865,18,Cigarette,0.3824,397,758,413,790,512,
790,78.865,18,Bottle,0.2946,1383,514,1450,648,8978,3856
791,78.965,18,Bottle,0.4103,1993,624,2019,669,1170,3419
791,78.965,18,Bottle,0.3415,1442,708,1485,769,2623,
791,78.965,18,Bottle,0.2660,1927,544,1953,587,1118,
792,79.065,18,Bottle,0.2598,1436,769,1489,864,5035,
793,79.165,18,Bottle,0.4663,1946,563,1955,585,198,3865
793,79.165,18,Bottle,0.3812,1933,546,1946,582,468,3865
794,79.265,18,Bottle,0.6919,1934,552,1947,584,416,3865
794,79.265,18,Bottle,0.6566,1933,542,1943,564,220,3865
794,79.265,18,Bottle,0.3855,1943,550,1956,586,468,3865
794,79.265,18,Bottle,0.3681,1946,565,1956,587,220,3865
794,79.265,18,Cigarette,0.3276,781,369,819,385,608,
795,79.365,18,Bottle,0.5468,1943,550,1955,586,432,3865
795,79.365,18,Bottle,0.5392,1933,546,1946,585,507,3865
795,79.365,18,Bottle,0.3314,1933,543,1944,564,231,3865
795,79.365,18,Bottle,0.3199,2008,495,2027,507,228,3419
795,79.365,18,Cigarette,0.2617,780,369,819,385,624,
796,79.465,18,Bottle,0.5811,1933,545,1946,585,520,3865
796,79.465,18,Bottle,0.5796,1943,550,1955,586,432,3865
796,79.465,18,Bottle,0.3406,2008,495,2027,510,285,3419
797,79.565,18,Bottle,0.6928,1934,553,1947,586,429,3865
797,79.565,18,Bottle,0.5484,2010,495,2028,512,306,3419
797,79.565,18,Bottle,0.4031,1426,493,1464,583,3420,
797,79.565,18,Cigarette,0.3292,804,266,816,280,168,
797,79.565,18,Cigarette,0.2555,610,600,645,621,735,
798,79.665,18,Bottle,0.6525,1935,553,1948,585,416,3865
798,79.665,18,Cigarette,0.5359,610,600,646,622,792,
798,79.665,18,Bottle,0.3304,1934,543,1945,564,231,3865
798,79.665,18,Bottle,0.2562,2517,410,2547,493,2490,
799,79.765,18,Cigarette,0.5834,610,600,648,621,798,
799,79.765,18,Bottle,0.5327,1389,463,1421,550,2784,
799,79.765,18,Bottle,0.4924,1936,552,1949,585,429,3865
799,79.765,18,Bottle,0.3829,1939,551,1956,587,612,3865
799,79.765,18,Bottle,0.2907,1934,543,1945,566,253,3865
800,79.865,18,Bottle,0.6656,1935,552,1951,586,544,3865
800,79.865,18,Cigarette,0.6062,609,600,647,622,836,
800,79.865,18,Bottle,0.4106,1372,467,1397,537,1750,
800,79.865,18,Bottle,0.3403,2008,501,2029,533,672,3419
800,79.865,18,Bottle,0.2954,1957,491,1975,517,468,3419
800,79.865,18,Bottle,0.2601,2518,407,2548,494,2610,
801,79.965,18,Bottle,0.7939,1949,565,1958,589,216,3865
801,79.965,18,Bottle,0.7923,1934,554,1946,586,384,3865
801,79.965,18,Bottle,0.6074,1353,441,1384,519,2418,
801,79.965,18,Bottle,0.2743,2518,403,2548,494,2730,
801,79.965,18,Cigarette,0.2595,608,601,651,621,860,
801,79.965,18,Bottle,0.2555,1246,364,1272,443,2054,
802,80.065,18,Bottle,0.8008,1934,554,1947,585,403,3865
802,80.065,18,Bottle,0.5976,1236,358,1264,432,2072,
802,80.065,18,Bottle,0.5505,1949,564,1958,588,216,3865
802,80.065,18,Bottle,0.5183,1335,426,1368,513,2871,
802,80.065,18,Bottle,0.4703,1876,456,1890,464,112,3865
802,80.065,18,Bottle,0.2849,2518,403,2548,494,2730,
803,80.165,18,Bottle,0.7529,1934,553,1947,584,403,3865
803,80.165,18,Bottle,0.6508,1919,540,1932,550,130,3865
803,80.165,18,Bottle,0.5001,1948,564,1958,587,230,3865
803,80.165,18,Bottle,0.4894,1331,420,1362,505,2635,
803,80.165,18,Bottle,0.4157,1945,549,1956,584,385,3865
803,80.165,18,Bottle,0.3983,1231,355,1257,429,1924,
803,80.165,18,Bottle,0.3209,1877,455,1890,463,104,3865
803,80.165,18,Bottle,0.2981,2518,403,2548,493,2700,
803,80.165,18,Cigarette,0.2727,604,596,641,617,777,
804,80.265,18,Bottle,0.6944,1934,553,1947,584,403,3865
804,80.265,18,Bottle,0.4826,1949,562,1959,586,240,3865
804,80.265,18,Bottle,0.3529,1946,549,1956,584,350,3865
804,80.265,18,Bottle,0.3249,1312,411,1342,488,2310,
804,80.265,18,Cigarette,0.3077,603,597,640,618,777,
805,80.365,18,Bottle,0.6649,1934,552,1947,584,416,3865
805,80.365,18,Bottle,0.5245,1304,401,1334,482,2430,
805,80.365,18,Bottle,0.3123,1946,549,1956,584,350,3865
805,80.365,18,Bottle,0.3055,1949,563,1959,586,230,3865
805,80.365,18,Bottle,0.3012,2013,495,2034,508,273,3419
805,80.365,18,Cigarette,0.2704,603,597,640,618,777,
805,80.365,18,Bottle,0.2543,1911,539,1927,563,384,3865
806,80.465,18,Bottle,0.7304,1948,564,1958,588,240,3865
806,80.465,18,Bottle,0.6423,1933,554,1946,585,403,3865
806,80.465,18,Bottle,0.4167,1205,331,1227,405,1628,
806,80.465,18,Bottle,0.3604,2012,497,2034,513,352,3419
806,80.465,18,Bottle,0.2713,1295,403,1319,474,1704,
806,80.465,18,Cigarette,0.2654,606,596,645,619,897,
807,80.565,18,Bottle,0.7103,1935,554,1948,586,416,3865
807,80.565,18,Bottle,0.6026,1282,387,1309,464,2079,
807,80.565,18,Bottle,0.5701,1950,565,1960,589,240,3419
807,80.565,18,Bottle,0.5489,2013,497,2034,514,357,3419
807,80.565,18,Bottle,0.3630,1200,321,1223,402,1863,
807,80.565,18,Bottle,0.3030,1323,322,1354,388,2046,
808,80.665,18,Bottle,0.7401,1189,324,1213,396,1728,
808,80.665,18,Bottle,0.6618,1933,554,1946,586,416,3865
808,80.665,18,Bottle,0.6384,1944,552,1955,587,385,3865
808,80.665,18,Bottle,0.6152,1948,566,1957,589,207,3865
808,80.665,18,Bottle,0.3540,1272,385,1295,458,1679,
808,80.665,18,Cigarette,0.3015,607,598,648,620,902,
809,80.765,18,Bottle,0.8067,1255,368,1281,446,2028,
809,80.765,18,Bottle,0.7317,1932,551,1945,585,442,3865
809,80.765,18,Bottle,0.5232,1943,550,1954,584,374,3865
809,80.765,18,Bottle,0.5047,1179,319,1201,385,1452,
810,80.865,18,Bottle,0.7902,1247,365,1273,442,2002,
810,80.865,18,Bottle,0.6787,1933,551,1945,584,396,3865
810,80.865,18,Bottle,0.5817,1174,316,1195,376,1260,
810,80.865,18,Bottle,0.5183,1946,555,1956,587,320,3865
811,80.965,18,Bottle,0.8148,1244,364,1270,439,1950,
811,80.965,18,Bottle,0.7774,1944,549,1953,584,315,3865
811,80.965,18,Bottle,0.6180,1934,542,1946,565,276,3865
811,80.965,18,Bottle,0.5069,1170,315,1194,378,1512,
811,80.965,18,Bottle,0.4561,1936,561,1945,585,216,3865
811,80.965,18,Bottle,0.3209,1947,555,1956,586,279,3865
812,81.065,18,Bottle,0.7779,1234,355,1260,430,1950,
812,81.065,18,Bottle,0.7666,1944,549,1954,584,350,3865
812,81.065,18,Bottle,0.7414,1955,511,1968,534,299,3419
812,81.065,18,Bottle,0.5902,1934,541,1946,565,288,3865
812,81.065,18,Bottle,0.5708,1948,565,1957,587,198,3865
812,81.065,18,Bottle,0.4884,1936,565,1945,585,180,3865
812,81.065,18,Bottle,0.2859,1164,311,1187,372,1403,
812,81.065,18,knife,0.2515,495,804,525,865,1830,
813,81.165,18,Bottle,0.7984,1944,549,1954,584,350,3865
813,81.165,18,Bottle,0.7814,1231,351,1255,422,1704,
813,81.165,18,Bottle,0.7629,1955,511,1968,535,312,3419
813,81.165,18,Bottle,0.6004,1934,543,1945,565,242,3865
813,81.165,18,Bottle,0.4959,1948,566,1956,588,176,3865
813,81.165,18,Bottle,0.4225,1936,564,1945,586,198,3865
813,81.165,18,knife,0.2996,495,803,526,865,1922,
813,81.165,18,Cigarette,0.2917,607,594,643,620,936,
814,81.265,18,Bottle,0.8024,1221,348,1245,417,1656,
814,81.265,18,Bottle,0.7713,1944,550,1955,586,396,3865
814,81.265,18,Bottle,0.6737,1955,509,1969,535,364,3419
814,81.265,18,Bottle,0.6097,1934,542,1946,569,324,3865
814,81.265,18,Bottle,0.4061,1948,564,1957,588,216,3865
814,81.265,18,Cigarette,0.3733,606,597,643,619,814,
814,81.265,18,Bottle,0.3056,1154,293,1175,361,1428,
814,81.265,18,Bottle,0.2549,1127,229,1146,276,893,
815,81.365,18,Bottle,0.8002,1219,347,1244,414,1675,
815,81.365,18,Bottle,0.7457,1945,550,1957,587,444,3865
815,81.365,18,Bottle,0.6452,1935,543,1946,566,253,3865
815,81.365,18,Bottle,0.4547,1125,230,1144,276,874,
815,81.365,18,Bottle,0.3537,1152,293,1174,360,1474,
815,81.365,18,Cigarette,0.3342,607,597,644,619,814,
815,81.365,18,Bottle,0.3045,1956,509,1970,535,364,3419
816,81.465,18,Bottle,0.7173,1945,551,1957,587,432,3865
816,81.465,18,Bottle,0.7165,1147,295,1169,358,1386,
816,81.465,18,Bottle,0.6193,1935,544,1947,568,288,3865
816,81.465,18,Bottle,0.3555,1215,344,1237,408,1408,
816,81.465,18,Bottle,0.3247,1956,516,1970,535,266,3419
816,81.465,18,Cigarette,0.3039,609,598,649,619,840,
816,81.465,18,Cigarette,0.2699,1297,4,1342,35,1395,
817,81.565,18,Bottle,0.7785,1946,552,1958,586,408,3865
817,81.565,18,Bottle,0.7329,1207,339,1228,403,1344,
817,81.565,18,Bottle,0.6932,1096,126,1103,142,112,3788
817,81.565,18,Bottle,0.6002,1957,514,1970,536,286,3419
817,81.565,18,Bottle,0.5547,1937,544,1948,566,242,3865
817,81.565,18,Bottle,0.2573,1145,294,1165,355,1220,
818,81.665,18,Bottle,0.8071,1199,331,1223,398,1608,
818,81.665,18,Bottle,0.7285,1945,549,1957,585,432,3865
818,81.665,18,Bottle,0.5668,1936,542,1948,577,420,3865
818,81.665,18,Bottle,0.3979,1957,515,1970,534,247,3419
819,81.765,18,Bottle,0.6747,1938,544,1949,568,264,3865
819,81.765,18,Bottle,0.6557,1197,330,1221,396,1584,
819,81.765,18,Bottle,0.6486,1947,551,1959,586,420,3865
819,81.765,18,Bottle,0.3354,1950,561,1960,588,270,3865
819,81.765,18,Bottle,0.3143,1958,517,1972,535,252,3419
819,81.765,18,Bottle,0.2937,1937,547,1959,585,836,3865
819,81.765,18,Cigarette,0.2726,610,597,647,620,851,
820,81.865,18,Bottle,0.7152,1947,551,1959,587,432,3865
820,81.865,18,Bottle,0.6448,1189,328,1214,392,1600,
820,81.865,18,Bottle,0.5783,1938,544,1948,565,210,3865
820,81.865,18,Bottle,0.2506,1937,547,1960,585,874,3865
821,81.965,18,Bottle,0.7073,1949,563,1960,588,275,3865
821,81.965,18,Bottle,0.6133,1186,324,1208,390,1452,
821,81.965,18,Bottle,0.4839,1945,551,1955,584,330,3865
821,81.965,18,Cigarette,0.3877,607,599,642,619,700,
821,81.965,18,Bottle,0.3029,1935,542,1947,571,348,3865
822,82.065,18,Bottle,0.5673,1946,551,1955,585,306,3865
822,82.065,18,Bottle,0.4889,1177,320,1199,382,1364,
822,82.065,18,Cigarette,0.4447,610,600,650,620,800,
822,82.065,18,Bottle,0.3636,1934,545,1947,585,520,3865
822,82.065,18,Bottle,0.3045,1955,509,1969,535,364,3419
822,82.065,18,Bottle,0.2694,1935,543,1946,565,242,3865
823,82.165,18,Bottle,0.7805,1168,313,1192,378,1560,
823,82.165,18,Bottle,0.5478,1933,543,1945,584,492,3865
823,82.165,18,Cigarette,0.4249,608,597,645,621,888,
823,82.165,18,Bottle,0.2538,1353,273,1379,326,1378,
824,82.265,18,Bottle,0.6376,1931,542,1945,583,574,3865
824,82.265,18,Bottle,0.5069,1163,310,1186,372,1426,
824,82.265,18,Bottle,0.4059,1911,536,1925,558,308,3865
824,82.265,18,Cigarette,0.3395,606,596,644,621,950,
824,82.265,18,Bottle,0.3311,2006,501,2024,518,306,3419
825,82.365,18,Bottle,0.5148,1931,548,1944,584,468,3865
825,82.365,18,Cigarette,0.3356,607,596,645,621,950,
825,82.365,18,Bottle,0.2946,1353,277,1377,326,1176,
825,82.365,18,Bottle,0.2686,1946,551,1958,588,444,3419
825,82.365,18,Bottle,0.2574,1944,549,1953,584,315,3865
826,82.465,18,Bottle,0.5440,1931,548,1944,584,468,3865
826,82.465,18,Cigarette,0.3510,607,597,645,621,912,
826,82.465,18,Bottle,0.2997,1944,549,1953,584,315,3865
826,82.465,18,Bottle,0.2767,1354,277,1377,325,1104,
827,82.565,18,Bottle,0.6091,1950,506,1967,538,544,3419
827,82.565,18,Cigarette,0.5215,607,597,648,622,1025,
827,82.565,18,Bottle,0.4269,1147,298,1170,358,1380,
827,82.565,18,Bottle,0.3904,1944,549,1955,586,407,3865
827,82.565,18,Bottle,0.2962,1353,277,1375,325,1056,
828,82.665,18,Bottle,0.6193,1942,545,1953,581,396,3865
828,82.665,18,Bottle,0.5184,1142,293,1164,354,1342,
828,82.665,18,Bottle,0.4386,1935,552,1944,580,252,3865
828,82.665,18,Bottle,0.4180,1355,275,1379,326,1224,
829,82.765,18,Bottle,0.5535,1943,547,1953,582,350,3865
829,82.765,18,Bottle,0.3695,1991,619,2011,663,880,3419
829,82.765,18,Cigarette,0.3483,605,596,645,620,960,
829,82.765,18,Bottle,0.3290,1356,272,1379,328,1288,
829,82.765,18,Bottle,0.3210,1934,552,1945,583,341,3865
830,82.865,18,Bottle,0.4966,1943,548,1954,582,374,3865
830,82.865,18,Bottle,0.3868,1991,619,2012,664,945,3419
830,82.865,18,Cigarette,0.2992,605,595,643,619,912,
830,82.865,18,Bottle,0.2530,1354,273,1375,324,1071,
831,82.965,18,Bottle,0.7236,1932,551,1942,583,320,3865
831,82.965,18,Bottle,0.5785,1944,548,1953,583,315,3865
831,82.965,18,Bottle,0.3980,1947,562,1956,585,207,3865
831,82.965,18,Bottle,0.2934,1992,622,2012,664,840,3419
832,83.065,18,Bottle,0.8154,1943,549,1953,584,350,3865
832,83.065,18,Bottle,0.7352,1915,535,1925,543,80,3865
832,83.065,18,Bottle,0.5934,1933,551,1944,584,363,3865
832,83.065,18,Bottle,0.4516,1947,564,1955,585,168,3865
832,83.065,18,Cigarette,0.2838,607,594,643,620,936,
833,83.165,18,Bottle,0.7832,1943,549,1954,584,385,3865
833,83.165,18,Bottle,0.4518,1948,564,1956,586,176,3865
833,83.165,18,Bottle,0.3918,1934,541,1946,581,480,3865
833,83.165,18,Bottle,0.3353,1991,627,2016,666,975,3419
833,83.165,18,Cigarette,0.2783,607,598,644,620,814,
834,83.265,18,Bottle,0.7117,1945,550,1955,585,350,3865
834,83.265,18,Bottle,0.2707,1936,550,1946,584,340,3865
834,83.265,18,Bottle,0.2659,2518,405,2549,493,2728,
835,83.365,18,Bottle,0.8021,1937,544,1947,564,200,3865
835,83.365,18,Bottle,0.7772,1944,548,1956,585,444,3865
835,83.365,18,Bottle,0.6462,1950,564,1959,586,198,3865
835,83.365,18,Bottle,0.3371,1927,531,1936,545,126,3865
836,83.465,18,Bottle,0.7505,1945,549,1956,585,396,3865
836,83.465,18,Bottle,0.5965,1950,564,1959,587,207,3865
836,83.465,18,Bottle,0.3506,1936,540,1946,564,240,3865
837,83.565,18,Bottle,0.7068,1945,549,1957,586,444,3865
837,83.565,18,Bottle,0.3285,1356,251,1380,324,1752,
837,83.565,18,Bottle,0.2811,1950,564,1960,587,230,3865
838,83.665,18,Bottle,0.4933,1938,536,1950,564,336,3865
838,83.665,18,Bottle,0.2847,1945,549,1958,585,468,3865
840,83.865,18,Bottle,0.2568,1355,258,1379,331,1752,
841,83.965,18,Bottle,0.6227,1950,568,1960,589,210,3865
841,83.965,18,Bottle,0.4681,1937,554,1949,586,384,3865
841,83.965,18,Bottle,0.4144,1937,546,1946,565,171,3865
842,84.065,18,Bottle,0.3528,1951,568,1959,589,168,3865
842,84.065,18,Bottle,0.3012,1304,697,1387,864,13861,
843,84.165,18,Bottle,0.3557,1171,581,1214,710,5547,
843,84.165,18,Bottle,0.3090,1347,247,1377,320,2190,
843,84.165,18,Cigarette,0.3041,1851,827,1862,863,396,
847,84.565,18,Bottle,0.2974,1191,216,1213,256,880,
847,84.565,18,Bottle,0.2522,1349,255,1376,324,1863,
848,84.665,18,Bottle,0.6623,1945,562,1953,583,168,3865
848,84.665,18,Bottle,0.5895,1952,569,1959,589,140,3865
848,84.665,18,Bottle,0.3153,1194,214,1217,255,943,
849,84.765,18,Bottle,0.4262,1945,560,1954,583,207,3865
849,84.765,18,Bottle,0.3308,1194,214,1217,257,989,3799
849,84.765,18,Bottle,0.2762,1159,214,1175,253,624,
849,84.765,18,Bottle,0.2641,1936,560,1946,583,230,3865
850,84.865,18,Bottle,0.5939,1454,447,1477,505,1334,
850,84.865,18,Bottle,0.5189,1155,212,1173,257,810,
850,84.865,18,Bottle,0.4579,1439,295,1467,325,840,
850,84.865,18,Bottle,0.4520,1936,564,1947,586,242,3865
851,84.965,18,Bottle,0.7763,1950,552,1961,589,407,3865
851,84.965,18,Bottle,0.6859,1937,567,1948,587,220,3865
851,84.965,18,Bottle,0.3942,1190,217,1210,257,800,3799
851,84.965,18,Bottle,0.3064,1411,422,1434,480,1334,
852,85.065,18,Bottle,0.7579,1950,552,1961,589,407,3865
852,85.065,18,Bottle,0.7183,1170,230,1177,256,182,3788
852,85.065,18,Bottle,0.6054,1937,566,1948,587,231,3865
852,85.065,18,Bottle,0.4155,1161,220,1176,260,600,3788
852,85.065,18,knife,0.2562,1225,174,1228,189,45,3799
852,85.065,18,Bottle,0.2560,1193,220,1216,258,874,3799
852,85.065,18,Bottle,0.2508,1302,316,1338,419,3708,
853,85.165,18,Bottle,0.7287,1937,566,1948,588,242,3865
853,85.165,18,Bottle,0.6757,1950,552,1961,589,407,3865
853,85.165,18,Bottle,0.4253,1159,224,1175,260,576,3788
853,85.165,18,Bottle,0.3648,1333,386,1354,434,1008,
854,85.265,18,Bottle,0.8039,1951,555,1961,589,340,3865
854,85.265,18,Bottle,0.7756,1937,561,1947,588,270,3865
854,85.265,18,Bottle,0.4660,1300,365,1322,417,1144,
854,85.265,18,Bottle,0.3863,1302,339,1335,413,2442,
855,85.365,18,Bottle,0.5853,1950,555,1961,589,374,3865
855,85.365,18,Bottle,0.5753,1936,565,1947,588,253,3865
855,85.365,18,Bottle,0.3998,1267,347,1287,398,1020,
855,85.365,18,Cigarette,0.3165,1271,348,1299,401,1484,
855,85.365,18,Bottle,0.2556,1936,541,1959,590,1127,3865
855,85.365,18,Bottle,0.2535,1288,331,1310,365,748,
856,85.465,18,Bottle,0.8184,1936,568,1947,588,220,3865
856,85.465,18,Bottle,0.7322,1950,555,1961,589,374,3865
856,85.465,18,Bottle,0.4945,1240,334,1260,382,960,
856,85.465,18,Bottle,0.3489,1197,294,1221,356,1488,
856,85.465,18,Bottle,0.3052,1996,588,2013,601,221,3419
856,85.465,18,Bottle,0.2666,1935,547,1957,590,946,3865
857,85.565,18,Bottle,0.7729,1935,567,1946,587,220,3865
857,85.565,18,Bottle,0.6140,1948,553,1960,589,432,3865
857,85.565,18,Bottle,0.3251,1213,268,1252,357,3471,
857,85.565,18,Bottle,0.3244,1936,527,1949,559,416,3865
858,85.665,18,Bottle,0.6915,1935,567,1947,587,240,3865
858,85.665,18,Bottle,0.4871,1949,556,1961,589,396,3865
859,85.765,18,Bottle,0.6690,1947,555,1958,589,374,3865
859,85.765,18,Bottle,0.4950,1934,567,1946,587,240,3865
859,85.765,18,Bottle,0.2639,1148,276,1153,280,20,3788
860,85.865,18,Bottle,0.5261,1943,549,1956,586,481,3865
860,85.865,18,Bottle,0.4075,1151,270,1176,326,1400,
861,85.965,18,Bottle,0.8270,1924,542,1935,573,341,3865
861,85.965,18,Bottle,0.8166,1944,552,1954,585,330,3865
861,85.965,18,Bottle,0.5328,1947,557,1958,589,352,3865
861,85.965,18,Bottle,0.4803,1933,567,1944,586,209,3865
861,85.965,18,Bottle,0.2760,1130,271,1149,321,950,
862,86.065,18,Bottle,0.8102,1920,545,1932,576,372,3865
862,86.065,18,Bottle,0.7581,1943,553,1953,585,320,3865
862,86.065,18,Bottle,0.5822,1948,566,1957,589,207,3865
862,86.065,18,Bottle,0.4474,1933,566,1944,587,231,3865
862,86.065,18,Bottle,0.3158,1118,243,1141,310,1541,
863,86.165,18,Bottle,0.7807,1942,553,1953,584,341,3865
863,86.165,18,Bottle,0.7770,1947,561,1958,589,308,3865
863,86.165,18,Bottle,0.7328,1933,567,1942,586,171,3865
863,86.165,18,Bottle,0.7253,1915,541,1929,579,532,3865
863,86.165,18,Bottle,0.7081,1100,252,1111,272,220,4087
863,86.165,18,Bottle,0.3873,1080,227,1102,289,1364,4087
863,86.165,18,Bottle,0.3567,1169,229,1189,269,800,4045
863,86.165,18,Bottle,0.3107,1102,242,1125,290,1104,4087
863,86.165,18,Bottle,0.2503,1106,257,1128,273,352,4087
864,86.265,18,Bottle,0.8102,1943,553,1953,585,320,3865
864,86.265,18,Bottle,0.6492,1933,567,1943,586,190,3865
864,86.265,18,Bottle,0.5765,1088,239,1111,291,1196,4087
864,86.265,18,Bottle,0.5309,1948,563,1957,588,225,3865
864,86.265,18,Bottle,0.2692,1924,549,1933,581,288,3865
864,86.265,18,Bottle,0.2671,1912,544,1929,582,646,3865
864,86.265,18,Bottle,0.2560,1111,174,1121,191,170,4087
865,86.365,18,Bottle,0.8099,1073,239,1083,258,190,4087
865,86.365,18,Bottle,0.7955,1943,554,1953,586,320,3865
865,86.365,18,Bottle,0.6511,1918,545,1936,565,360,3865
865,86.365,18,Bottle,0.5981,1169,231,1187,271,720,4045
865,86.365,18,Bottle,0.5606,1910,548,1931,588,840,3865
865,86.365,18,Bottle,0.5350,1948,563,1958,589,260,3865
865,86.365,18,Bottle,0.4562,1075,218,1098,277,1357,4087
866,86.465,18,Bottle,0.7496,1943,554,1954,586,352,3865
866,86.465,18,Bottle,0.4789,1948,562,1958,589,270,3865
866,86.465,18,Bottle,0.2748,1933,567,1943,587,200,3865
867,86.565,18,Bottle,0.4517,1948,559,1958,589,300,3865
867,86.565,18,Bottle,0.4240,1943,553,1954,586,363,3865
867,86.565,18,Bottle,0.3959,1040,182,1077,265,3071,
867,86.565,18,Bottle,0.3950,1901,556,1924,607,1173,3865
867,86.565,18,Bottle,0.3347,1933,568,1943,587,190,3865
867,86.565,18,Bottle,0.2631,1930,555,1949,591,684,3865
868,86.665,18,Bottle,0.6674,1949,561,1959,590,290,3865
868,86.665,18,Bottle,0.4808,1900,558,1921,607,1029,3865
868,86.665,18,Bottle,0.3082,1048,190,1071,266,1748,
869,86.765,18,Bottle,0.6846,1943,552,1954,586,374,3865
869,86.765,18,Bottle,0.6548,1948,565,1959,590,275,3865
869,86.765,18,Bottle,0.5833,1906,567,1920,604,518,3865
869,86.765,18,Bottle,0.5592,1934,568,1944,588,200,3865
869,86.765,18,Bottle,0.3365,1227,231,1248,277,966,3799
870,86.865,18,Bottle,0.7132,1904,551,1927,587,828,3865
870,86.865,18,Bottle,0.7071,1949,565,1959,590,250,3865
870,86.865,18,Bottle,0.7038,1900,580,1909,608,252,3865
870,86.865,18,Bottle,0.4338,1228,236,1245,282,782,3799
870,86.865,18,Bottle,0.4264,1997,576,2010,588,156,3419
870,86.865,18,Bottle,0.4247,1943,553,1954,585,352,3865
870,86.865,18,Bottle,0.3334,1893,565,1914,614,1029,3865
871,86.965,18,Bottle,0.5809,1949,568,1960,590,242,3865
871,86.965,18,Bottle,0.4160,1233,245,1251,285,720,3799
871,86.965,18,Bottle,0.4063,1935,554,1950,588,510,3865
871,86.965,18,Bottle,0.2798,1182,242,1201,279,703,4045
872,87.065,18,Bottle,0.4040,1228,246,1246,283,666,3799
872,87.065,18,Bottle,0.3396,1990,632,2012,674,924,3419
872,87.065,18,Bottle,0.2721,1186,239,1204,280,738,4045
872,87.065,18,Bottle,0.2545,1333,275,1353,321,920,
872,87.065,18,Bottle,0.2537,1235,243,1251,284,656,3799
873,87.165,18,Bottle,0.7304,1895,580,1909,618,532,3865
873,87.165,18,Bottle,0.6405,1935,568,1947,588,240,3865
873,87.165,18,Bottle,0.5581,1990,636,2012,678,924,3419
873,87.165,18,Bottle,0.4964,1229,249,1249,286,740,3799
873,87.165,18,Bottle,0.4768,1946,551,1957,587,396,3865
873,87.165,18,Bottle,0.3219,1189,242,1207,284,756,4045
874,87.265,18,Bottle,0.8200,1935,568,1947,588,240,3865
874,87.265,18,Bottle,0.7789,1896,583,1910,622,546,3865
874,87.265,18,Bottle,0.6160,1946,551,1956,587,360,3865
874,87.265,18,Bottle,0.5635,1210,226,1221,249,253,4045
874,87.265,18,Bottle,0.4688,1950,568,1960,590,220,3865
874,87.265,18,Bottle,0.3730,1234,245,1251,283,646,3799
874,87.265,18,Bottle,0.3020,1895,595,1905,622,270,3865
874,87.265,18,Bottle,0.3006,1990,632,2011,680,1008,3419
874,87.265,18,Bottle,0.2565,1189,243,1207,285,756,4045
875,87.365,18,Bottle,0.8006,1897,586,1912,626,600,3865
875,87.365,18,Bottle,0.6834,1936,568,1949,588,260,3865
875,87.365,18,Bottle,0.4989,2021,477,2058,568,3367,3419
875,87.365,18,Bottle,0.4540,1951,568,1961,590,220,3865
875,87.365,18,Bottle,0.4328,1238,242,1258,285,860,3799
875,87.365,18,Bottle,0.2860,972,177,993,225,1008,
875,87.365,18,Bottle,0.2746,1897,598,1906,627,261,3865
875,87.365,18,Bottle,0.2500,1356,272,1378,324,1144,
876,87.465,18,Bottle,0.7688,1896,587,1911,627,600,3865
876,87.465,18,Bottle,0.7570,1936,568,1947,588,220,3865
876,87.465,18,Bottle,0.4763,1950,564,1960,590,260,3865
876,87.465,18,Bottle,0.3920,1191,268,1199,284,128,4045
876,87.465,18,Bottle,0.3915,1947,553,1956,589,324,3865
876,87.465,18,Bottle,0.3819,1248,255,1263,292,555,3799
876,87.465,18,Bottle,0.3360,1922,622,1957,660,1330,
876,87.465,18,Bottle,0.2771,1191,246,1207,288,672,4045
876,87.465,18,Bottle,0.2548,974,178,995,223,945,
876,87.465,18,Bottle,0.2518,1963,509,1976,547,494,3865
877,87.565,18,Bottle,0.5172,1251,259,1270,294,665,3799
877,87.565,18,Bottle,0.3945,1190,163,1202,182,228,4045
877,87.565,18,Bottle,0.2975,1193,249,1211,287,684,4045
878,87.665,18,Bottle,0.7316,1897,597,1908,628,341,4128
878,87.665,18,Bottle,0.6648,1252,255,1273,294,819,3799
878,87.665,18,Bottle,0.3728,1192,247,1209,289,714,4045
879,87.765,18,Bottle,0.5687,1254,258,1274,293,700,3799
879,87.765,18,Bottle,0.2553,950,157,976,214,1482,
880,87.865,18,Bottle,0.7197,1980,540,1992,559,228,3419
880,87.865,18,Bottle,0.5035,1259,254,1278,292,722,3799
880,87.865,18,Bottle,0.5003,1259,278,1267,291,104,3799
880,87.865,18,Bottle,0.3402,1886,542,1918,621,2528,
880,87.865,18,Bottle,0.2748,1355,268,1378,324,1288,
881,87.965,18,knife,0.8235,2177,1331,2201,1350,456,4137
881,87.965,18,Bottle,0.7416,1951,566,1962,591,275,3865
881,87.965,18,Bottle,0.7373,1897,587,1913,626,624,3865
881,87.965,18,Bottle,0.7346,1944,553,1957,588,455,3865
881,87.965,18,Bottle,0.5444,1264,252,1284,293,820,3799
882,88.065,18,Bottle,0.6546,1951,567,1962,590,253,3865
882,88.065,18,Bottle,0.6528,1945,554,1958,589,455,3865
882,88.065,18,Bottle,0.6166,1266,257,1286,298,820,
882,88.065,18,Bottle,0.5052,1897,588,1913,626,608,3865
882,88.065,18,Bottle,0.3704,2164,1086,2188,1119,792,4137
882,88.065,18,Bottle,0.3686,1205,252,1225,291,780,4045
882,88.065,18,Bottle,0.3431,2163,1077,2194,1146,2139,4137
883,88.165,18,Bottle,0.6825,1897,588,1913,627,624,3865
883,88.165,18,Bottle,0.6438,1951,567,1962,591,264,3865
883,88.165,18,Bottle,0.5904,1947,557,1958,589,352,3865
883,88.165,18,Bottle,0.4136,2104,1018,2125,1037,399,4137
883,88.165,18,Bottle,0.3527,1264,257,1281,297,680,
883,88.165,18,Bottle,0.3368,1897,604,1907,626,220,3865
883,88.165,18,knife,0.3294,2174,1259,2244,1299,2800,4137
883,88.165,18,Bottle,0.2945,1888,538,1922,624,2924,3865
883,88.165,18,Bottle,0.2554,1479,477,1507,550,2044,
884,88.265,18,Bottle,0.7447,1898,588,1913,628,600,3865
884,88.265,18,Bottle,0.5988,1944,556,1959,588,480,3865
884,88.265,18,Bottle,0.4783,1213,251,1230,297,782,4045
884,88.265,18,Bottle,0.4660,1270,264,1287,300,612,
884,88.265,18,Bottle,0.4592,1264,258,1282,298,720,
884,88.265,18,Bottle,0.4137,1949,544,1959,567,230,3865
884,88.265,18,Cigarette,0.3511,2037,1230,2064,1250,540,
884,88.265,18,Bottle,0.3462,1952,568,1961,591,207,3865
884,88.265,18,Bottle,0.3354,1237,222,1248,252,330,4045
885,88.365,18,Bottle,0.8080,1897,589,1913,628,624,3865
885,88.365,18,Bottle,0.7420,1946,556,1958,589,396,3865
885,88.365,18,Bottle,0.6534,1951,569,1962,591,242,3419
885,88.365,18,Bottle,0.5167,1265,261,1284,298,703,3799
885,88.365,18,Bottle,0.2805,1233,248,1248,287,585,
885,88.365,18,Cigarette,0.2732,613,598,654,620,902,
885,88.365,18,Bottle,0.2700,1359,405,1392,476,2343,
886,88.465,18,Bottle,0.8048,1897,589,1913,629,640,3865
886,88.465,18,Bottle,0.7358,1952,569,1962,592,230,3865
886,88.465,18,Bottle,0.6825,1937,570,1948,589,209,3865
886,88.465,18,Bottle,0.5916,1935,811,1954,847,684,4148
886,88.465,18,Bottle,0.5089,1948,558,1958,590,320,3865
886,88.465,18,Bottle,0.4827,1340,408,1362,465,1254,
886,88.465,18,Bottle,0.3627,1267,263,1285,301,684,3799
887,88.565,18,Bottle,0.7450,1951,568,1961,591,230,3865
887,88.565,18,Bottle,0.6864,1897,589,1913,628,624,3865
887,88.565,18,Bottle,0.4090,1885,758,1902,793,595,4148
887,88.565,18,Bottle,0.3591,1300,381,1321,442,1281,
887,88.565,18,Bottle,0.3007,1937,564,1950,588,312,3865
887,88.565,18,Cigarette,0.2609,613,599,654,620,861,
888,88.665,18,Bottle,0.7534,1901,590,1917,630,640,3865
888,88.665,18,Bottle,0.7360,1950,558,1961,591,363,3865
888,88.665,18,Bottle,0.7261,1956,570,1965,593,207,3865
888,88.665,18,Bottle,0.4911,1274,369,1297,425,1288,
888,88.665,18,Bottle,0.4134,1941,558,1957,590,512,3865
889,88.765,18,Bottle,0.5949,1940,570,1952,588,216,3865
889,88.765,18,Bottle,0.4709,1236,348,1256,402,1080,
889,88.765,18,Bottle,0.4569,1954,568,1965,591,253,3865
889,88.765,18,Bottle,0.4121,1197,329,1219,374,990,
889,88.765,18,Bottle,0.3030,1944,558,1958,588,420,3865
890,88.865,18,Bottle,0.7286,1942,584,1952,589,50,4127
890,88.865,18,Bottle,0.3553,1956,584,1961,591,35,4127
890,88.865,18,Bottle,0.2928,1852,704,1871,733,551,4148
891,88.965,18,Bottle,0.8084,1944,571,1954,591,200,3865
891,88.965,18,Bottle,0.7863,1959,570,1968,593,207,3865
891,88.965,18,Bottle,0.7552,1954,558,1963,588,270,3865
891,88.965,18,Bottle,0.5411,1904,591,1920,631,640,3865
891,88.965,18,Bottle,0.3381,1186,314,1207,370,1176,
891,88.965,18,Bottle,0.2905,1291,187,1302,202,165,3799
892,89.065,18,Bottle,0.8022,1943,573,1954,592,209,3865
892,89.065,18,Bottle,0.3625,1952,553,1962,589,360,3865
892,89.065,18,Bottle,0.3421,1958,566,1968,594,280,3865
892,89.065,18,Bottle,0.3114,1903,591,1919,632,656,3865
892,89.065,18,Bottle,0.2587,1282,266,1301,310,836,3799
893,89.165,18,Bottle,0.3185,1285,267,1307,317,1100,3799
894,89.265,18,Bottle,0.8399,1945,572,1955,593,210,3865
894,89.265,18,Bottle,0.6619,1286,264,1308,317,1166,3799
894,89.265,18,Bottle,0.4178,1904,591,1920,633,672,3865
895,89.365,18,Bottle,0.7430,1945,574,1955,593,190,3865
895,89.365,18,Bottle,0.6502,1283,268,1306,316,1104,3799
895,89.365,18,Bottle,0.5253,1300,193,1310,208,150,3799
895,89.365,18,Bottle,0.4155,1278,288,1287,311,207,4045
895,89.365,18,Bottle,0.3490,1904,610,1916,632,264,3865
895,89.365,18,Bottle,0.2894,930,116,951,166,1050,
896,89.465,18,Bottle,0.5062,1905,592,1921,633,656,3865
896,89.465,18,Bottle,0.4916,1945,573,1956,593,220,3865
896,89.465,18,Bottle,0.4215,1904,610,1917,632,286,3865
896,89.465,18,Bottle,0.3811,1285,280,1307,317,814,3799
896,89.465,18,Bottle,0.2951,1304,194,1312,209,120,3799
897,89.565,18,Bottle,0.4801,1944,572,1956,592,240,3865
897,89.565,18,Bottle,0.3244,1283,269,1307,316,1128,3799
897,89.565,18,Bottle,0.2904,1904,610,1916,632,264,3865
898,89.665,18,Bottle,0.6806,1307,195,1319,212,204,3799
898,89.665,18,Bottle,0.5765,1945,509,1960,536,405,3865
898,89.665,18,Bottle,0.5138,1944,573,1955,592,209,3865
899,89.765,18,Bottle,0.6522,1943,572,1955,591,228,3865
899,89.765,18,Bottle,0.5501,1945,500,1959,530,420,3865
899,89.765,18,Bottle,0.4053,1255,274,1275,325,1020,4045
899,89.765,18,Bottle,0.3966,1287,273,1311,326,1272,3799
899,89.765,18,Bottle,0.3784,982,119,1002,184,1300,
899,89.765,18,Bottle,0.3006,1958,573,1967,594,189,3865
900,89.865,18,Bottle,0.3589,1311,197,1322,216,209,3799
900,89.865,18,Bottle,0.2905,979,131,999,183,1040,
901,89.965,18,Bottle,0.8033,1943,571,1953,591,200,3865
901,89.965,18,Bottle,0.5972,1957,572,1966,593,189,3865
901,89.965,18,Bottle,0.5490,1903,591,1918,632,615,3865
902,90.065,18,Bottle,0.8072,1942,570,1954,589,228,3865
902,90.065,18,Bottle,0.6648,1902,589,1918,631,672,3865
902,90.065,18,Bottle,0.5584,1942,488,1957,521,495,3865
902,90.065,18,Bottle,0.4727,1312,195,1327,214,285,3799
902,90.065,18,Bottle,0.2642,1956,570,1966,592,220,3865
903,90.165,18,Bottle,0.8499,1942,570,1953,589,209,3865
903,90.165,18,Bottle,0.7645,1955,568,1967,592,288,3865
903,90.165,18,Bottle,0.4522,1901,589,1918,630,697,3865
903,90.165,18,Bottle,0.3297,1934,571,1943,584,117,3865
903,90.165,18,Cigarette,0.2770,751,201,770,239,722,
903,90.165,18,Cigarette,0.2557,620,604,661,624,820,
904,90.265,18,Bottle,0.8380,1941,570,1953,590,240,3865
904,90.265,18,Bottle,0.7881,1956,568,1967,593,275,3865
904,90.265,18,Bottle,0.6182,1901,590,1917,630,640,3865
904,90.265,18,Cigarette,0.2834,752,201,772,237,720,
904,90.265,18,Bottle,0.2645,1964,581,1975,597,176,3419
905,90.365,18,Bottle,0.8398,1941,570,1952,589,209,3865
905,90.365,18,Bottle,0.7237,1953,568,1966,592,312,3865
905,90.365,18,Cigarette,0.6829,1251,271,1254,280,27,4148
905,90.365,18,Bottle,0.6429,1900,589,1916,629,640,3865
905,90.365,18,Bottle,0.6110,1295,304,1305,330,260,4148
905,90.365,18,Cigarette,0.2774,751,200,771,242,840,
906,90.465,18,Bottle,0.8384,1941,570,1952,589,209,3865
906,90.465,18,Bottle,0.7385,1955,568,1966,593,275,3865
906,90.465,18,Bottle,0.6688,1900,589,1916,629,640,3865
907,90.565,18,Bottle,0.8609,1940,570,1951,588,198,3865
907,90.565,18,Bottle,0.6946,1955,567,1965,592,250,3865
907,90.565,18,Bottle,0.4224,1249,338,1279,395,1710,
908,90.665,18,Bottle,0.8299,1938,569,1950,588,228,3865
908,90.665,18,Bottle,0.6289,1953,566,1965,592,312,3865
908,90.665,18,Bottle,0.5235,1233,321,1260,382,1647,
908,90.665,18,Bottle,0.3948,1218,310,1262,406,4224,
908,90.665,18,Bottle,0.2929,1183,312,1209,378,1716,
908,90.665,18,Bottle,0.2745,1935,483,1945,497,140,3865
909,90.765,18,Bottle,0.8321,1938,569,1949,588,209,3865
909,90.765,18,Bottle,0.6008,1898,588,1913,628,600,3865
909,90.765,18,Bottle,0.4478,1325,301,1346,342,861,3799
909,90.765,18,Bottle,0.3513,1957,563,1972,598,525,3865
909,90.765,18,Bottle,0.2738,1351,273,1377,328,1430,3799
910,90.865,18,Bottle,0.8521,1938,569,1949,588,209,3865
910,90.865,18,Bottle,0.7106,1325,296,1349,342,1104,3799
910,90.865,18,Bottle,0.5737,1272,293,1291,343,950,4045
910,90.865,18,Bottle,0.5383,1352,275,1376,329,1296,3799
910,90.865,18,knife,0.2570,1335,208,1339,226,72,3799
911,90.965,18,Bottle,0.6225,1273,286,1293,343,1140,4045
911,90.965,18,Bottle,0.5844,1329,297,1351,343,1012,3799
911,90.965,18,Bottle,0.4920,1353,273,1376,330,1311,3799
911,90.965,18,Bottle,0.2770,1291,190,1310,236,874,4045
912,91.065,18,Bottle,0.5267,1337,314,1355,348,612,3799
912,91.065,18,Bottle,0.4284,1363,271,1376,299,364,3799
912,91.065,18,Bottle,0.2962,1357,280,1380,335,1265,3799
912,91.065,18,Bottle,0.2596,1274,307,1290,343,576,4045
913,91.165,18,Bottle,0.6071,1341,312,1357,347,560,3799
913,91.165,18,Bottle,0.2744,1299,201,1318,235,646,4045
914,91.265,18,Bottle,0.6131,1340,310,1359,348,722,3799
914,91.265,18,Cigarette,0.5668,1980,586,1992,597,132,3419
914,91.265,18,Bottle,0.3366,1286,219,1301,256,555,4045
915,91.365,18,Bottle,0.5214,1343,315,1361,349,612,3799
915,91.365,18,Bottle,0.4154,1290,223,1307,255,544,4045
915,91.365,18,Bottle,0.4142,1323,232,1337,250,252,4045
915,91.365,18,Bottle,0.3843,1307,191,1325,219,504,4045
916,91.465,18,Bottle,0.4838,1344,313,1360,347,544,3799
916,91.465,18,Bottle,0.3463,1326,232,1341,256,360,4045
916,91.465,18,Bottle,0.3137,1292,226,1310,257,558,4045
916,91.465,18,Bottle,0.2672,1372,327,1392,358,620,3799
916,91.465,18,Bottle,0.2509,1107,237,1132,305,1700,
917,91.565,18,Bottle,0.5542,1305,310,1321,357,752,4045
917,91.565,18,Bottle,0.3488,2006,779,2039,857,2574,
917,91.565,18,Bottle,0.2628,1342,314,1358,347,528,3799
918,91.665,18,Bottle,0.5385,1347,235,1363,262,432,3799
918,91.665,18,Bottle,0.4662,1306,313,1322,357,704,4045
918,91.665,18,Bottle,0.4249,1346,284,1367,343,1239,3799
918,91.665,18,Bottle,0.3837,1374,328,1391,361,561,3799
918,91.665,18,Bottle,0.3028,1347,326,1356,350,216,3799
918,91.665,18,Bottle,0.3022,1316,340,1326,358,180,4045
918,91.665,18,Bottle,0.3008,1345,300,1361,349,784,3799
918,91.665,18,Bottle,0.2502,1302,257,1335,360,3399,4045
919,91.765,18,Bottle,0.3395,1367,329,1386,360,589,3799
919,91.765,18,Bottle,0.2526,1324,331,1337,364,429,4045
920,91.865,18,Bottle,0.3765,2036,588,2056,626,760,3419
920,91.865,18,Bottle,0.2994,1309,287,1342,360,2409,4045
920,91.865,18,Bottle,0.2865,1323,328,1340,365,629,4045
921,91.965,18,Bottle,0.5984,1376,328,1397,371,903,3799
921,91.965,18,Bottle,0.3713,1323,323,1338,365,630,4045
921,91.965,18,Bottle,0.3320,952,110,973,168,1218,
922,92.065,18,Bottle,0.5060,1381,330,1405,373,1032,3799
922,92.065,18,Bottle,0.4120,1325,318,1342,365,799,4045
922,92.065,18,Bottle,0.2979,1975,573,1990,585,180,3419
923,92.165,18,Bottle,0.4089,1386,334,1406,374,800,3799
923,92.165,18,Bottle,0.3459,1325,314,1343,366,936,4045
923,92.165,18,Bottle,0.3376,1354,330,1376,372,924,4045
923,92.165,18,Bottle,0.2881,1975,572,1990,585,195,3419
924,92.265,18,Bottle,0.5987,1972,570,1990,584,252,3419
924,92.265,18,Bottle,0.3458,1047,196,1067,250,1080,
924,92.265,18,Bottle,0.3455,1070,202,1093,252,1150,
924,92.265,18,Bottle,0.3013,1329,265,1351,318,1166,4045
924,92.265,18,Bottle,0.2577,1324,329,1336,366,444,4045
925,92.365,18,Bottle,0.6891,1973,570,1991,585,270,3419
925,92.365,18,Bottle,0.2676,1324,331,1337,365,442,4088
925,92.365,18,Bottle,0.2655,1059,190,1085,247,1482,
926,92.465,18,Bottle,0.6705,1972,570,1990,585,270,3419
926,92.465,18,Bottle,0.5737,1327,342,1339,368,312,4088
926,92.465,18,Bottle,0.2522,1028,177,1051,241,1472,
927,92.565,18,Bottle,0.4002,1580,355,1593,361,78,4333
927,92.565,18,Bottle,0.2746,1339,350,1351,373,276,4088
928,92.665,18,Bottle,0.4660,1351,335,1371,380,900,4088
928,92.665,18,Bottle,0.2698,1327,297,1343,343,736,4045
929,92.765,18,Bottle,0.4803,1327,284,1347,348,1280,4045
929,92.765,18,Bottle,0.3818,1484,395,1512,426,868,4333
930,92.865,18,Bottle,0.8442,1935,570,1946,589,209,3865
930,92.865,18,Bottle,0.6899,1895,589,1911,630,656,3865
930,92.865,18,Bottle,0.3963,1949,566,1961,592,312,3865
930,92.865,18,Bottle,0.3666,1928,474,1958,508,1020,3865
930,92.865,18,Bottle,0.3415,1329,291,1347,350,1062,4045
930,92.865,18,Bottle,0.3331,1452,379,1481,413,986,4333
930,92.865,18,Bottle,0.2685,1470,460,1496,525,1690,
931,92.965,18,Bottle,0.8557,1934,569,1946,589,240,3865
931,92.965,18,Bottle,0.7850,1948,567,1959,592,275,3865
931,92.965,18,Bottle,0.6638,1894,588,1910,629,656,3865
931,92.965,18,Bottle,0.3028,1968,568,1992,594,624,3419
931,92.965,18,Bottle,0.2566,1331,307,1348,352,765,4045
932,93.065,18,Bottle,0.8601,1934,570,1946,590,240,3865
932,93.065,18,Bottle,0.7189,1947,567,1960,592,325,3865
932,93.065,18,Bottle,0.4982,1418,432,1441,489,1311,
932,93.065,18,Bottle,0.3447,1894,589,1910,630,656,3865
932,93.065,18,Bottle,0.3183,1894,604,1906,629,300,3865
932,93.065,18,Bottle,0.2587,1076,142,1095,188,874,
933,93.165,18,Bottle,0.8519,1934,571,1946,591,240,3865
933,93.165,18,Bottle,0.6141,1894,589,1910,630,656,3865
933,93.165,18,Bottle,0.6009,1947,567,1960,592,325,3865
933,93.165,18,Bottle,0.4690,1393,412,1417,474,1488,
933,93.165,18,Bottle,0.3102,1076,143,1096,188,900,
934,93.265,18,Bottle,0.8566,1934,570,1946,590,240,3865
934,93.265,18,Bottle,0.6078,1894,589,1910,630,656,3865
934,93.265,18,Bottle,0.5410,1947,567,1960,592,325,3865
934,93.265,18,Bottle,0.4060,1377,404,1397,459,1100,
934,93.265,18,Bottle,0.2656,1076,143,1096,187,880,
934,93.265,18,Bottle,0.2560,1957,522,1970,547,325,3419
935,93.365,18,Bottle,0.8532,1934,570,1946,590,240,3865
935,93.365,18,Bottle,0.6404,1894,589,1910,630,656,3865
935,93.365,18,Bottle,0.5527,1379,262,1396,294,544,4088
935,93.365,18,Bottle,0.5149,1947,568,1960,592,312,3865
935,93.365,18,Bottle,0.4114,1382,378,1391,397,171,4088
935,93.365,18,Bottle,0.3930,1353,388,1373,445,1140,
936,93.465,18,Bottle,0.8469,1934,569,1946,590,252,3865
936,93.465,18,Bottle,0.5825,1947,567,1960,592,325,3865
936,93.465,18,Bottle,0.5381,1894,589,1910,630,656,3865
936,93.465,18,Bottle,0.5062,1386,264,1404,290,468,4088
936,93.465,18,Bottle,0.2549,1452,347,1475,401,1242,3799
937,93.565,18,Bottle,0.8510,1934,569,1946,590,252,3865
937,93.565,18,Bottle,0.5768,1391,264,1413,299,770,4088
937,93.565,18,Bottle,0.5634,1894,588,1910,630,672,3865
937,93.565,18,Bottle,0.5339,1947,568,1960,592,312,3865
937,93.565,18,Bottle,0.2888,1894,603,1906,629,312,3865
937,93.565,18,Bottle,0.2509,1317,364,1335,411,846,
938,93.665,18,Bottle,0.8577,1934,570,1946,590,240,3865
938,93.665,18,Bottle,0.6755,1947,567,1960,592,325,3865
938,93.665,18,Bottle,0.4887,1894,589,1909,630,615,3865
938,93.665,18,Bottle,0.4748,1392,266,1413,300,714,4088
938,93.665,18,Cigarette,0.3137,610,600,650,620,800,
939,93.765,18,knife,0.4253,1451,301,1458,321,140,3799
939,93.765,18,Bottle,0.3666,1345,345,1363,376,558,4045
939,93.765,18,Cigarette,0.3469,611,599,650,619,780,
939,93.765,18,Bottle,0.2619,1395,269,1413,300,558,4088
940,93.865,18,Bottle,0.8246,1931,569,1944,590,273,3865
940,93.865,18,Bottle,0.4579,1945,567,1957,591,288,3865
940,93.865,18,Bottle,0.4445,1399,273,1425,307,884,4088
940,93.865,18,Bottle,0.4421,1891,589,1907,629,640,3865
940,93.865,18,Cigarette,0.3714,784,368,818,385,578,
940,93.865,18,Bottle,0.3013,1937,487,1946,517,270,3865
941,93.965,18,Bottle,0.6366,1932,570,1942,589,190,3865
941,93.965,18,Bottle,0.4659,1891,591,1905,628,518,3865
941,93.965,18,Cigarette,0.4388,783,368,822,386,702,
941,93.965,18,Bottle,0.3698,1493,255,1507,278,322,3799
941,93.965,18,Bottle,0.3582,1400,281,1421,308,567,4088
942,94.065,18,Bottle,0.6030,1930,569,1942,588,228,3865
942,94.065,18,Cigarette,0.4028,785,369,821,386,612,
942,94.065,18,Bottle,0.3737,1498,257,1512,281,336,3799
942,94.065,18,Bottle,0.3044,1890,590,1904,627,518,3865
942,94.065,18,Bottle,0.3001,1413,386,1431,420,612,4088
943,94.165,18,Bottle,0.5069,1930,568,1942,589,252,3865
943,94.165,18,Cigarette,0.3497,785,371,821,386,540,
943,94.165,18,Bottle,0.3469,1416,383,1434,421,684,4088
943,94.165,18,Cigarette,0.2896,1971,595,1975,600,20,3419
944,94.265,18,Bottle,0.5926,1422,371,1444,423,1144,4088
944,94.265,18,Bottle,0.4836,1930,568,1942,589,252,3865
944,94.265,18,Cigarette,0.3348,785,371,823,387,608,
944,94.265,18,Bottle,0.3162,1508,264,1522,286,308,3799
944,94.265,18,Bottle,0.3149,1351,344,1361,377,330,4045
944,94.265,18,Bottle,0.3048,1958,573,1977,604,589,3419
945,94.365,18,Bottle,0.6104,1930,569,1942,589,240,3865
945,94.365,18,Bottle,0.5418,1421,396,1435,426,420,4088
945,94.365,18,Cigarette,0.3835,785,371,823,387,608,
945,94.365,18,Bottle,0.3735,1958,573,1977,601,532,3419
945,94.365,18,Bottle,0.3614,1417,282,1438,315,693,4088
945,94.365,18,Bottle,0.3230,1371,313,1394,369,1288,4045
945,94.365,18,Bottle,0.2810,1419,377,1438,423,874,4088
945,94.365,18,Bottle,0.2647,1372,371,1393,390,399,4045
946,94.465,18,Bottle,0.7895,1930,569,1942,589,240,3865
946,94.465,18,Bottle,0.5936,1419,380,1437,422,756,4088
946,94.465,18,Bottle,0.5853,1959,573,1974,605,480,3419
946,94.465,18,Cigarette,0.4757,785,370,823,386,608,
946,94.465,18,Bottle,0.4684,1374,317,1393,358,779,4045
946,94.465,18,Bottle,0.3657,1890,591,1905,628,555,3865
947,94.565,18,Bottle,0.8159,1931,568,1944,590,286,3865
947,94.565,18,Bottle,0.8048,1925,500,1939,530,420,3865
947,94.565,18,Bottle,0.6471,1891,589,1907,630,656,3865
947,94.565,18,Cigarette,0.4811,784,370,822,386,608,
947,94.565,18,Bottle,0.3021,1947,566,1956,593,243,3865
947,94.565,18,Bottle,0.2851,1379,370,1397,398,504,4045
947,94.565,18,Bottle,0.2550,1379,319,1397,379,1080,4045
948,94.665,18,Bottle,0.7653,1924,500,1939,529,435,3865
948,94.665,18,Bottle,0.7192,1931,569,1944,590,273,3865
948,94.665,18,Bottle,0.6155,1891,589,1907,630,656,3865
948,94.665,18,Bottle,0.4791,1426,399,1438,426,324,4088
948,94.665,18,Bottle,0.4533,1947,566,1957,592,260,3865
948,94.665,18,Bottle,0.3797,1441,290,1459,319,522,4088
948,94.665,18,Cigarette,0.3790,783,371,822,386,585,
948,94.665,18,Bottle,0.3226,1380,366,1399,398,608,4045
949,94.765,18,Bottle,0.8090,1433,401,1448,429,420,4088
949,94.765,18,Bottle,0.7764,1932,569,1944,590,252,3865
949,94.765,18,Bottle,0.7385,1454,293,1495,372,3239,4088
949,94.765,18,Bottle,0.6712,1892,596,1907,630,510,3865
949,94.765,18,Bottle,0.5836,1447,289,1466,321,608,4088
949,94.765,18,Cigarette,0.4136,611,595,645,621,884,
949,94.765,18,Cigarette,0.2898,1446,331,1449,336,15,4088
949,94.765,18,Bottle,0.2741,2019,537,2036,570,561,3419
949,94.765,18,knife,0.2650,1378,262,1400,304,924,4045
950,94.865,18,Bottle,0.5426,1401,319,1426,360,1025,4045
950,94.865,18,Bottle,0.5334,1452,287,1473,323,756,4088
950,94.865,18,Cigarette,0.4622,610,596,645,620,840,
950,94.865,18,Bottle,0.3408,1515,405,1528,434,377,3799
951,94.965,18,Bottle,0.8402,1933,569,1945,590,252,3865
951,94.965,18,Bottle,0.5648,1894,589,1909,629,600,3865
951,94.965,18,Cigarette,0.5297,610,600,648,621,798,
951,94.965,18,Bottle,0.5093,1406,324,1429,373,1127,4045
951,94.965,18,knife,0.3612,1391,260,1404,278,234,4045
951,94.965,18,Bottle,0.2718,2518,413,2546,498,2380,
951,94.965,18,Bottle,0.2592,1396,320,1416,371,1020,4045
952,95.065,18,Bottle,0.8275,1934,569,1946,590,252,3865
952,95.065,18,Bottle,0.6318,1416,337,1436,394,1140,4045
952,95.065,18,Bottle,0.4919,1894,590,1910,629,624,3865
952,95.065,18,Cigarette,0.4516,610,601,651,621,820,
952,95.065,18,Bottle,0.3337,1391,337,1409,392,990,4045
952,95.065,18,Bottle,0.3055,1462,296,1484,328,704,4088
953,95.165,18,Bottle,0.8513,1894,590,1910,629,624,3865
953,95.165,18,Bottle,0.8335,1934,569,1946,591,264,3865
953,95.165,18,Cigarette,0.3002,610,600,651,621,861,
954,95.265,18,Bottle,0.8077,1894,590,1911,630,680,3865
954,95.265,18,Bottle,0.7810,1934,569,1947,591,286,3865
954,95.265,18,Bottle,0.5069,1472,301,1495,336,805,4088
954,95.265,18,Bottle,0.2569,1417,582,1440,626,1012,
955,95.365,18,Bottle,0.3533,1475,302,1499,336,816,4088
955,95.365,18,Bottle,0.3314,1399,374,1410,405,341,4045
956,95.465,18,Bottle,0.7782,1935,569,1947,590,252,3865
956,95.465,18,Bottle,0.6154,1898,590,1911,629,507,3865
956,95.465,18,Bottle,0.4691,1489,429,1502,460,403,4088
956,95.465,18,Bottle,0.3830,1895,606,1903,629,184,3865
956,95.465,18,Bottle,0.3279,1480,307,1503,338,713,4088
957,95.565,18,Bottle,0.8193,1935,569,1947,591,264,3865
957,95.565,18,Bottle,0.6847,1895,590,1911,630,640,3865
957,95.565,18,Bottle,0.6027,1936,507,1953,532,425,3865
957,95.565,18,Cigarette,0.5667,1510,309,1514,312,12,4088
957,95.565,18,Bottle,0.3501,1485,312,1506,343,651,4088
957,95.565,18,Bottle,0.2776,1933,520,1946,551,403,3865
957,95.565,18,Bottle,0.2684,1340,244,1378,326,3116,
957,95.565,18,Bottle,0.2669,1422,369,1443,420,1071,4045
958,95.665,18,Bottle,0.7775,1935,569,1947,591,264,3865
958,95.665,18,Bottle,0.7428,1895,606,1907,630,288,3865
958,95.665,18,Bottle,0.5448,1949,567,1960,592,275,3865
958,95.665,18,Bottle,0.5280,1935,524,1951,556,512,3865
958,95.665,18,Bottle,0.4988,1896,590,1911,630,600,3865
958,95.665,18,Bottle,0.4504,1431,362,1451,426,1280,4045
958,95.665,18,Bottle,0.4039,1497,318,1538,394,3116,4088
958,95.665,18,Bottle,0.3675,1494,315,1515,346,651,4088
959,95.765,18,Bottle,0.7918,1935,570,1947,591,252,3865
959,95.765,18,Bottle,0.7173,1895,606,1905,629,230,3865
959,95.765,18,Cigarette,0.4628,1922,1086,1947,1132,1150,
959,95.765,18,Bottle,0.4538,1937,529,1952,560,465,3865
959,95.765,18,Bottle,0.4319,1433,365,1458,426,1525,4045
959,95.765,18,Bottle,0.4315,1501,307,1544,391,3612,4088
959,95.765,18,Bottle,0.4273,1498,317,1521,346,667,4088
959,95.765,18,Bottle,0.3520,1960,565,1979,602,703,3419
960,95.865,18,Bottle,0.8062,1935,570,1948,590,260,3865
960,95.865,18,Bottle,0.7191,1895,606,1905,629,230,3865
960,95.865,18,Bottle,0.7078,1519,287,1565,397,5060,4088
960,95.865,18,Bottle,0.5512,1959,565,1979,602,740,3419
960,95.865,18,Bottle,0.3883,1939,538,1951,565,324,3865
960,95.865,18,Bottle,0.3510,1949,570,1960,592,242,3865
960,95.865,18,Bottle,0.2895,1895,596,1909,629,462,3865
961,95.965,18,Bottle,0.6966,1940,541,1954,570,406,3865
961,95.965,18,Bottle,0.6164,1526,303,1571,402,4455,4088
961,95.965,18,Bottle,0.5950,1935,571,1947,590,228,3865
961,95.965,18,Bottle,0.5363,1895,605,1906,630,275,3865
961,95.965,18,Bottle,0.3596,1580,436,1595,472,540,3799
961,95.965,18,Bottle,0.3313,1452,350,1473,412,1302,4045
961,95.965,18,Bottle,0.2679,1360,270,1383,323,1219,
961,95.965,18,Cigarette,0.2589,1506,428,1533,454,702,4088
962,96.065,18,Bottle,0.7520,1935,572,1946,590,198,3865
962,96.065,18,Bottle,0.6774,1939,544,1954,574,450,3865
962,96.065,18,Bottle,0.6409,1572,318,1588,328,160,4088
962,96.065,18,Bottle,0.6133,1895,607,1906,630,253,3865
962,96.065,18,Bottle,0.5050,1545,284,1569,324,960,4088
962,96.065,18,Bottle,0.4430,1523,323,1539,355,512,4088
962,96.065,18,Bottle,0.3821,1451,356,1472,435,1659,4045
962,96.065,18,Bottle,0.3163,1532,296,1575,402,4558,4088
963,96.165,18,Bottle,0.6945,1895,607,1906,630,253,3865
963,96.165,18,Bottle,0.5563,1539,297,1588,404,5243,4088
963,96.165,18,Bottle,0.4686,1452,363,1489,435,2664,4045
963,96.165,18,Bottle,0.4277,1951,522,1961,551,290,3865
963,96.165,18,Bottle,0.4213,1935,565,1947,591,312,3865
963,96.165,18,Bottle,0.3572,1895,591,1908,631,520,3865
963,96.165,18,Bottle,0.3521,1940,545,1953,577,416,3865
963,96.165,18,Bottle,0.3216,1553,289,1575,330,902,4088
963,96.165,18,Bottle,0.2967,1513,288,1545,354,2112,4088
964,96.265,18,Bottle,0.7315,1548,303,1593,413,4950,4088
964,96.265,18,Bottle,0.7136,1536,329,1559,361,736,4088
964,96.265,18,Bottle,0.5793,1934,566,1947,590,312,3865
964,96.265,18,Bottle,0.5604,1934,549,1950,590,656,3865
964,96.265,18,Bottle,0.5434,1894,606,1906,630,288,3865
964,96.265,18,Bottle,0.4140,1894,590,1909,630,600,3865
964,96.265,18,Bottle,0.3926,1542,429,1561,476,893,4088
964,96.265,18,Bottle,0.2755,1516,288,1546,359,2130,4088
965,96.365,18,Bottle,0.6041,1934,554,1950,590,576,3865
965,96.365,18,Bottle,0.5589,1894,597,1907,629,416,3865
965,96.365,18,Bottle,0.3545,1549,315,1595,415,4600,4088
965,96.365,18,Bottle,0.3104,1541,332,1563,366,748,4088
966,96.465,18,Bottle,0.6936,1553,311,1598,417,4770,4088
966,96.465,18,Bottle,0.6859,1934,570,1945,589,209,3865
966,96.465,18,Bottle,0.4042,1893,591,1908,629,570,3865
966,96.465,18,Bottle,0.3625,1542,450,1559,477,459,4088
966,96.465,18,Bottle,0.2724,1543,336,1565,370,748,4088
967,96.565,18,Bottle,0.7178,1934,569,1944,589,200,3865
967,96.565,18,Bottle,0.6171,1893,591,1908,629,570,3865
967,96.565,18,Bottle,0.3852,1555,333,1579,367,816,4088
967,96.565,18,Bottle,0.3028,1333,267,1355,322,1210,
967,96.565,18,Bottle,0.2706,1356,267,1380,326,1416,
968,96.665,18,Bottle,0.6974,1934,570,1944,589,190,3865
968,96.665,18,Bottle,0.6696,1893,592,1908,629,555,3865
968,96.665,18,Bottle,0.4639,1555,333,1578,366,759,4088
968,96.665,18,Bottle,0.3132,1954,568,1967,596,364,3419
968,96.665,18,Bottle,0.2767,1333,267,1355,322,1210,
968,96.665,18,Bottle,0.2760,1585,300,1607,336,792,4088
969,96.765,18,Bottle,0.6938,1933,568,1944,588,220,3865
969,96.765,18,Bottle,0.6668,1567,312,1618,422,5610,4088
969,96.765,18,Bottle,0.5545,1893,588,1908,629,615,3865
969,96.765,18,Bottle,0.4185,1644,317,1681,382,2405,3799
969,96.765,18,Cigarette,0.4130,609,600,649,621,840,
969,96.765,18,Bottle,0.2565,1954,571,1966,596,300,3419
970,96.865,18,Bottle,0.5664,1933,569,1943,589,200,3865
970,96.865,18,Bottle,0.4228,2442,1112,2469,1208,2592,
970,96.865,18,Cigarette,0.4191,609,600,647,621,798,
970,96.865,18,Bottle,0.4156,1892,592,1906,628,504,3865
970,96.865,18,Bottle,0.3377,1575,313,1616,416,4223,4088
970,96.865,18,Bottle,0.3353,1932,554,1944,589,420,3865
970,96.865,18,Bottle,0.2959,1953,570,1966,596,338,3419
970,96.865,18,Cigarette,0.2671,1524,286,1530,300,84,4045
971,96.965,18,Bottle,0.8475,1628,474,1643,511,555,3799
971,96.965,18,Bottle,0.4340,1602,309,1627,348,975,4088
971,96.965,18,Bottle,0.3783,1073,140,1094,188,1008,
972,97.065,18,Bottle,0.4298,1609,311,1632,351,920,4088
972,97.065,18,Bottle,0.3558,1073,142,1094,188,966,
972,97.065,18,Bottle,0.2585,1579,346,1602,384,874,4088
973,97.165,18,Bottle,0.7003,1935,553,1950,588,525,3865
973,97.165,18,Bottle,0.5546,1615,310,1640,350,1000,4088
973,97.165,18,Bottle,0.5511,1947,562,1957,591,290,3865
973,97.165,18,Bottle,0.4154,1892,589,1906,629,560,3865
973,97.165,18,Bottle,0.3971,1073,141,1094,188,987,
973,97.165,18,Bottle,0.2746,1544,379,1562,425,828,4045
974,97.265,18,Bottle,0.7022,1619,316,1646,356,1080,4088
974,97.265,18,Bottle,0.6070,1528,394,1559,468,2294,4045
974,97.265,18,Bottle,0.5283,1892,590,1906,628,532,3865
974,97.265,18,Bottle,0.5195,1933,553,1949,588,560,3865
974,97.265,18,Bottle,0.5054,1524,402,1547,466,1472,4045
974,97.265,18,Bottle,0.4730,1947,562,1957,591,290,3865
974,97.265,18,Bottle,0.3605,1072,140,1094,188,1056,
975,97.365,18,Bottle,0.5208,1946,561,1957,591,330,3865
975,97.365,18,Bottle,0.5050,1940,553,1949,588,315,3865
975,97.365,18,Bottle,0.4269,2033,807,2058,862,1375,
975,97.365,18,Cigarette,0.4030,1613,349,1616,352,9,4088
975,97.365,18,Bottle,0.3420,1892,590,1905,628,494,3865
975,97.365,18,Bottle,0.3170,836,84,854,124,720,
975,97.365,18,Bottle,0.3129,1072,141,1094,187,1012,
975,97.365,18,Cigarette,0.2665,605,599,643,622,874,
976,97.465,18,Cigarette,0.5242,606,598,643,622,888,
976,97.465,18,Bottle,0.4106,836,76,855,121,855,
976,97.465,18,Bottle,0.3901,1572,411,1591,449,722,4045
976,97.465,18,Bottle,0.2988,1670,499,1686,534,560,3799
977,97.565,18,Cigarette,0.5596,606,595,644,622,1026,
977,97.565,18,Bottle,0.4706,1866,716,1910,813,4268,
977,97.565,18,Cigarette,0.4289,2048,598,2052,602,16,3419
977,97.565,18,Bottle,0.3510,1634,326,1660,361,910,4088
977,97.565,18,Bottle,0.2829,2020,474,2054,564,3060,3419
977,97.565,18,Bottle,0.2805,1626,328,1665,400,2808,4088
978,97.665,18,Cigarette,0.5076,607,596,646,622,1014,
978,97.665,18,Bottle,0.4781,1831,686,1877,785,4554,
978,97.665,18,Bottle,0.4107,1629,326,1670,399,2993,4088
978,97.665,18,Bottle,0.3910,1639,327,1662,360,759,4088
978,97.665,18,Bottle,0.3266,2020,475,2054,563,2992,3419
979,97.765,18,Bottle,0.5545,1730,621,1773,715,4042,4532
979,97.765,18,Bottle,0.5074,1630,511,1640,539,280,4088
979,97.765,18,Bottle,0.4633,1644,330,1677,392,2046,4088
979,97.765,18,Cigarette,0.4525,608,599,649,622,943,
979,97.765,18,Bottle,0.4023,1579,448,1593,479,434,4045
979,97.765,18,Bottle,0.2721,1333,273,1354,322,1029,
980,97.865,18,Bottle,0.5634,1671,578,1709,676,3724,
980,97.865,18,Bottle,0.4493,1652,335,1691,411,2964,
980,97.865,18,Cigarette,0.3619,607,600,648,622,902,
980,97.865,18,Bottle,0.2847,1355,270,1377,325,1210,
980,97.865,18,Bottle,0.2699,1333,275,1354,322,987,
981,97.965,18,Bottle,0.7706,1894,593,1909,629,540,3865
981,97.965,18,Bottle,0.6916,1949,570,1959,591,210,3865
981,97.965,18,Bottle,0.5236,1934,554,1947,589,455,3865
981,97.965,18,Bottle,0.4922,1990,532,1999,550,162,3419
981,97.965,18,Bottle,0.4887,1615,548,1652,639,3367,
981,97.965,18,Bottle,0.4753,1653,349,1687,409,2040,
981,97.965,18,Bottle,0.4394,1944,555,1952,586,248,3865
981,97.965,18,Bottle,0.3757,1888,588,1900,620,384,3865
981,97.965,18,knife,0.2958,1782,358,1790,389,248,3799
982,98.065,18,Bottle,0.6006,1949,567,1960,592,275,3865
982,98.065,18,Bottle,0.5609,1894,594,1907,628,442,3865
982,98.065,18,Bottle,0.5608,1942,554,1952,588,340,3865
982,98.065,18,Bottle,0.3503,1934,568,1946,588,240,3865
982,98.065,18,Bottle,0.3196,1563,521,1594,606,2635,
982,98.065,18,Bottle,0.2637,1714,527,1726,567,480,3799
983,98.165,18,Bottle,0.7380,1950,568,1960,592,240,3865
983,98.165,18,Bottle,0.6761,1895,598,1908,629,403,3865
983,98.165,18,Bottle,0.6608,1935,570,1947,589,228,3865
983,98.165,18,Bottle,0.6092,1944,555,1953,589,306,3865
983,98.165,18,Bottle,0.4917,1621,298,1651,340,1260,4045
983,98.165,18,Bottle,0.2611,1888,587,1902,621,476,3865
984,98.265,18,Bottle,0.7206,1950,568,1960,592,240,3865
984,98.265,18,Bottle,0.7124,1935,569,1947,589,240,3865
984,98.265,18,Bottle,0.6410,1895,593,1908,630,481,3865
984,98.265,18,Bottle,0.6246,1660,418,1677,443,425,4045
984,98.265,18,Bottle,0.4145,1944,555,1952,588,264,3865
984,98.265,18,Bottle,0.3015,1628,297,1657,342,1305,4045
985,98.365,18,Bottle,0.8031,1935,570,1947,589,228,3865
985,98.365,18,Bottle,0.6360,1895,592,1908,630,494,3865
985,98.365,18,Bottle,0.5723,1988,532,2003,551,285,3419
985,98.365,18,Bottle,0.4770,1950,567,1960,592,250,3865
985,98.365,18,Bottle,0.4387,1615,440,1646,504,1984,4045
985,98.365,18,Bottle,0.3743,1440,448,1468,518,1960,
985,98.365,18,Bottle,0.3336,1944,555,1953,588,297,3865
985,98.365,18,Bottle,0.2797,1614,452,1632,504,936,4045
986,98.465,18,Bottle,0.7255,1935,569,1947,589,240,3865
986,98.465,18,Bottle,0.7093,1950,568,1960,592,240,3865
986,98.465,18,Bottle,0.6287,1895,597,1909,630,462,3865
986,98.465,18,Bottle,0.4826,1410,432,1434,492,1440,
986,98.465,18,Cigarette,0.3375,1380,431,1399,447,304,
987,98.565,18,Bottle,0.7929,1935,570,1947,589,228,3865
987,98.565,18,Bottle,0.7044,1950,561,1961,591,330,3865
987,98.565,18,Bottle,0.6103,1943,555,1953,589,340,3865
987,98.565,18,Bottle,0.3522,1987,533,2006,552,361,3419
988,98.665,18,Bottle,0.7750,1936,570,1947,589,209,3865
988,98.665,18,Bottle,0.7330,1950,564,1961,592,308,3865
988,98.665,18,Bottle,0.6967,1939,554,1953,589,490,3865
988,98.665,18,Bottle,0.6358,1895,589,1909,629,560,3865
988,98.665,18,Bottle,0.5596,1989,532,2005,551,304,3419
988,98.665,18,Bottle,0.4601,1685,559,1699,576,238,4088
988,98.665,18,Bottle,0.3511,1363,395,1384,460,1365,
988,98.665,18,Cigarette,0.2669,1669,427,1686,434,119,4045
988,98.665,18,knife,0.2585,1696,496,1705,529,297,4088
989,98.765,18,Bottle,0.8303,1935,570,1946,589,209,3865
989,98.765,18,Bottle,0.7891,1992,528,2003,546,198,3419
989,98.765,18,Bottle,0.6077,1813,597,1833,624,540,3799
989,98.765,18,Bottle,0.6071,1895,588,1911,628,640,3865
989,98.765,18,Bottle,0.5198,1336,384,1356,442,1160,
989,98.765,18,Bottle,0.3995,1950,566,1960,592,260,3865
989,98.765,18,Bottle,0.3695,1943,551,1952,588,333,3865
989,98.765,18,Bottle,0.2623,1694,403,1722,441,1064,4088
990,98.865,18,Bottle,0.4754,1992,522,2003,540,198,3419
990,98.865,18,Bottle,0.4407,1641,495,1652,518,253,4045
990,98.865,18,Bottle,0.3180,1299,367,1319,416,980,
990,98.865,18,Bottle,0.3127,1746,374,1771,404,750,4088
991,98.965,18,Bottle,0.5082,1752,597,1768,612,240,4088
991,98.965,18,Bottle,0.4292,1273,348,1293,399,1020,
991,98.965,18,Bottle,0.2823,1790,602,1807,622,340,3799
992,99.065,18,Bottle,0.7998,1927,541,1945,572,558,3865
992,99.065,18,Bottle,0.7675,1992,521,2004,539,216,3419
992,99.065,18,Bottle,0.7529,1936,571,1946,589,180,3865
992,99.065,18,Bottle,0.7475,1895,589,1911,629,640,3865
992,99.065,18,Bottle,0.7000,1803,581,1818,622,615,3799
992,99.065,18,Bottle,0.6055,1950,569,1960,593,240,3865
992,99.065,18,Bottle,0.5149,1252,327,1272,384,1140,
992,99.065,18,Bottle,0.3444,1258,334,1278,384,1000,
993,99.165,18,Bottle,0.6715,1992,522,2006,539,238,3419
993,99.165,18,Bottle,0.6337,1895,591,1910,630,585,3799
993,99.165,18,Bottle,0.4991,1902,589,1911,611,198,3799
994,99.265,18,Bottle,0.8496,1895,590,1912,630,680,3799
994,99.265,18,Bottle,0.6327,1992,522,2006,540,252,3419
994,99.265,18,Cigarette,0.2911,1665,449,1666,454,5,4045
994,99.265,18,Cigarette,0.2797,1714,579,1729,605,390,4088
995,99.365,18,Bottle,0.6245,1992,522,2006,540,252,3419
995,99.365,18,Cigarette,0.2738,608,596,642,618,748,
996,99.465,18,Bottle,0.8400,1936,569,1947,590,231,3799
996,99.465,18,Bottle,0.5934,1993,521,2007,540,266,3419
996,99.465,18,knife,0.4931,1944,474,1955,516,462,3799
996,99.465,18,Cigarette,0.3231,608,597,641,617,660,
996,99.465,18,Bottle,0.2537,1952,567,1955,591,72,3799
997,99.565,18,Bottle,0.8498,1994,523,2008,542,266,3419
997,99.565,18,Bottle,0.3437,1969,550,1978,577,243,3419
997,99.565,18,Bottle,0.3320,1874,611,1885,656,495,3799
997,99.565,18,Cigarette,0.2875,608,599,640,619,640,
998,99.665,18,Bottle,0.8169,1994,523,2009,542,285,3419
998,99.665,18,Bottle,0.7751,1149,231,1160,252,231,4617
998,99.665,18,Bottle,0.3635,1966,579,1991,598,475,3419
998,99.665,18,Cigarette,0.2784,607,599,639,619,640,
999,99.765,18,Bottle,0.7819,1996,523,2010,542,266,3419
999,99.765,18,Bottle,0.6465,1898,590,1914,630,640,3799
1000,99.865,18,Bottle,0.6849,1998,522,2011,543,273,3419
1001,99.965,18,Bottle,0.7050,2026,515,2039,530,195,3419
1001,99.965,18,Bottle,0.6288,1938,570,1950,590,240,3799
1001,99.965,18,Bottle,0.2814,1359,264,1384,329,1625,
1002,100.065,18,Bottle,0.8219,1940,570,1951,590,220,3799
1002,100.065,18,Bottle,0.6605,1922,646,1943,689,903,
1002,100.065,18,Bottle,0.3009,1359,264,1384,329,1625,
1003,100.165,18,Bottle,0.4852,1944,649,1964,697,960,3799
1003,100.165,18,Bottle,0.3472,1953,653,1962,696,387,3799
1003,100.165,18,Bottle,0.2745,1359,262,1384,329,1675,
1004,100.265,18,Bottle,0.2700,1359,262,1384,329,1675,
1005,100.365,18,Bottle,0.2571,1339,278,1356,321,731,
1006,100.465,18,Bottle,0.7495,1867,655,1887,700,900,4088
1006,100.465,18,Bottle,0.3780,1889,578,1911,621,946,4088
1006,100.465,18,Bottle,0.3182,1793,495,1817,558,1512,4045
1007,100.565,18,Bottle,0.7600,1993,702,2007,725,322,3799
1007,100.565,18,Bottle,0.3648,2021,480,2056,506,910,3799
1007,100.565,18,knife,0.3420,1965,615,1978,646,403,4088
1007,100.565,18,Bottle,0.2737,1888,576,1914,623,1222,4088
1008,100.665,18,Bottle,0.6995,2018,480,2054,515,1260,3799
1008,100.665,18,Bottle,0.3505,1989,645,2001,680,420,4088
1009,100.765,18,Bottle,0.4878,2014,480,2056,519,1638,3799
1010,100.865,18,Bottle,0.6727,1895,594,1908,630,468,4584
1010,100.865,18,Bottle,0.3423,1934,561,1945,589,308,4088
1010,100.865,18,Bottle,0.2661,1333,277,1353,322,900,
1011,100.965,18,Bottle,0.7883,1895,590,1910,630,600,4584
1011,100.965,18,Bottle,0.7802,1950,567,1960,593,260,4088
1011,100.965,18,Bottle,0.6987,1935,560,1947,590,360,4584
1012,101.065,18,Bottle,0.8067,1893,591,1908,631,600,4045
1012,101.065,18,Bottle,0.7829,1948,568,1958,594,260,4584
1012,101.065,18,Bottle,0.6855,1933,561,1947,591,420,4584
1012,101.065,18,Bottle,0.2961,1884,590,1897,622,416,4045
1013,101.165,18,Bottle,0.8418,1893,591,1909,631,640,4045
1013,101.165,18,Cigarette,0.4461,1892,405,1901,414,81,4045
1013,101.165,18,knife,0.3450,2054,625,2076,641,352,3799
1013,101.165,18,Bottle,0.2756,2051,716,2074,762,1058,3799
1013,101.165,18,Bottle,0.2575,1333,281,1351,323,756,
1014,101.265,18,Bottle,0.7984,1893,590,1909,630,640,4045
1014,101.265,18,Bottle,0.6374,1886,590,1897,619,319,4045
1015,101.365,18,Bottle,0.5986,1895,590,1909,625,490,4045
1015,101.365,18,Bottle,0.2956,1887,605,1910,673,1564,
1015,101.365,18,Bottle,0.2716,1333,280,1352,323,817,
1015,101.365,18,Cigarette,0.2664,1911,419,1918,429,70,4045
1016,101.465,18,Bottle,0.8119,1933,570,1944,590,220,4045
1016,101.465,18,Bottle,0.7161,1991,525,2005,545,280,4088
1016,101.465,18,Bottle,0.3024,1992,721,2014,772,1122,4088
1016,101.465,18,Cigarette,0.2605,1920,423,1927,434,77,4045
1017,101.565,18,Bottle,0.6511,1933,570,1944,589,209,4045
1017,101.565,18,Bottle,0.4982,2099,519,2128,586,1943,4088
1017,101.565,18,Bottle,0.3538,1990,525,2005,545,300,3419
1018,101.665,18,knife,0.7327,1897,464,1934,511,1739,4045
1018,101.665,18,Bottle,0.5010,2133,778,2143,803,250,3799
1018,101.665,18,Bottle,0.4259,2118,762,2143,804,1050,4088
1018,101.665,18,Bottle,0.3693,2113,525,2147,571,1564,4088
1018,101.665,18,Bottle,0.3471,2056,711,2095,829,4602,4088
1019,101.765,18,Bottle,0.2959,1935,582,1974,684,3978,
1019,101.765,18,Bottle,0.2713,1333,277,1352,322,855,
1020,101.865,18,Bottle,0.3274,1333,267,1353,320,1060,
1020,101.865,18,Bottle,0.3081,1956,630,1990,702,2448,4045
1021,101.965,18,Cigarette,0.5342,1927,488,1931,493,20,4045
1021,101.965,18,Bottle,0.3487,1954,606,1986,705,3168,4045
1021,101.965,18,Cigarette,0.3011,797,477,821,543,1584,
1022,102.065,18,Bottle,0.5651,1896,590,1912,630,640,4584
1022,102.065,18,Cigarette,0.3276,1961,697,1986,711,350,
1022,102.065,18,knife,0.2865,2127,739,2138,785,506,4088
1022,102.065,18,Cigarette,0.2526,2126,855,2144,875,360,4088
1022,102.065,18,Cigarette,0.2519,799,479,822,542,1449,
1023,102.165,18,Bottle,0.6613,1896,589,1912,629,640,4584
1023,102.165,18,Bottle,0.6032,1936,556,1948,589,396,4584
1023,102.165,18,Cigarette,0.5791,2174,831,2193,848,323,3799
1023,102.165,18,Bottle,0.4884,1951,568,1959,592,192,4045
1023,102.165,18,Bottle,0.4167,1898,486,1932,515,986,4584
1023,102.165,18,Bottle,0.2964,1981,587,2007,619,832,4045
1024,102.265,18,Bottle,0.6888,1896,589,1912,630,656,4584
1024,102.265,18,Bottle,0.6191,1952,567,1961,593,234,4584
1025,102.365,18,Bottle,0.8020,1952,568,1962,594,260,4584
1025,102.365,18,Bottle,0.7678,1937,558,1949,590,384,4584
1025,102.365,18,Bottle,0.7390,1896,590,1912,630,640,4584
1025,102.365,18,Bottle,0.3622,1898,486,1931,516,990,4584
1025,102.365,18,Bottle,0.3496,1995,605,2017,650,990,3419
1026,102.465,18,Bottle,0.7465,1937,558,1950,590,416,4584
1026,102.465,18,Bottle,0.5446,1896,589,1913,629,680,4584
1026,102.465,18,Bottle,0.5108,1952,567,1963,593,286,4584
1026,102.465,18,Cigarette,0.3901,1973,580,1978,588,40,3419
1026,102.465,18,Cigarette,0.3350,2125,849,2141,866,272,4088
1026,102.465,18,Bottle,0.3124,2252,880,2276,914,816,3799
1026,102.465,18,Bottle,0.3115,2196,648,2226,715,2010,4088
1026,102.465,18,Cigarette,0.2683,2122,832,2148,865,858,4088
1027,102.565,18,Bottle,0.7618,1952,567,1962,593,260,4584
1027,102.565,18,Bottle,0.6997,1937,558,1949,589,372,4584
1027,102.565,18,knife,0.6413,2242,785,2258,837,832,3799
1027,102.565,18,Bottle,0.5896,2238,872,2273,905,1155,3799
1028,102.665,18,Bottle,0.8153,2167,856,2185,910,972,4088
1028,102.665,18,Bottle,0.7837,1937,561,1949,590,348,4584
1028,102.665,18,Bottle,0.6839,1897,589,1913,629,640,4584
1028,102.665,18,Bottle,0.5417,1952,568,1963,593,275,4584
1028,102.665,18,Bottle,0.3979,1080,149,1100,184,700,
1028,102.665,18,Bottle,0.3807,1896,485,1928,531,1472,4584
1028,102.665,18,Cigarette,0.2536,2215,765,2231,791,416,4088
1029,102.765,18,Bottle,0.8133,1937,560,1949,590,360,4584
1029,102.765,18,Bottle,0.7155,1896,589,1913,630,697,4584
1029,102.765,18,Bottle,0.6133,1952,568,1962,593,250,4584
1029,102.765,18,Bottle,0.5999,2209,905,2226,931,442,4088
1029,102.765,18,Bottle,0.4398,1080,149,1100,184,700,
1029,102.765,18,Bottle,0.3353,2275,855,2302,907,1404,3799
1029,102.765,18,knife,0.2696,2032,546,2059,578,864,4045
1030,102.865,18,Bottle,0.7783,1937,559,1950,590,403,4584
1030,102.865,18,Bottle,0.7350,1897,589,1913,629,640,4584
1030,102.865,18,Bottle,0.4342,2208,906,2226,931,450,4088
1030,102.865,18,Bottle,0.3910,2028,476,2057,505,841,4045
1030,102.865,18,Bottle,0.3171,1081,149,1100,184,665,
1030,102.865,18,Bottle,0.2933,1952,568,1962,593,250,4584
1031,102.965,18,Cigarette,0.6153,2315,696,2322,704,56,3799
1031,102.965,18,Cigarette,0.2990,607,601,643,620,684,
1031,102.965,18,Bottle,0.2850,1995,526,2008,546,260,3419
1033,103.165,18,Bottle,0.7936,1898,591,1913,630,585,4584
1033,103.165,18,Cigarette,0.4965,2450,786,2465,798,180,3799
1033,103.165,18,Bottle,0.4623,1995,527,2008,547,260,3419
1033,103.165,18,Bottle,0.4369,1938,559,1950,591,384,4584
1033,103.165,18,Bottle,0.4278,2320,924,2336,963,624,3799
1033,103.165,18,Bottle,0.3421,1897,486,1928,519,1023,4584
1033,103.165,18,Bottle,0.3379,2031,478,2060,564,2494,3419
1033,103.165,18,Bottle,0.3303,1959,572,1972,598,338,4584
1034,103.265,18,knife,0.5037,2378,839,2408,851,360,3799
1035,103.365,18,knife,0.6574,2399,847,2419,875,560,3799
1035,103.365,18,Bottle,0.5282,1995,528,2008,547,247,3419
1035,103.365,18,Cigarette,0.4978,2085,785,2108,813,644,4045
1036,103.465,18,Bottle,0.6999,2388,991,2423,1040,1715,3799
1036,103.465,18,Cigarette,0.3656,2327,733,2336,746,117,4088
1037,103.565,18,Bottle,0.7554,1898,486,1933,520,1190,4584
1037,103.565,18,Bottle,0.7305,1898,591,1913,629,570,4584
1037,103.565,18,Bottle,0.3409,2386,989,2413,1017,756,3799
1037,103.565,18,Bottle,0.2505,1938,559,1951,591,416,4584
1038,103.665,18,Bottle,0.8275,1897,486,1937,518,1280,4584
1038,103.665,18,Bottle,0.7910,1898,591,1913,630,585,4584
1038,103.665,18,Bottle,0.6523,1938,559,1950,591,384,4584
1038,103.665,18,Bottle,0.3050,1081,148,1101,184,720,
1039,103.765,18,Bottle,0.7915,1897,485,1935,519,1292,4584
1039,103.765,18,Bottle,0.7347,1898,591,1913,629,570,4584
1039,103.765,18,knife,0.6402,2462,935,2466,962,108,3799
1039,103.765,18,Bottle,0.5228,2154,786,2167,811,325,4045
1039,103.765,18,Bottle,0.4838,1951,567,1962,593,286,4584
1039,103.765,18,Cigarette,0.4240,2147,840,2170,858,414,
1039,103.765,18,Bottle,0.4220,1937,557,1951,591,476,4584
1039,103.765,18,Bottle,0.3084,1081,147,1101,184,740,
1039,103.765,18,Bottle,0.3062,2174,717,2203,783,1914,4045
1040,103.865,18,Bottle,0.8198,1897,485,1938,518,1353,4584
1040,103.865,18,Bottle,0.7748,1995,523,2010,543,300,3419
1040,103.865,18,Bottle,0.7442,2352,1024,2388,1057,1188,4088
1040,103.865,18,Bottle,0.7405,1898,591,1913,630,585,4584
1040,103.865,18,Bottle,0.7271,1952,567,1963,593,286,4584
1040,103.865,18,Cigarette,0.4898,2150,831,2177,854,621,4045
1040,103.865,18,Bottle,0.4596,1938,560,1950,590,360,4584
1041,103.965,18,Bottle,0.8343,1938,560,1950,590,360,4584
1041,103.965,18,Bottle,0.7176,1995,517,2012,539,374,3419
1041,103.965,18,Bottle,0.6808,1952,568,1961,593,225,4584
1041,103.965,18,Bottle,0.5347,1896,486,1926,519,990,4584
1041,103.965,18,Cigarette,0.4952,2223,819,2227,822,12,4045
1041,103.965,18,Bottle,0.3640,1898,589,1913,629,600,4584
1041,103.965,18,Bottle,0.2928,1081,151,1100,184,627,
1041,103.965,18,Bottle,0.2924,1339,268,1357,321,954,
1042,104.065,18,Bottle,0.7837,1937,559,1950,590,403,4584
1042,104.065,18,Bottle,0.7328,1994,514,2011,533,323,3419
1042,104.065,18,Bottle,0.5162,1952,567,1963,591,264,4584
1042,104.065,18,Cigarette,0.4506,2238,832,2242,835,12,4045
1042,104.065,18,Bottle,0.3988,1081,150,1100,184,646,
1042,104.065,18,Bottle,0.3796,1898,589,1913,629,600,4584
1042,104.065,18,Bottle,0.3397,1897,484,1930,522,1254,4584
1043,104.165,18,Bottle,0.8013,1896,483,1934,519,1368,4584
1043,104.165,18,Bottle,0.7980,1993,512,2009,529,272,3419
1043,104.165,18,Bottle,0.7565,1936,559,1949,589,390,4584
1043,104.165,18,Bottle,0.5905,1897,589,1912,629,600,4584
1043,104.165,18,Bottle,0.5629,1950,567,1961,592,275,4584
1043,104.165,18,Bottle,0.3555,1081,150,1100,184,646,
1043,104.165,18,Cigarette,0.2724,2152,842,2171,857,285,4045
1044,104.265,18,Bottle,0.7543,1897,484,1933,514,1080,4584
1044,104.265,18,Bottle,0.7276,1936,559,1949,589,390,4584
1044,104.265,18,Bottle,0.6057,1896,589,1912,629,640,4584
1044,104.265,18,Bottle,0.6027,1950,567,1961,592,275,4584
1044,104.265,18,Bottle,0.4198,1991,512,2009,529,306,3419
1044,104.265,18,Bottle,0.3121,2208,809,2231,841,736,4045
1044,104.265,18,Bottle,0.2526,1956,568,1970,596,392,4584
1045,104.365,18,Bottle,0.8015,1991,511,2006,528,255,3419
1045,104.365,18,Bottle,0.7798,1935,560,1948,590,390,4584
1045,104.365,18,Bottle,0.6541,1895,589,1911,629,640,4584
1045,104.365,18,Bottle,0.6411,1895,484,1932,513,1073,4584
1045,104.365,18,Bottle,0.5529,1949,567,1960,592,275,4584
1045,104.365,18,knife,0.3959,2514,831,2524,849,180,3799
1045,104.365,18,Bottle,0.3430,1333,269,1354,319,1050,
1046,104.465,18,Bottle,0.7973,1988,511,2006,530,342,3419
1046,104.465,18,Bottle,0.7686,1935,559,1947,589,360,4584
1046,104.465,18,Bottle,0.6404,1895,588,1911,627,624,4584
1046,104.465,18,Cigarette,0.5824,2225,886,2238,898,156,4045
1046,104.465,18,Bottle,0.4602,1948,567,1960,591,288,4584
1046,104.465,18,Bottle,0.3194,1333,268,1354,320,1092,
1047,104.565,18,Bottle,0.7779,1988,511,2007,533,418,3419
1047,104.565,18,Bottle,0.7496,1935,559,1947,589,360,4584
1047,104.565,18,Bottle,0.4618,1948,567,1960,591,288,4584
1047,104.565,18,Cigarette,0.3997,2514,838,2521,850,84,3799
1047,104.565,18,Bottle,0.3680,1895,588,1911,627,624,4584
1047,104.565,18,Bottle,0.3595,2287,789,2314,863,1998,4045
1047,104.565,18,Bottle,0.3341,1333,267,1354,320,1113,
1048,104.665,18,Bottle,0.8089,1935,560,1947,589,348,4584
1048,104.665,18,Bottle,0.7051,1988,514,2007,532,342,3419
1048,104.665,18,Bottle,0.6269,1948,566,1960,591,300,4584
1048,104.665,18,Bottle,0.5706,1895,588,1910,626,570,4584
1048,104.665,18,Bottle,0.3215,1333,268,1353,321,1060,
1048,104.665,18,Bottle,0.3093,1031,140,1050,183,817,
1049,104.765,18,Bottle,0.7552,1934,555,1948,589,476,4584
1049,104.765,18,Bottle,0.7516,1948,566,1960,591,300,4584
1049,104.765,18,Bottle,0.6069,1895,589,1910,626,555,4584
1049,104.765,18,Bottle,0.5806,1988,515,2005,533,306,3419
1049,104.765,18,Bottle,0.3016,1333,269,1353,321,1040,
1050,104.865,18,Bottle,0.6981,1935,557,1947,589,384,4584
1050,104.865,18,Bottle,0.6866,1949,566,1960,591,275,4584
1050,104.865,18,Bottle,0.6255,1988,514,2006,533,342,3419
1050,104.865,18,Bottle,0.6214,1895,589,1911,626,592,4584
1050,104.865,18,Cigarette,0.4040,2303,947,2323,967,400,
1050,104.865,18,Bottle,0.3119,1333,270,1353,321,1020,
1051,104.965,18,Bottle,0.8065,1934,503,1942,525,176,4584
1051,104.965,18,Bottle,0.7325,1935,557,1949,589,448,4584
1051,104.965,18,Bottle,0.6997,1949,568,1959,591,230,4584
1051,104.965,18,Bottle,0.6893,1987,516,2005,535,342,3419
1051,104.965,18,Bottle,0.5380,1895,606,1905,627,210,4584
1051,104.965,18,Bottle,0.3950,1889,520,1932,632,4816,4584
1051,104.965,18,Cigarette,0.2763,2304,944,2325,965,441,4045
1052,105.065,18,Bottle,0.7915,1988,519,2003,538,285,3419
1052,105.065,18,Bottle,0.6734,1935,558,1949,590,448,4584
1052,105.065,18,Bottle,0.6611,1949,569,1959,592,230,4584
1052,105.065,18,Bottle,0.5876,1932,518,1947,555,555,4584
1052,105.065,18,Bottle,0.3825,1895,588,1911,629,656,4584
1052,105.065,18,Bottle,0.2510,1895,605,1907,629,288,4584
1053,105.165,18,Bottle,0.7691,1988,520,2003,538,270,3419
1053,105.165,18,Bottle,0.6833,1950,569,1959,592,207,4584
1053,105.165,18,Bottle,0.2915,1935,556,1948,590,442,4584
1054,105.265,18,Bottle,0.7214,1988,520,2003,539,285,3419
1054,105.265,18,Bottle,0.5148,1935,556,1949,590,476,4584
1054,105.265,18,Bottle,0.4643,1949,567,1960,591,264,4584
1055,105.365,18,Bottle,0.7807,1998,523,2012,543,280,3419
1055,105.365,18,Bottle,0.7286,1950,568,1961,592,264,4584
1055,105.365,18,Bottle,0.7065,1935,549,1952,590,697,4584
1055,105.365,18,Bottle,0.4085,1895,588,1911,629,656,4584
1056,105.465,18,Bottle,0.7429,1950,569,1960,591,220,4584
1056,105.465,18,Bottle,0.4998,1935,545,1955,590,900,4584
1056,105.465,18,Bottle,0.2554,1355,271,1377,323,1144,
1057,105.565,18,Bottle,0.7445,1950,569,1960,591,220,4584
1057,105.565,18,Bottle,0.6611,1935,553,1953,589,648,4584
1057,105.565,18,Bottle,0.2804,1355,269,1377,323,1188,
1058,105.665,18,Bottle,0.2720,1354,265,1377,324,1357,
1059,105.765,18,Bottle,0.2603,1355,266,1377,324,1276,
1060,105.865,18,Bottle,0.8740,1937,563,1949,590,324,4584
1060,105.865,18,Bottle,0.6915,1952,566,1962,592,260,4584
1060,105.865,18,Cigarette,0.2702,805,585,822,600,255,
1061,105.965,18,Bottle,0.7880,1938,558,1951,590,416,4584
1061,105.965,18,Bottle,0.7154,1952,567,1963,593,286,4584
1061,105.965,18,Bottle,0.5263,1897,598,1909,629,372,4584
1061,105.965,18,Cigarette,0.3796,804,586,822,601,270,
1061,105.965,18,Bottle,0.2874,1084,153,1103,185,608,
1062,106.065,18,Bottle,0.7956,1937,563,1949,591,336,4584
1062,106.065,18,Bottle,0.7293,1952,567,1963,592,275,4584
1062,106.065,18,Bottle,0.3732,1082,150,1102,184,680,
1062,106.065,18,Bottle,0.3670,1897,598,1911,629,434,4584
1062,106.065,18,Cigarette,0.3069,857,541,882,568,675,
1062,106.065,18,Cigarette,0.2789,804,586,823,600,266,
1063,106.165,18,Bottle,0.8206,1938,563,1949,590,297,4584
1063,106.165,18,Bottle,0.6979,1952,567,1963,592,275,4584
1063,106.165,18,Bottle,0.3906,1897,599,1910,629,390,4584
1063,106.165,18,Bottle,0.2963,1038,148,1057,187,741,
1063,106.165,18,Bottle,0.2708,765,95,790,155,1500,
1064,106.265,18,Bottle,0.8365,1938,563,1950,590,324,4584
1064,106.265,18,Bottle,0.8337,1952,567,1963,593,286,4584
1064,106.265,18,Bottle,0.5662,1897,598,1911,629,434,4584
1064,106.265,18,Bottle,0.4157,767,94,791,156,1488,
1064,106.265,18,Bottle,0.2787,1039,134,1060,190,1176,
1065,106.365,18,Bottle,0.8262,1938,563,1950,590,324,4584
1065,106.365,18,Bottle,0.7310,1952,566,1963,592,286,4584
1065,106.365,18,Bottle,0.2764,767,95,791,157,1488,
1066,106.465,18,Bottle,0.8110,1939,565,1950,590,275,4584
1066,106.465,18,Bottle,0.7849,1953,567,1964,592,275,4584
1066,106.465,18,Bottle,0.5352,1898,596,1913,629,495,4584
1066,106.465,18,Bottle,0.3135,767,97,791,159,1488,
1067,106.565,18,Bottle,0.8262,1952,567,1964,592,300,4584
1067,106.565,18,Bottle,0.8072,1938,563,1950,590,324,4584
1067,106.565,18,Bottle,0.3451,1898,596,1912,629,462,4584
1067,106.565,18,Bottle,0.2647,768,98,791,160,1426,
1068,106.665,18,Bottle,0.8554,1938,564,1949,589,275,4584
1068,106.665,18,Bottle,0.7291,1952,565,1964,593,336,4584
1068,106.665,18,Bottle,0.5293,1898,593,1913,629,540,4584
1069,106.765,18,Bottle,0.8651,1938,564,1949,589,275,4584
1069,106.765,18,Bottle,0.7839,1952,566,1963,592,286,4584
1069,106.765,18,Bottle,0.5596,1897,593,1913,629,576,4584
1069,106.765,18,Bottle,0.3271,2000,534,2013,554,260,3419
1070,106.865,18,Bottle,0.8626,1937,563,1949,589,312,4584
1070,106.865,18,Bottle,0.7903,1951,566,1962,592,286,4584
1070,106.865,18,Bottle,0.6182,1897,588,1913,630,672,4584
1071,106.965,18,Bottle,0.8430,1937,562,1949,589,324,4584
1071,106.965,18,Bottle,0.5244,1952,569,1961,592,207,4584
1071,106.965,18,Bottle,0.5131,1897,593,1911,629,504,4584
1072,107.065,18,Bottle,0.8230,1936,562,1948,590,336,4584
1072,107.065,18,Bottle,0.7675,1950,567,1961,592,275,4584
1072,107.065,18,Bottle,0.6352,1896,590,1911,629,585,4584
1073,107.165,18,Bottle,0.8052,1936,564,1948,591,324,4584
1073,107.165,18,Bottle,0.4511,1951,571,1961,593,220,4584
1074,107.265,18,Bottle,0.8429,1935,564,1947,591,324,4584
1074,107.265,18,Bottle,0.4882,1895,591,1910,631,600,4584
1075,107.365,18,Bottle,0.8327,1935,564,1948,590,338,4584
1075,107.365,18,Bottle,0.5365,1895,595,1910,630,525,4584
1076,107.465,18,Bottle,0.8170,1936,564,1948,591,324,4584
1076,107.465,18,Bottle,0.4439,1951,568,1960,592,216,4584
1076,107.465,18,Bottle,0.3262,1895,595,1911,631,576,4584
1076,107.465,18,Bottle,0.3042,2022,517,2035,543,338,3419
1076,107.465,18,Bottle,0.2606,1078,196,1103,284,2200,
1076,107.465,18,Bottle,0.2568,830,409,845,440,465,4807
1077,107.565,18,Bottle,0.8253,1935,564,1948,591,351,4584
1077,107.565,18,Bottle,0.4201,1950,568,1959,592,216,4584
1077,107.565,18,Bottle,0.2761,1089,225,1113,283,1392,
1078,107.665,18,Bottle,0.8026,1936,564,1948,591,324,4584
1078,107.665,18,Bottle,0.3151,1950,568,1960,592,240,4584
1078,107.665,18,Bottle,0.3070,1895,590,1912,631,697,4584
1079,107.765,18,Bottle,0.7992,1936,564,1948,590,312,4584
1079,107.765,18,Bottle,0.5673,1951,567,1961,592,250,4584
1079,107.765,18,Bottle,0.5521,1999,544,2011,563,228,3419
1079,107.765,18,Bottle,0.3795,1896,591,1912,631,640,4584
1079,107.765,18,Bottle,0.2842,1038,200,1060,255,1210,
1080,107.865,18,Bottle,0.8250,1936,564,1948,590,312,4584
1080,107.865,18,Bottle,0.6492,1896,591,1912,631,640,4584
1080,107.865,18,Bottle,0.5681,1952,568,1961,592,216,4584
1081,107.965,18,Bottle,0.8348,1951,567,1962,593,286,4584
1081,107.965,18,Bottle,0.7304,1937,565,1949,590,300,4584
1081,107.965,18,Bottle,0.6008,1897,595,1912,631,540,4584
1082,108.065,18,Bottle,0.8206,1952,568,1962,593,250,4584
1082,108.065,18,Bottle,0.7307,1937,568,1948,590,242,4584
1082,108.065,18,Bottle,0.7211,1897,596,1911,630,476,4584
1083,108.165,18,Bottle,0.8176,1938,564,1949,590,286,4584
1083,108.165,18,Bottle,0.8015,1952,568,1962,593,250,4584
1083,108.165,18,Bottle,0.7122,1898,596,1912,631,490,4584
1084,108.265,18,Bottle,0.7918,1938,563,1950,590,324,4584
1084,108.265,18,Bottle,0.7825,1952,568,1962,593,250,4584
1084,108.265,18,Bottle,0.7598,1898,596,1913,630,510,4584
1085,108.365,18,Bottle,0.8226,1939,563,1950,590,297,4584
1085,108.365,18,Bottle,0.7730,1953,568,1963,593,250,4584
1085,108.365,18,Bottle,0.6136,1898,596,1914,631,560,4584
1085,108.365,18,Bottle,0.2534,2480,662,2526,772,5060,4883
1086,108.465,18,Bottle,0.8316,1939,563,1951,590,324,4584
1086,108.465,18,Bottle,0.7355,1953,568,1963,593,250,4584
1086,108.465,18,Bottle,0.6300,1898,596,1914,630,544,4584
1090,108.865,18,Bottle,0.7924,1941,564,1953,592,336,4584
1090,108.865,18,Bottle,0.6762,1900,594,1916,632,608,4584
1091,108.965,18,Bottle,0.7727,1940,564,1952,591,324,4584
1091,108.965,18,Bottle,0.4445,1900,593,1913,631,494,4584
1092,109.065,18,Bottle,0.7655,1940,561,1953,591,390,4584
1092,109.065,18,Bottle,0.6400,1900,593,1914,631,532,4584
1093,109.165,18,Bottle,0.7557,1940,560,1953,591,403,4584
1093,109.165,18,Bottle,0.6545,1900,591,1913,631,520,4584
1093,109.165,18,Bottle,0.4443,2375,721,2382,736,105,4883
1093,109.165,18,Bottle,0.3520,2300,685,2331,714,899,4883
1094,109.265,18,Bottle,0.7269,1940,565,1953,591,338,4584
1094,109.265,18,Bottle,0.7148,2301,685,2329,722,1036,4883
1094,109.265,18,Bottle,0.5548,1900,599,1913,630,403,4584
1096,109.465,18,Bottle,0.3798,1113,162,1131,209,846,
1097,109.565,18,Bottle,0.7809,1940,569,1952,590,252,4584
1097,109.565,18,Bottle,0.3579,1895,599,1902,620,147,4584
1097,109.565,18,Bottle,0.2947,1902,592,1914,620,336,4584
1098,109.665,18,Bottle,0.2586,1083,142,1107,184,1008,
1099,109.765,18,Bottle,0.8016,1940,555,1953,590,455,4584
1099,109.765,18,Bottle,0.5365,2200,641,2213,656,195,4883
1099,109.765,18,Bottle,0.3765,1900,598,1913,631,429,4584
1100,109.865,18,Bottle,0.8362,1938,561,1950,589,336,4584
1100,109.865,18,Bottle,0.7956,2179,630,2191,643,156,4883
1100,109.865,18,knife,0.6597,1139,130,1143,146,64,4715
1100,109.865,18,Bottle,0.4859,1952,568,1962,591,230,4584
1100,109.865,18,Bottle,0.4389,1081,143,1104,185,966,
1100,109.865,18,Bottle,0.3690,1897,607,1909,629,264,4584
1101,109.965,18,Bottle,0.7777,1939,564,1951,591,324,4584
1101,109.965,18,Bottle,0.6403,2159,623,2174,638,225,4883
1101,109.965,18,Bottle,0.2910,932,232,947,250,270,4974
1102,110.065,18,Bottle,0.7567,1938,553,1952,590,518,4584
1102,110.065,18,Bottle,0.4762,1008,112,1027,172,1140,
1102,110.065,18,Bottle,0.3029,1953,567,1964,593,286,4584
1103,110.165,18,Bottle,0.7151,1938,552,1952,590,532,4584
1103,110.165,18,Bottle,0.4869,1952,567,1963,593,286,4584
1103,110.165,18,Bottle,0.3546,1007,117,1026,170,1007,
1103,110.165,18,Bottle,0.3375,2124,616,2137,630,182,4883
1103,110.165,18,knife,0.3164,1457,485,1477,494,180,4985
1104,110.265,18,Bottle,0.7374,1953,568,1963,592,240,4584
1104,110.265,18,Bottle,0.7194,963,258,981,277,342,4974
1104,110.265,18,Bottle,0.6571,1938,553,1951,590,481,4584
1104,110.265,18,Bottle,0.4070,1008,112,1027,172,1140,
1104,110.265,18,Bottle,0.3695,1463,453,1472,476,207,4985
1105,110.365,18,Bottle,0.7544,976,267,994,287,360,4974
1105,110.365,18,Bottle,0.6515,1938,562,1950,590,336,4584
1105,110.365,18,Bottle,0.5431,1953,567,1963,591,240,4584
1105,110.365,18,Bottle,0.4468,2101,596,2119,638,756,4883
1105,110.365,18,Bottle,0.3723,1359,273,1385,318,1170,4985
1105,110.365,18,Bottle,0.3479,1375,291,1390,310,285,4985
1105,110.365,18,Bottle,0.3350,1008,112,1027,172,1140,
1105,110.365,18,Bottle,0.3150,1429,433,1440,449,176,4985
1105,110.365,18,Bottle,0.2738,940,326,949,339,117,4974
1105,110.365,18,Bottle,0.2704,1418,432,1438,487,1100,
1106,110.465,18,Bottle,0.7869,1939,564,1950,590,286,4584
1106,110.465,18,Bottle,0.7801,1953,567,1964,592,275,4584
1106,110.465,18,Bottle,0.7648,2081,584,2102,627,903,4883
1106,110.465,18,Bottle,0.5644,1009,112,1027,172,1080,
1107,110.565,18,Bottle,0.8211,1938,564,1950,590,312,4584
1107,110.565,18,Bottle,0.7800,1952,567,1964,592,300,4584
1107,110.565,18,Bottle,0.7441,2062,594,2081,621,513,4883
1107,110.565,18,Bottle,0.5104,1009,111,1027,174,1134,
1107,110.565,18,Bottle,0.4526,2062,597,2071,621,216,3419
1107,110.565,18,Bottle,0.2584,1362,393,1379,412,323,4985
1107,110.565,18,Bottle,0.2574,975,276,985,302,260,4974
1108,110.665,18,Bottle,0.5450,1953,568,1964,592,264,4584
1108,110.665,18,Bottle,0.4933,2044,590,2067,617,621,4883
1108,110.665,18,Bottle,0.3578,1938,567,1951,590,299,4584
1108,110.665,18,Bottle,0.2873,904,755,927,770,345,4807
1108,110.665,18,Cigarette,0.2764,928,681,956,716,980,4807
1109,110.765,18,Bottle,0.4852,1953,567,1964,591,264,4584
1109,110.765,18,Bottle,0.4620,1938,566,1950,589,276,4584
1109,110.765,18,Bottle,0.2947,1938,552,1953,589,555,4584
1109,110.765,18,Bottle,0.2688,1305,362,1323,411,882,
1110,110.865,18,Bottle,0.7732,1937,566,1949,589,276,4584
1110,110.865,18,Bottle,0.7032,1954,567,1964,592,250,4584
1110,110.865,18,Bottle,0.5612,1245,340,1255,367,270,4985
1110,110.865,18,Bottle,0.4032,2015,574,2029,600,364,4941
1110,110.865,18,Bottle,0.2881,1068,328,1085,353,425,4974
1111,110.965,18,Bottle,0.6120,1954,568,1963,592,216,4883
1113,111.165,18,Bottle,0.4910,1956,567,1965,592,225,3419
1113,111.165,18,Bottle,0.4903,1943,553,1956,587,442,3419
1113,111.165,18,Bottle,0.4796,1136,383,1162,413,780,4974
1114,111.265,18,Bottle,0.3375,1956,542,1970,573,434,3419
1114,111.265,18,Bottle,0.2965,1165,458,1179,484,364,4974
1115,111.365,18,Bottle,0.3149,1199,492,1213,517,350,4974
1116,111.465,18,Bottle,0.2520,1024,111,1046,166,1210,
1117,111.565,18,Bottle,0.4394,1024,113,1046,169,1232,4910
1118,111.665,18,Bottle,0.2521,1025,118,1045,171,1060,4910
1119,111.765,18,Bottle,0.6356,1947,553,1960,587,442,5042
1119,111.765,18,Bottle,0.3985,1083,136,1105,183,1034,
1119,111.765,18,Bottle,0.2928,1026,126,1046,173,940,
1120,111.865,18,Bottle,0.6464,1456,634,1499,699,2795,
1120,111.865,18,knife,0.3078,1904,609,1932,617,224,5042
1120,111.865,18,Bottle,0.2859,1026,109,1048,169,1320,
1121,111.965,18,Bottle,0.7357,1902,595,1916,630,490,5042
1121,111.965,18,Bottle,0.5705,1910,496,1921,530,374,5042
1121,111.965,18,Bottle,0.3922,2004,527,2015,549,242,5036
1121,111.965,18,Cigarette,0.3920,1389,814,1407,832,324,4974
1122,112.065,18,Bottle,0.7256,2006,526,2017,547,231,5036
1122,112.065,18,Bottle,0.6040,1946,555,1957,585,330,5083
1122,112.065,18,Bottle,0.3846,1928,533,1939,560,297,5083
1123,112.165,18,Bottle,0.5098,1904,586,1917,614,364,5042
1123,112.165,18,Bottle,0.4724,1901,596,1916,630,510,5042
1123,112.165,18,knife,0.3125,1015,603,1071,652,2744,4807
1124,112.265,18,Cigarette,0.6404,1875,1013,1890,1049,540,
1124,112.265,18,Bottle,0.4295,1875,504,1888,538,442,5042
1124,112.265,18,Bottle,0.2964,1823,482,1829,494,72,5042
1124,112.265,18,Bottle,0.2655,1845,607,1874,635,812,5042
1125,112.365,18,Cigarette,0.7353,2020,1127,2036,1175,768,
1125,112.365,18,Bottle,0.4786,1902,604,1914,629,300,5083
1125,112.365,18,Bottle,0.4023,1945,553,1959,585,448,5083
1126,112.465,18,Cigarette,0.2700,2176,1263,2194,1309,828,
1127,112.565,18,Cigarette,0.5695,2335,1404,2347,1432,336,
1127,112.565,18,Bottle,0.2553,653,812,676,863,1173,
1128,112.665,18,Bottle,0.2576,653,812,676,863,1173,
1129,112.765,18,Bottle,0.2782,653,812,676,863,1173,
1130,112.865,18,Bottle,0.7029,1902,594,1918,628,544,5083
1130,112.865,18,Bottle,0.4167,1956,570,1964,593,184,5083
1130,112.865,18,Bottle,0.3039,653,812,676,863,1173,
1131,112.965,18,Bottle,0.7651,1902,598,1914,629,372,5083
1131,112.965,18,Bottle,0.2605,1941,553,1958,585,544,5083
1132,113.065,18,Bottle,0.6328,1903,597,1915,628,372,5083
1132,113.065,18,Bottle,0.5176,1957,567,1965,592,200,5083
1132,113.065,18,Cigarette,0.3984,1144,591,1150,597,36,4807
1132,113.065,18,Bottle,0.3927,1942,554,1958,585,496,5083
1133,113.165,18,Bottle,0.4669,1942,553,1959,586,561,5083
1133,113.165,18,Bottle,0.4543,1958,567,1969,593,286,5083
1133,113.165,18,Bottle,0.4098,1903,597,1914,628,341,5083
1134,113.265,18,Bottle,0.4942,1957,567,1968,592,275,5083
1134,113.265,18,Bottle,0.4794,1902,597,1916,628,434,5083
1135,113.365,18,Bottle,0.7139,1903,598,1917,629,434,5083
1135,113.365,18,Bottle,0.5804,1957,568,1968,593,275,5083
1135,113.365,18,Bottle,0.5496,1744,448,1779,553,3675,5042
1135,113.365,18,Bottle,0.2774,1911,518,1936,543,625,5083
1136,113.465,18,Bottle,0.7255,1958,567,1969,593,286,5083
1136,113.465,18,Bottle,0.6906,1902,598,1917,629,465,5083
1136,113.465,18,Bottle,0.3592,1078,210,1098,264,1080,
1136,113.465,18,Bottle,0.3362,1790,489,1796,500,66,5042
1136,113.465,18,Bottle,0.2994,1941,556,1956,585,435,5083
1136,113.465,18,Bottle,0.2850,1033,108,1053,175,1340,
1137,113.565,18,Bottle,0.7091,1941,553,1959,585,576,5083
1137,113.565,18,Bottle,0.7021,1902,598,1917,629,465,5083
1137,113.565,18,Bottle,0.4045,1727,392,1769,536,6048,5042
1137,113.565,18,Bottle,0.3915,1909,514,1937,547,924,5083
1137,113.565,18,Bottle,0.2536,1964,566,1969,596,150,5036
1138,113.665,18,Bottle,0.8152,1903,597,1918,629,480,5083
1138,113.665,18,Bottle,0.7320,1726,414,1736,432,180,5042
1138,113.665,18,Bottle,0.4798,1942,553,1958,586,528,5083
1138,113.665,18,Bottle,0.4020,1908,512,1938,549,1110,5083
1138,113.665,18,Bottle,0.3343,1725,444,1763,536,3496,5042
1139,113.765,18,Bottle,0.7477,1903,596,1918,628,480,5083
1139,113.765,18,Bottle,0.6356,1942,552,1958,585,528,5083
1139,113.765,18,Bottle,0.3597,1910,510,1937,547,999,5083
1140,113.865,18,Bottle,0.7934,1902,595,1917,628,495,5083
1140,113.865,18,Bottle,0.7602,1914,509,1938,546,888,5083
1140,113.865,18,Bottle,0.7509,1700,406,1721,439,693,5042
1140,113.865,18,Bottle,0.6747,1941,553,1957,585,512,5083
1140,113.865,18,Bottle,0.5255,1957,566,1968,592,286,5036
1140,113.865,18,Bottle,0.3179,2028,483,2065,562,2923,5036
1141,113.965,18,Bottle,0.6594,1944,554,1958,585,434,5083
1141,113.965,18,Bottle,0.5424,1699,402,1714,423,315,5042
1141,113.965,18,Bottle,0.4491,1902,597,1915,630,429,5083
1142,114.065,18,Bottle,0.7117,1940,553,1957,584,527,5083
1142,114.065,18,Bottle,0.6431,1902,596,1914,629,396,5083
1142,114.065,18,Cigarette,0.3275,1191,632,1207,641,144,4807
1142,114.065,18,Bottle,0.3262,1964,583,1984,613,600,5036
1142,114.065,18,Bottle,0.2753,1083,129,1107,182,1272,
1143,114.165,18,Bottle,0.6650,1902,594,1914,629,420,5083
1143,114.165,18,Bottle,0.5870,2005,529,2015,548,190,5036
1143,114.165,18,Bottle,0.3469,1941,553,1957,585,512,5083
1143,114.165,18,Bottle,0.3234,1081,359,1099,409,900,5103
1143,114.165,18,Bottle,0.3025,1913,510,1936,545,805,5083
1144,114.265,18,Bottle,0.6565,1901,595,1914,629,442,5083
1144,114.265,18,Cigarette,0.4023,1237,798,1243,807,54,4807
1144,114.265,18,Bottle,0.3608,1939,553,1955,584,496,5083
1144,114.265,18,Bottle,0.3305,1677,387,1700,426,897,5042
1144,114.265,18,Bottle,0.2725,1912,508,1937,546,950,5083
1145,114.365,18,Bottle,0.4842,2007,519,2018,539,220,5036
1145,114.365,18,Bottle,0.4018,1902,597,1914,630,396,5083
1145,114.365,18,Bottle,0.3982,1139,407,1160,453,966,5103
1145,114.365,18,Bottle,0.3094,2031,480,2065,564,2856,5036
1145,114.365,18,Bottle,0.2664,1086,143,1107,186,903,
1146,114.465,18,Bottle,0.5465,2004,517,2018,537,280,5036
1146,114.465,18,Bottle,0.5318,1940,554,1957,585,527,5083
1146,114.465,18,Bottle,0.4160,1902,602,1914,630,336,5083
1146,114.465,18,Bottle,0.3574,1027,108,1050,171,1449,
1146,114.465,18,Bottle,0.3439,1086,144,1107,185,861,
1146,114.465,18,Bottle,0.3269,2031,480,2065,562,2788,5036
1146,114.465,18,Bottle,0.3125,1914,503,1941,544,1107,5083
1146,114.465,18,Cigarette,0.2821,1231,667,1245,683,224,4807
1147,114.565,18,Bottle,0.6337,2005,517,2017,536,228,5036
1147,114.565,18,Bottle,0.5974,1922,499,1942,533,680,5083
1147,114.565,18,Bottle,0.5841,1941,553,1957,585,512,5083
1147,114.565,18,Bottle,0.4740,1026,109,1049,174,1495,
1147,114.565,18,Bottle,0.3597,1901,596,1915,630,476,5083
1147,114.565,18,Bottle,0.3148,1086,145,1106,185,800,
1148,114.665,18,Bottle,0.7471,1920,498,1944,536,912,5083
1148,114.665,18,Bottle,0.7206,2002,520,2017,539,285,5036
1148,114.665,18,Bottle,0.4714,1028,109,1049,174,1365,
1148,114.665,18,Bottle,0.4054,1086,143,1106,185,840,
1148,114.665,18,Bottle,0.3438,1651,386,1683,484,3136,5042
1148,114.665,18,Bottle,0.3186,1941,553,1957,585,512,5083
1149,114.765,18,Bottle,0.5070,1924,493,1945,527,714,5083
1149,114.765,18,Bottle,0.4528,1230,646,1266,736,3240,4807
1149,114.765,18,Bottle,0.3842,1028,110,1049,175,1365,
1149,114.765,18,knife,0.3423,1270,838,1284,894,784,4807
1149,114.765,18,Bottle,0.3370,1901,595,1916,630,525,5083
1149,114.765,18,Bottle,0.3354,1086,143,1106,185,840,
1149,114.765,18,Bottle,0.3233,1927,492,1945,513,378,5083
1150,114.865,18,Bottle,0.5694,1925,490,1945,515,500,5083
1150,114.865,18,Bottle,0.5337,1942,553,1956,585,448,5083
1150,114.865,18,Bottle,0.3173,1086,141,1107,185,924,
1151,114.965,18,Bottle,0.4041,1922,488,1946,528,960,5083
1151,114.965,18,Cigarette,0.3359,1201,1028,1212,1035,77,4807
1151,114.965,18,Bottle,0.2964,1086,143,1107,186,903,
1152,115.065,18,Bottle,0.5520,1943,553,1958,586,495,5083
1152,115.065,18,Bottle,0.3546,1085,142,1107,186,968,
1152,115.065,18,Bottle,0.3261,1030,105,1050,175,1400,
1152,115.065,18,Bottle,0.2761,1931,485,1947,504,304,5083
1153,115.165,18,knife,0.4558,1596,318,1617,330,252,5042
1153,115.165,18,Bottle,0.3784,1921,484,1949,525,1148,5083
1153,115.165,18,Bottle,0.3725,1238,1059,1254,1073,224,4807
1153,115.165,18,Bottle,0.3474,1946,553,1959,586,429,5083
1153,115.165,18,Bottle,0.2599,1931,484,1948,503,323,5083
1154,115.265,18,Bottle,0.4464,1240,1064,1260,1087,460,4807
1154,115.265,18,Bottle,0.4098,1947,553,1959,586,396,5083
1154,115.265,18,Bottle,0.3984,1026,110,1048,171,1342,
1155,115.365,18,Bottle,0.5762,1241,1062,1271,1093,930,4807
1155,115.365,18,Bottle,0.5163,1904,595,1918,629,476,5083
1155,115.365,18,Bottle,0.4674,1947,554,1960,586,416,5083
1155,115.365,18,knife,0.2838,1761,766,1796,810,1540,
1156,115.465,18,Bottle,0.5538,1947,553,1960,586,429,5083
1156,115.465,18,Bottle,0.5272,1241,1061,1270,1094,957,4807
1156,115.465,18,Bottle,0.4563,1904,584,1918,629,630,5083
1156,115.465,18,Bottle,0.3755,1831,849,1911,979,10400,
1156,115.465,18,Bottle,0.2778,1583,358,1617,450,3128,5042
1156,115.465,18,Bottle,0.2728,1088,139,1110,182,946,
1157,115.565,18,Bottle,0.5236,1948,553,1961,587,442,5083
1157,115.565,18,knife,0.3080,1981,940,2038,1090,8550,5237
1157,115.565,18,Bottle,0.3059,1922,478,1948,522,1144,5083
1157,115.565,18,Bottle,0.2875,1904,597,1918,630,462,5083
1157,115.565,18,Bottle,0.2502,1089,141,1110,183,882,
1158,115.665,18,Cigarette,0.7013,2095,1089,2101,1095,36,5237
1158,115.665,18,Bottle,0.6479,1241,1062,1272,1093,961,4807
1158,115.665,18,Bottle,0.4690,1904,582,1920,631,784,5083
1158,115.665,18,knife,0.4458,1224,224,1227,238,42,4715
1159,115.765,18,Bottle,0.6913,1905,594,1920,630,540,5083
1159,115.765,18,knife,0.6680,2289,1170,2332,1229,2537,
1159,115.765,18,Bottle,0.5629,1564,341,1572,353,96,5042
1159,115.765,18,Cigarette,0.4906,2215,1394,2251,1440,1656,
1159,115.765,18,Bottle,0.3059,1564,335,1578,353,252,5042
1159,115.765,18,Bottle,0.2557,2257,1256,2280,1319,1449,5237
1159,115.765,18,Bottle,0.2516,1090,142,1110,184,840,
1160,115.865,18,Bottle,0.6653,1906,593,1921,630,555,5083
1160,115.865,18,knife,0.5201,2427,1293,2473,1352,2714,
1160,115.865,18,knife,0.4242,2158,1223,2205,1298,3525,5237
1160,115.865,18,Bottle,0.2758,1090,139,1110,184,900,
1161,115.965,18,Bottle,0.7129,1906,587,1919,629,546,5083
1161,115.965,18,Bottle,0.5229,1947,554,1962,586,480,5083
1161,115.965,18,Bottle,0.4324,1938,484,1953,496,180,5083
1161,115.965,18,Bottle,0.2593,1090,142,1110,184,840,
1161,115.965,18,Bottle,0.2564,654,816,678,862,1104,
1162,116.065,18,Bottle,0.7936,1544,327,1557,345,234,5042
1162,116.065,18,Bottle,0.6899,1906,586,1921,629,645,5083
1162,116.065,18,Bottle,0.6454,1950,555,1964,586,434,5083
1162,116.065,18,Bottle,0.4316,1937,485,1954,501,272,5083
1162,116.065,18,Bottle,0.3051,655,818,678,862,1012,
1163,116.165,18,Bottle,0.6501,1951,557,1963,586,348,5083
1163,116.165,18,Bottle,0.5928,1937,484,1953,501,272,5083
1163,116.165,18,Bottle,0.5246,1906,586,1921,629,645,5083
1163,116.165,18,Bottle,0.3462,655,818,678,862,1012,
1163,116.165,18,Bottle,0.2700,1090,140,1110,183,860,
1164,116.265,18,Bottle,0.6196,1906,588,1921,628,600,5083
1164,116.265,18,Bottle,0.6145,1945,554,1964,586,608,5083
1164,116.265,18,Bottle,0.6128,1937,484,1953,501,272,5083
1164,116.265,18,Bottle,0.3272,655,818,678,862,1012,
1165,116.365,18,knife,0.6824,1393,973,1418,1034,1525,4807
1165,116.365,18,Bottle,0.6742,1906,588,1920,628,560,5083
1165,116.365,18,Bottle,0.6410,1937,483,1953,501,288,5083
1165,116.365,18,Bottle,0.5422,1228,261,1236,273,96,4715
1165,116.365,18,Bottle,0.5255,1948,554,1963,585,465,5083
1165,116.365,18,Bottle,0.4932,1253,1104,1303,1162,2900,4807
1165,116.365,18,knife,0.3534,1567,318,1579,324,72,5042
1165,116.365,18,Bottle,0.3286,655,817,678,862,1035,
1166,116.465,18,Bottle,0.7360,1950,554,1963,584,390,5083
1166,116.465,18,Bottle,0.7247,1905,591,1920,629,570,5083
1166,116.465,18,Bottle,0.6488,1936,483,1952,499,256,5083
1166,116.465,18,Bottle,0.6057,1960,571,1968,592,168,5083
1166,116.465,18,Bottle,0.3003,654,816,678,862,1104,
1166,116.465,18,knife,0.2698,1561,315,1573,321,72,5042
1166,116.465,18,Bottle,0.2524,1231,256,1238,273,119,4715
1167,116.565,18,Bottle,0.7889,1936,482,1951,498,240,5083
1167,116.565,18,Bottle,0.7273,1905,589,1920,628,585,5083
1167,116.565,18,Bottle,0.6862,1949,552,1962,585,429,5083
1167,116.565,18,Bottle,0.4894,1959,571,1968,591,180,5083
1167,116.565,18,Bottle,0.3106,654,815,678,862,1128,
1168,116.665,18,Bottle,0.7528,1904,590,1919,628,570,5083
1168,116.665,18,Bottle,0.6761,1948,551,1961,584,429,5083
1168,116.665,18,Bottle,0.6539,1935,482,1951,498,256,5083
1168,116.665,18,Bottle,0.3608,1959,570,1967,591,168,5083
1168,116.665,18,Bottle,0.3541,653,812,678,863,1275,
1169,116.765,18,Bottle,0.7046,1904,590,1919,629,585,5083
1169,116.765,18,Bottle,0.5429,1959,570,1970,592,242,5083
1169,116.765,18,Bottle,0.5053,863,81,880,129,816,
1169,116.765,18,Bottle,0.5003,1945,552,1961,585,528,5083
1169,116.765,18,Bottle,0.4446,1935,482,1951,498,256,5083
1169,116.765,18,Bottle,0.3698,907,95,928,145,1050,
1169,116.765,18,Bottle,0.3246,653,811,677,863,1248,
1169,116.765,18,Bottle,0.2813,1088,140,1108,184,880,
1170,116.865,18,Bottle,0.6037,1946,552,1961,584,480,5083
1170,116.865,18,Bottle,0.5260,1903,592,1919,629,592,5083
1170,116.865,18,Bottle,0.3558,653,811,677,863,1248,
1170,116.865,18,Bottle,0.3245,1958,569,1969,591,242,5083
1170,116.865,18,Bottle,0.2996,861,86,875,126,560,
1170,116.865,18,Bottle,0.2981,1086,138,1108,185,1034,
1170,116.865,18,Bottle,0.2593,1495,307,1506,325,198,5042
1171,116.965,18,Bottle,0.5317,1945,551,1959,584,462,5083
1171,116.965,18,Bottle,0.5176,1958,568,1967,591,207,5083
1171,116.965,18,Bottle,0.5028,857,82,875,124,756,
1171,116.965,18,Bottle,0.3023,1025,113,1043,171,1044,5180
1172,117.065,18,Bottle,0.4922,1922,489,1939,520,527,5083
1172,117.065,18,Bottle,0.3517,1943,557,1956,584,351,5083
1172,117.065,18,Bottle,0.3063,1489,277,1524,381,3640,5042
1172,117.065,18,Bottle,0.2683,1903,604,1914,626,242,5083
1173,117.165,18,knife,0.5978,1460,1053,1477,1097,748,4807
1173,117.165,18,Bottle,0.3684,1025,117,1043,172,990,5180
1174,117.265,18,Bottle,0.4717,1024,116,1042,171,990,5180
1174,117.265,18,Bottle,0.3708,1943,561,1956,584,299,5083
1175,117.365,18,Bottle,0.7864,1958,567,1969,592,275,5083
1175,117.365,18,Bottle,0.5256,1943,562,1955,584,264,5083
1175,117.365,18,Bottle,0.3138,887,91,909,138,1034,
1175,117.365,18,Bottle,0.2761,1932,480,1949,504,408,5083
1175,117.365,18,Bottle,0.2655,1086,141,1107,185,924,
1176,117.465,18,Bottle,0.8003,1958,567,1969,592,275,5083
1176,117.465,18,Bottle,0.4535,1943,562,1955,584,264,5083
1176,117.465,18,Bottle,0.4512,1919,494,1939,527,660,5083
1176,117.465,18,Bottle,0.3041,1087,141,1108,185,924,
1176,117.465,18,Bottle,0.2770,884,87,906,135,1056,
1177,117.565,18,Bottle,0.4940,1959,567,1970,592,275,5083
1177,117.565,18,Bottle,0.4259,1943,555,1959,584,464,5083
1177,117.565,18,Bottle,0.3206,1087,141,1108,185,924,
1177,117.565,18,Bottle,0.2815,1904,589,1920,628,624,5083
1178,117.665,18,Bottle,0.5755,1904,589,1920,628,624,5083
1178,117.665,18,Bottle,0.4749,1945,562,1955,584,220,5083
1178,117.665,18,Bottle,0.3359,1086,139,1107,184,945,
1178,117.665,18,Bottle,0.2964,843,69,865,117,1056,
1178,117.665,18,Bottle,0.2845,1959,566,1970,592,286,5083
1179,117.765,18,Bottle,0.7004,1959,567,1970,592,275,5083
1179,117.765,18,Bottle,0.3967,1087,138,1107,183,900,
1179,117.765,18,Cigarette,0.3814,1525,1109,1532,1113,28,4807
1179,117.765,18,Bottle,0.3469,1904,589,1921,628,663,5083
1180,117.865,18,Bottle,0.6050,1284,244,1293,275,279,4715
1180,117.865,18,Bottle,0.5729,1906,590,1922,628,608,5083
1180,117.865,18,Bottle,0.3934,654,812,678,863,1224,
1180,117.865,18,Bottle,0.3927,1960,568,1971,592,264,5083
1180,117.865,18,Bottle,0.3191,1266,255,1286,294,780,4715
1181,117.965,18,Bottle,0.5930,1948,553,1963,585,480,5083
1181,117.965,18,Bottle,0.5557,1906,592,1920,628,504,5083
1181,117.965,18,Bottle,0.5474,1271,250,1292,296,966,4715
1181,117.965,18,knife,0.4543,1494,916,1534,1045,5160,4807
1181,117.965,18,Bottle,0.2544,654,816,678,863,1128,
1182,118.065,18,knife,0.6232,1380,1302,1478,1440,13524,4807
1182,118.065,18,Bottle,0.2669,1950,553,1963,584,403,5083
1182,118.065,18,Bottle,0.2517,655,817,678,862,1035,
1183,118.165,18,Bottle,0.4154,655,815,679,862,1128,
1183,118.165,18,Bottle,0.3736,1962,570,1970,591,168,5083
1184,118.265,18,Bottle,0.6416,2016,524,2028,541,204,5036
1184,118.265,18,Bottle,0.3842,1907,590,1923,627,592,5083
1184,118.265,18,Bottle,0.3799,655,814,679,862,1152,
1184,118.265,18,Cigarette,0.3589,623,592,663,611,760,
1184,118.265,18,Bottle,0.3074,869,74,889,122,960,
1185,118.365,18,Bottle,0.6910,2014,523,2026,543,240,5036
1185,118.365,18,Bottle,0.4572,1028,110,1047,169,1121,
1185,118.365,18,Bottle,0.3499,656,813,679,862,1127,
1185,118.365,18,Cigarette,0.3169,624,592,663,611,741,
1185,118.365,18,Bottle,0.3107,1907,589,1924,627,646,5083
1186,118.465,18,Bottle,0.4529,1908,591,1923,628,555,5083
1186,118.465,18,Bottle,0.4032,1270,234,1299,307,2117,4715
1186,118.465,18,Bottle,0.3819,2012,523,2024,546,276,5036
1186,118.465,18,Bottle,0.3713,656,812,679,862,1150,
1186,118.465,18,Bottle,0.3588,1030,127,1048,172,810,5180
1186,118.465,18,Cigarette,0.2988,624,592,663,611,741,
1187,118.565,18,Bottle,0.4862,1951,552,1965,585,462,5083
1187,118.565,18,Bottle,0.4644,1030,115,1048,172,1026,5180
1187,118.565,18,Bottle,0.4423,1908,592,1923,628,540,5083
1187,118.565,18,Bottle,0.3781,656,811,679,862,1173,
1187,118.565,18,Bottle,0.2983,2015,524,2024,542,162,5036
1187,118.565,18,Bottle,0.2658,1268,229,1299,307,2418,4715
1188,118.665,18,Bottle,0.3883,656,811,680,862,1224,
1189,118.765,18,Bottle,0.3888,656,812,680,862,1200,
1189,118.765,18,Bottle,0.3626,2011,525,2023,546,252,5036
1189,118.765,18,Bottle,0.3193,1918,509,1943,546,925,5083
1189,118.765,18,knife,0.3128,1576,1125,1594,1164,702,4807
1189,118.765,18,Bottle,0.3107,1963,568,1973,592,240,5083
1190,118.865,18,Bottle,0.4967,1923,508,1943,536,560,5083
1190,118.865,18,Bottle,0.4643,1031,106,1049,172,1188,5180
1190,118.865,18,Bottle,0.4435,1963,568,1973,592,240,5083
1190,118.865,18,Bottle,0.3853,656,812,679,862,1150,
1190,118.865,18,Cigarette,0.2625,622,594,665,611,731,
1191,118.965,18,knife,0.6587,1592,1150,1609,1184,578,4807
1191,118.965,18,Bottle,0.6544,1951,563,1960,584,189,5083
1191,118.965,18,Bottle,0.4556,657,813,680,862,1127,
1191,118.965,18,Bottle,0.3949,1916,610,1924,626,128,5083
1191,118.965,18,Bottle,0.3565,1964,570,1972,592,176,5083
1191,118.965,18,Bottle,0.2942,849,69,870,113,924,
1192,119.065,18,Bottle,0.4426,657,814,680,862,1104,
1192,119.065,18,Bottle,0.4274,1919,507,1943,546,936,5083
1192,119.065,18,Bottle,0.2954,1951,562,1961,584,220,5083
1193,119.165,18,Bottle,0.4543,657,813,680,862,1127,
1193,119.165,18,Bottle,0.4169,1951,562,1961,584,220,5083
1193,119.165,18,Bottle,0.3403,1432,281,1437,289,40,5042
1194,119.265,18,Bottle,0.6107,2009,524,2022,546,286,5036
1194,119.265,18,Bottle,0.4798,657,813,680,862,1127,
1194,119.265,18,Cigarette,0.4522,621,594,662,612,738,
1194,119.265,18,Bottle,0.4312,1908,593,1923,628,525,5083
1195,119.365,18,Bottle,0.5379,2009,525,2023,544,266,5036
1195,119.365,18,Cigarette,0.4797,623,594,663,612,720,
1195,119.365,18,Bottle,0.4670,1907,592,1923,629,592,5083
1195,119.365,18,Bottle,0.4669,656,813,679,862,1127,
1195,119.365,18,Bottle,0.4045,1036,106,1056,169,1260,5180
1196,119.465,18,Bottle,0.6363,1907,594,1922,628,510,5083
1196,119.465,18,Bottle,0.5114,2008,524,2022,545,294,5036
1196,119.465,18,Bottle,0.4559,656,814,679,862,1104,
1196,119.465,18,Cigarette,0.3686,622,594,664,612,756,
1196,119.465,18,Bottle,0.3534,1418,225,1438,281,1120,5042
1196,119.465,18,Bottle,0.2509,1297,203,1325,223,560,4715
1197,119.565,18,Cigarette,0.4988,1583,1394,1588,1406,60,4807
1197,119.565,18,Bottle,0.4584,656,816,680,862,1104,
1197,119.565,18,Bottle,0.4400,1906,592,1922,627,560,5083
1197,119.565,18,Bottle,0.3919,1088,135,1110,181,1012,
1197,119.565,18,Bottle,0.2822,1414,238,1437,278,920,5042
1197,119.565,18,Bottle,0.2784,1947,561,1959,584,276,5083
1197,119.565,18,Cigarette,0.2758,622,592,664,609,714,
1198,119.665,18,Bottle,0.5062,1905,592,1921,628,576,5083
1198,119.665,18,Bottle,0.3724,656,817,679,862,1035,
1198,119.665,18,Cigarette,0.2960,623,591,664,609,738,
1198,119.665,18,Bottle,0.2852,1087,137,1108,181,924,
1199,119.765,18,Bottle,0.6613,1904,589,1920,628,624,5083
1199,119.765,18,Cigarette,0.5679,2015,595,2021,602,42,5036
1199,119.765,18,Bottle,0.4552,1032,108,1051,172,1216,5180
1199,119.765,18,Cigarette,0.4352,621,593,663,609,672,
1199,119.765,18,Bottle,0.4241,1915,505,1939,544,936,5083
1199,119.765,18,Cigarette,0.3509,1617,1411,1624,1421,70,4807
1199,119.765,18,Cigarette,0.3365,790,447,832,465,756,
1200,119.865,18,Bottle,0.6709,1904,589,1920,629,640,5083
1200,119.865,18,Bottle,0.5871,1914,505,1940,545,1040,5083
1200,119.865,18,Bottle,0.3736,1031,110,1050,173,1197,5180
1200,119.865,18,Cigarette,0.2660,791,447,834,465,774,
1200,119.865,18,Cigarette,0.2592,620,593,662,610,714,
1201,119.965,18,Bottle,0.7294,1946,551,1959,584,429,5083
1201,119.965,18,Bottle,0.5948,1958,569,1968,591,220,5083
1201,119.965,18,Bottle,0.5849,1903,596,1917,627,434,5083
1201,119.965,18,Bottle,0.5758,1028,108,1047,167,1121,
1201,119.965,18,Cigarette,0.4767,2014,596,2020,604,48,5036
1201,119.965,18,Bottle,0.3992,2006,526,2016,544,180,5036
1201,119.965,18,Bottle,0.2625,1087,136,1107,180,880,
1202,120.065,18,Bottle,0.7074,1959,570,1969,592,220,5083
1202,120.065,18,Cigarette,0.6754,2015,597,2021,606,54,5036
1202,120.065,18,Bottle,0.6715,1946,553,1960,585,448,5083
1202,120.065,18,Bottle,0.6625,1904,596,1919,628,480,5083
1202,120.065,18,Bottle,0.5400,1030,111,1049,169,1102,
1202,120.065,18,Bottle,0.4875,2009,528,2018,544,144,5036
1202,120.065,18,Bottle,0.2636,1087,141,1108,184,903,
1203,120.165,18,Bottle,0.7914,1944,551,1960,584,528,5083
1203,120.165,18,Bottle,0.6138,1904,592,1918,628,504,5083
1203,120.165,18,Bottle,0.5695,2009,527,2018,545,162,5036
1203,120.165,18,Bottle,0.5608,1029,108,1048,168,1140,
1203,120.165,18,Bottle,0.4861,1918,504,1939,534,630,5083
1203,120.165,18,Bottle,0.4424,1958,569,1968,591,220,5083
1204,120.265,18,Bottle,0.7139,1944,551,1960,584,528,5083
1204,120.265,18,Bottle,0.6504,1958,569,1968,591,220,5083
1204,120.265,18,Bottle,0.6293,1903,589,1920,628,663,5083
1204,120.265,18,Bottle,0.5065,1028,108,1048,167,1180,
1204,120.265,18,Bottle,0.3395,1085,134,1109,181,1128,
1204,120.265,18,Bottle,0.3354,2008,527,2018,545,180,5036
1205,120.365,18,Bottle,0.7826,1943,551,1959,584,528,5083
1205,120.365,18,Bottle,0.6870,1029,108,1049,168,1200,
1205,120.365,18,Bottle,0.4460,1904,589,1920,627,608,5083
1205,120.365,18,Bottle,0.3420,1086,137,1109,181,1012,
1205,120.365,18,Bottle,0.3011,1916,504,1940,534,720,5083
1206,120.465,18,Bottle,0.7388,1943,551,1959,584,528,5083
1206,120.465,18,Bottle,0.5416,1029,106,1049,170,1280,
1206,120.465,18,Bottle,0.4694,1904,589,1920,627,608,5083
1206,120.465,18,Bottle,0.4061,1086,137,1109,181,1012,
1207,120.565,18,Bottle,0.6809,1943,551,1960,584,561,5083
1207,120.565,18,Bottle,0.5905,1904,589,1920,627,608,5083
1207,120.565,18,Cigarette,0.5030,1830,1277,1839,1281,36,4807
1207,120.565,18,knife,0.4625,1419,254,1424,273,95,5042
1207,120.565,18,Bottle,0.3827,1373,280,1394,324,924,4715
1207,120.565,18,Cigarette,0.3219,2015,596,2019,604,32,5036
1207,120.565,18,Bottle,0.2919,1030,114,1049,170,1064,
1207,120.565,18,Bottle,0.2835,1086,137,1109,181,1012,
1208,120.665,18,Bottle,0.5770,1904,593,1916,626,396,5083
1208,120.665,18,Cigarette,0.5707,1840,1283,1848,1287,32,4807
1208,120.665,18,Bottle,0.3103,1376,285,1396,323,760,5042
1208,120.665,18,Bottle,0.3082,1959,567,1968,590,207,5083
1208,120.665,18,Bottle,0.2965,1087,139,1108,181,882,
1208,120.665,18,Bottle,0.2802,1030,107,1050,168,1220,5180
1208,120.665,18,Bottle,0.2784,1391,209,1412,263,1134,5042
1208,120.665,18,Bottle,0.2684,2004,526,2017,548,286,5036
1209,120.765,18,Bottle,0.4090,1904,594,1918,626,448,5083
1210,120.865,18,Bottle,0.5456,1904,594,1917,626,416,5083
1210,120.865,18,Bottle,0.4613,2004,526,2016,549,276,5036
1210,120.865,18,Cigarette,0.2520,788,447,832,466,836,
1211,120.965,18,Cigarette,0.6878,2015,596,2020,604,40,5036
1211,120.965,18,Bottle,0.5648,1905,588,1920,628,600,5083
1211,120.965,18,Bottle,0.4603,2005,526,2016,548,242,5036
1211,120.965,18,Cigarette,0.4228,622,591,663,609,738,
1211,120.965,18,Bottle,0.2697,1929,504,1942,515,143,5083
1211,120.965,18,Cigarette,0.2696,1865,1374,1873,1380,48,4807
1212,121.065,18,Bottle,0.5738,1904,586,1920,628,672,5083
1212,121.065,18,Cigarette,0.5215,2014,595,2019,603,40,5036
1212,121.065,18,Cigarette,0.5109,621,592,663,609,714,
1212,121.065,18,Bottle,0.2513,2006,526,2016,547,210,5036
1213,121.165,18,Bottle,0.7681,1905,590,1921,628,608,5083
1213,121.165,18,Bottle,0.5643,1400,315,1424,359,1056,
1213,121.165,18,Cigarette,0.5297,622,591,663,609,738,
1213,121.165,18,Bottle,0.5109,2005,526,2016,547,231,5036
1213,121.165,18,Bottle,0.4899,1959,568,1969,591,230,5083
1214,121.265,18,Bottle,0.6829,1905,588,1921,628,640,5083
1214,121.265,18,Cigarette,0.5538,621,592,663,610,756,
1214,121.265,18,Bottle,0.3985,1399,312,1422,360,1104,
1214,121.265,18,Bottle,0.3517,2006,526,2015,546,180,5036
1214,121.265,18,Bottle,0.2859,654,812,677,863,1173,
1215,121.365,18,Bottle,0.7198,1905,587,1922,628,697,5083
1215,121.365,18,Cigarette,0.5026,622,590,664,609,798,
1215,121.365,18,Bottle,0.4615,2005,526,2016,546,220,5036
1215,121.365,18,Bottle,0.3299,654,811,677,863,1196,
1215,121.365,18,Bottle,0.3002,1033,105,1054,164,1239,5180
1215,121.365,18,Cigarette,0.2809,787,447,831,465,792,
1216,121.465,18,Bottle,0.6608,1905,587,1922,628,697,5083
1216,121.465,18,Cigarette,0.5183,622,590,664,609,798,
1216,121.465,18,Bottle,0.4081,2005,528,2016,547,209,5036
1216,121.465,18,Bottle,0.3693,1400,315,1423,364,1127,4715
1216,121.465,18,Bottle,0.3644,1033,101,1055,164,1386,5180
1216,121.465,18,Bottle,0.3150,654,811,677,863,1196,
1216,121.465,18,Cigarette,0.2694,2028,504,2033,508,20,5036
1217,121.565,18,Bottle,0.6575,1905,587,1922,628,697,5083
1217,121.565,18,Bottle,0.6491,2006,530,2016,549,190,5036
1217,121.565,18,Cigarette,0.5250,621,590,663,610,840,
1217,121.565,18,Bottle,0.4429,1032,103,1055,166,1449,
1217,121.565,18,Bottle,0.3888,654,811,677,864,1219,
1217,121.565,18,Bottle,0.2509,1402,312,1428,366,1404,4715
1218,121.665,18,Bottle,0.6449,2006,531,2016,550,190,5036
1218,121.665,18,Bottle,0.5309,1905,588,1921,628,640,5083
1218,121.665,18,Cigarette,0.4957,621,590,663,610,840,
1218,121.665,18,Bottle,0.4297,654,808,677,864,1288,
1218,121.665,18,Bottle,0.4262,1032,102,1055,166,1472,
1218,121.665,18,Bottle,0.4234,1421,343,1438,373,510,4715
1219,121.765,18,Bottle,0.6901,1906,588,1921,628,600,5083
1219,121.765,18,Cigarette,0.5051,622,590,663,610,820,
1219,121.765,18,Bottle,0.4334,1032,103,1055,166,1449,
1219,121.765,18,Bottle,0.4289,654,809,677,864,1265,
1219,121.765,18,Bottle,0.3550,1422,338,1439,374,612,4715
1219,121.765,18,Bottle,0.3235,1961,570,1970,592,198,5083
1219,121.765,18,Cigarette,0.3182,2015,595,2020,603,40,5036
1220,121.865,18,Bottle,0.5329,1906,590,1922,627,592,5083
1220,121.865,18,Cigarette,0.4209,622,591,663,610,779,
1220,121.865,18,Bottle,0.3626,654,811,677,863,1196,
1220,121.865,18,Bottle,0.3607,1406,295,1417,316,231,4715
1220,121.865,18,Bottle,0.2944,1364,271,1388,322,1224,
1220,121.865,18,Bottle,0.2514,1961,569,1971,591,220,5083
1221,121.965,18,Bottle,0.6056,1907,594,1922,626,480,5083
1221,121.965,18,Bottle,0.6026,1923,501,1939,534,528,5083
1221,121.965,18,Bottle,0.4786,1962,568,1971,591,207,5083
1221,121.965,18,Bottle,0.4557,1951,551,1962,584,363,5083
1221,121.965,18,Bottle,0.3819,654,815,677,863,1104,
1221,121.965,18,Bottle,0.3520,1928,501,1938,511,100,5083
1221,121.965,18,Bottle,0.2939,1319,193,1340,232,819,5385
1221,121.965,18,Bottle,0.2925,1419,254,1442,304,1150,4715
1221,121.965,18,Bottle,0.2824,1993,546,2011,564,324,5036
1222,122.065,18,Bottle,0.4861,1907,593,1922,626,495,5083
1222,122.065,18,Bottle,0.4108,1962,567,1972,590,230,5083
1222,122.065,18,Bottle,0.3925,654,815,677,863,1104,
1222,122.065,18,Bottle,0.3352,1315,197,1335,238,820,5385
1223,122.165,18,Bottle,0.5516,1907,593,1923,626,528,5083
1223,122.165,18,Bottle,0.4622,1962,568,1973,590,242,5083
1223,122.165,18,Bottle,0.3968,654,814,678,863,1176,
1224,122.265,18,Bottle,0.7182,1921,501,1940,533,608,5083
1224,122.265,18,Bottle,0.6965,1908,592,1924,626,544,5083
1224,122.265,18,Bottle,0.4479,1963,568,1973,590,220,5083
1224,122.265,18,Bottle,0.4057,654,814,678,862,1152,
1224,122.265,18,Cigarette,0.3633,622,592,660,610,684,
1225,122.365,18,Bottle,0.7186,1923,500,1942,534,646,5083
1225,122.365,18,Bottle,0.5528,1908,592,1923,626,510,5083
1225,122.365,18,Bottle,0.4143,654,813,678,861,1152,
1225,122.365,18,Cigarette,0.3024,622,591,660,610,722,
1226,122.465,18,Bottle,0.7009,1922,501,1943,533,672,5083
1226,122.465,18,Bottle,0.6033,1908,591,1924,626,560,5083
1226,122.465,18,Bottle,0.4172,654,812,678,861,1176,
1226,122.465,18,Cigarette,0.2668,622,592,661,609,663,
1227,122.565,18,Bottle,0.7346,1923,500,1944,533,693,5083
1227,122.565,18,Bottle,0.4277,654,811,678,861,1200,
1227,122.565,18,Bottle,0.4259,1908,589,1925,625,612,5083
1227,122.565,18,Bottle,0.3458,1036,104,1058,162,1276,
1227,122.565,18,Cigarette,0.3377,622,592,661,609,663,
1228,122.665,18,Bottle,0.5703,1923,499,1944,532,693,5083
1228,122.665,18,Bottle,0.4552,654,811,678,861,1200,
1228,122.665,18,Bottle,0.3167,1908,590,1923,625,525,5083
1228,122.665,18,Bottle,0.2573,1035,104,1056,160,1176,
1229,122.765,18,Bottle,0.6476,1950,550,1963,585,455,5083
1229,122.765,18,Bottle,0.3913,655,811,679,861,1200,
1229,122.765,18,Bottle,0.3791,1926,500,1945,531,589,5083
1230,122.865,18,Bottle,0.6435,1948,562,1961,586,312,5083
1230,122.865,18,Bottle,0.3807,655,811,679,861,1200,
1230,122.865,18,Bottle,0.3182,1032,94,1055,158,1472,
1230,122.865,18,Bottle,0.2830,1908,606,1922,626,280,5083
1231,122.965,18,Bottle,0.4683,1949,559,1961,588,348,5083
1231,122.965,18,Bottle,0.4514,657,813,680,861,1104,
1231,122.965,18,Cigarette,0.4330,2020,595,2025,606,55,5036
1231,122.965,18,Bottle,0.3788,1964,562,1976,592,360,5083
1232,123.065,18,Bottle,0.5798,1950,564,1961,589,275,5083
1232,123.065,18,Bottle,0.4856,1964,563,1976,591,336,5083
1232,123.065,18,Bottle,0.4327,657,814,680,861,1081,
1233,123.165,18,Cigarette,0.7787,2019,595,2025,606,66,5036
1233,123.165,18,Bottle,0.7226,1950,565,1962,590,300,5083
1233,123.165,18,Bottle,0.4117,657,813,681,860,1128,
1234,123.265,18,Bottle,0.7882,1950,567,1962,589,264,5083
1234,123.265,18,Cigarette,0.7322,2018,595,2025,606,77,5036
1234,123.265,18,Bottle,0.4416,1909,587,1925,625,608,5083
1234,123.265,18,Bottle,0.4364,657,813,680,861,1104,
1235,123.365,18,Cigarette,0.6889,2018,595,2024,606,66,5036
1235,123.365,18,Bottle,0.5804,1949,561,1961,589,336,5083
1235,123.365,18,Bottle,0.4338,657,813,680,861,1104,
1235,123.365,18,Bottle,0.3632,1908,587,1925,625,646,5083
1236,123.465,18,Bottle,0.5435,1949,561,1962,589,364,5083
1236,123.465,18,Bottle,0.4251,657,813,680,861,1104,
1236,123.465,18,Cigarette,0.3779,2017,595,2024,606,77,5036
1236,123.465,18,Bottle,0.2711,1908,587,1925,624,629,5083
1237,123.565,18,Bottle,0.4979,1908,586,1924,624,608,5083
1237,123.565,18,Bottle,0.4332,657,813,680,861,1104,
1237,123.565,18,Cigarette,0.3626,2017,595,2023,606,66,5036
1237,123.565,18,Bottle,0.3407,1949,560,1961,588,336,5083
1238,123.665,18,Bottle,0.5468,1908,586,1924,625,624,5083
1238,123.665,18,Bottle,0.5380,1949,559,1961,589,360,5083
1238,123.665,18,Cigarette,0.5234,2017,594,2024,606,84,5036
1238,123.665,18,Bottle,0.4502,657,813,680,861,1104,
1238,123.665,18,Bottle,0.3522,1924,500,1946,535,770,5083
1238,123.665,18,Cigarette,0.3295,623,592,661,610,684,
1238,123.665,18,Bottle,0.3028,1963,565,1972,590,225,5083
1238,123.665,18,Bottle,0.2687,1518,396,1536,428,576,4715
1239,123.765,18,Bottle,0.5741,1949,560,1961,588,336,5083
1239,123.765,18,Bottle,0.3950,657,815,680,861,1058,
1239,123.765,18,Bottle,0.3256,1907,585,1923,624,624,5083
1239,123.765,18,Cigarette,0.2829,406,740,423,763,391,
1240,123.865,18,Bottle,0.6885,1948,560,1961,588,364,5083
1240,123.865,18,Cigarette,0.3818,405,740,422,762,374,
1240,123.865,18,Bottle,0.3626,657,815,680,861,1058,
1241,123.965,18,Bottle,0.7660,1947,562,1959,587,300,5083
1241,123.965,18,Bottle,0.6366,1906,593,1918,625,384,5083
1241,123.965,18,Cigarette,0.4336,621,591,666,611,900,
1241,123.965,18,Bottle,0.3380,655,816,678,861,1035,
1242,124.065,18,Bottle,0.7612,1947,559,1961,588,406,5083
1242,124.065,18,Bottle,0.7442,1922,500,1942,534,680,5083
1242,124.065,18,Bottle,0.5916,1906,590,1921,626,540,5083
1242,124.065,18,Cigarette,0.4863,622,591,665,611,860,
1242,124.065,18,Bottle,0.3808,655,816,678,862,1058,
1242,124.065,18,Bottle,0.2716,2013,517,2022,528,99,5036
1243,124.165,18,Bottle,0.7427,1905,591,1920,626,525,5083
1243,124.165,18,Bottle,0.7360,1947,564,1959,586,264,5083
1243,124.165,18,Bottle,0.5646,1920,499,1941,533,714,5083
1243,124.165,18,Cigarette,0.5240,621,591,664,611,860,
1243,124.165,18,Bottle,0.3848,1539,357,1549,375,180,4715
1243,124.165,18,Bottle,0.3560,654,814,678,862,1152,
1244,124.265,18,Bottle,0.7555,1947,564,1959,587,276,5083
1244,124.265,18,Bottle,0.7554,1905,591,1920,626,525,5083
1244,124.265,18,Cigarette,0.5112,622,592,665,611,817,
1244,124.265,18,Bottle,0.4225,2006,518,2021,546,420,5036
1244,124.265,18,Bottle,0.3328,654,814,678,862,1152,
1245,124.365,18,Bottle,0.7491,1905,592,1920,626,510,5083
1245,124.365,18,Bottle,0.7106,1947,562,1959,587,300,5083
1245,124.365,18,Bottle,0.5702,1920,500,1941,533,693,5083
1245,124.365,18,Cigarette,0.5099,2012,517,2017,521,20,5036
1245,124.365,18,Cigarette,0.5056,621,591,665,611,880,
1245,124.365,18,Bottle,0.3472,654,813,678,862,1176,
1246,124.465,18,Bottle,0.7257,1905,591,1920,626,525,5083
1246,124.465,18,Bottle,0.6915,1947,563,1959,587,288,5083
1246,124.465,18,Cigarette,0.5442,2015,593,2020,604,55,5036
1246,124.465,18,Cigarette,0.5277,621,592,665,611,836,
1246,124.465,18,Bottle,0.3756,1920,501,1943,532,713,5083
1246,124.465,18,Bottle,0.3514,654,813,678,862,1176,
1247,124.565,18,Bottle,0.7463,1947,561,1960,588,351,5083
1247,124.565,18,Bottle,0.7177,1905,591,1920,626,525,5083
1247,124.565,18,Cigarette,0.5757,2015,595,2020,604,45,5036
1247,124.565,18,Cigarette,0.5214,621,591,665,611,880,
1247,124.565,18,Bottle,0.5031,1922,500,1946,532,768,5083
1247,124.565,18,Bottle,0.3530,1931,500,1946,512,180,5083
1247,124.565,18,Bottle,0.3331,654,814,678,862,1152,
1247,124.565,18,Bottle,0.2966,1962,563,1980,596,594,5083
1248,124.665,18,Bottle,0.7837,1947,560,1959,587,324,5083
1248,124.665,18,Bottle,0.5257,1905,592,1920,626,510,5083
1248,124.665,18,Cigarette,0.5071,621,592,664,611,817,
1248,124.665,18,Bottle,0.4606,1933,499,1947,510,154,5083
1248,124.665,18,Bottle,0.3847,1905,511,1933,544,924,5083
1248,124.665,18,Bottle,0.3019,654,813,678,862,1176,
1249,124.765,18,Bottle,0.7854,1947,561,1959,587,312,5083
1249,124.765,18,Bottle,0.7312,1905,594,1920,626,480,5083
1249,124.765,18,Cigarette,0.5022,621,591,664,611,860,
1249,124.765,18,Bottle,0.3935,1906,506,1935,546,1160,5083
1249,124.765,18,Bottle,0.3309,654,814,678,862,1152,
1250,124.865,18,Bottle,0.7983,1948,560,1960,588,336,5083
1250,124.865,18,Bottle,0.7468,1969,548,1980,576,308,5036
1250,124.865,18,Bottle,0.6806,1905,591,1921,626,560,5083
1250,124.865,18,Cigarette,0.5026,621,591,663,612,882,
1250,124.865,18,Bottle,0.3648,1938,490,1951,510,260,5083
1250,124.865,18,Bottle,0.3414,654,814,678,862,1152,
1251,124.965,18,Bottle,0.7252,1947,562,1959,588,312,5083
1251,124.965,18,Bottle,0.6517,1979,527,1990,557,330,5036
1251,124.965,18,Bottle,0.5317,1906,588,1922,627,624,5083
1251,124.965,18,Bottle,0.5091,1939,487,1952,507,260,5083
1251,124.965,18,Bottle,0.5006,1608,297,1632,357,1440,4715
1251,124.965,18,Bottle,0.4778,654,813,677,863,1150,
1251,124.965,18,Cigarette,0.4254,623,591,663,610,760,
1252,125.065,18,Bottle,0.7895,1947,560,1959,587,324,5083
1252,125.065,18,Bottle,0.7252,1906,586,1922,625,624,5083
1252,125.065,18,Bottle,0.4703,654,813,677,862,1127,
1252,125.065,18,Bottle,0.3236,1921,483,1945,524,984,5083
1252,125.065,18,Cigarette,0.2879,621,589,661,609,800,
1253,125.165,18,Bottle,0.7616,1948,557,1960,587,360,5083
1253,125.165,18,Bottle,0.7610,1906,587,1922,626,624,5083
1253,125.165,18,Bottle,0.6205,1985,525,1997,552,324,5036
1253,125.165,18,Bottle,0.4825,654,813,677,862,1127,
1253,125.165,18,Bottle,0.4252,1924,485,1952,523,1064,5083
1253,125.165,18,Cigarette,0.3611,621,590,661,610,800,
1253,125.165,18,Cigarette,0.3520,2016,593,2020,601,32,5036
1254,125.265,18,Bottle,0.8399,1985,535,2003,558,414,5036
1254,125.265,18,Bottle,0.7899,1948,560,1960,587,324,5083
1254,125.265,18,Bottle,0.7533,1906,587,1922,625,608,5083
1254,125.265,18,Bottle,0.5042,1975,524,1986,545,231,5036
1254,125.265,18,Bottle,0.4778,654,813,677,862,1127,
1254,125.265,18,Cigarette,0.3602,621,590,661,609,760,
1254,125.265,18,Bottle,0.2947,1923,484,1947,523,936,5083
1255,125.365,18,Bottle,0.8126,1948,561,1960,588,324,5083
1255,125.365,18,Bottle,0.7438,1924,485,1956,524,1248,5083
1255,125.365,18,Bottle,0.7188,1907,586,1923,626,640,5083
1255,125.365,18,Bottle,0.4619,655,813,677,862,1078,
1255,125.365,18,Bottle,0.4611,1624,389,1645,406,357,4715
1255,125.365,18,Cigarette,0.3107,621,590,661,609,760,
1256,125.465,18,Bottle,0.7949,1948,561,1960,588,324,5083
1256,125.465,18,Bottle,0.7587,1998,548,2014,565,272,5036
1256,125.465,18,Bottle,0.7504,1907,586,1924,627,697,5083
1256,125.465,18,Bottle,0.6809,1924,484,1952,524,1120,5083
1256,125.465,18,Bottle,0.4556,655,813,677,862,1078,
1256,125.465,18,Bottle,0.4291,1622,396,1646,437,984,4715
1256,125.465,18,Bottle,0.3379,1941,484,1957,500,256,5083
1256,125.465,18,Bottle,0.3301,1643,305,1679,398,3348,4715
1257,125.565,18,Bottle,0.7985,1907,587,1924,627,680,5083
1257,125.565,18,Bottle,0.7812,1949,561,1961,588,324,5083
1257,125.565,18,Bottle,0.4565,655,812,678,862,1150,
1257,125.565,18,Bottle,0.3905,1994,547,2015,565,378,5036
1257,125.565,18,Bottle,0.3122,1907,604,1917,626,220,5083
1257,125.565,18,Bottle,0.2857,1921,483,1949,523,1120,5083
1258,125.665,18,Bottle,0.8079,1949,551,1962,588,481,5083
1258,125.665,18,Bottle,0.7635,1997,545,2015,564,342,5036
1258,125.665,18,Bottle,0.6590,1907,587,1924,626,663,5083
1258,125.665,18,Bottle,0.5219,1921,482,1951,523,1230,5083
1258,125.665,18,Bottle,0.4957,1666,312,1688,360,1056,4715
1258,125.665,18,Bottle,0.4650,655,811,678,862,1173,
1258,125.665,18,Cigarette,0.2779,622,590,661,609,741,
1259,125.765,18,Bottle,0.6846,1950,555,1962,588,396,5083
1259,125.765,18,Bottle,0.4560,655,812,678,862,1150,
1259,125.765,18,Bottle,0.4487,1907,587,1924,625,646,5083
1259,125.765,18,Bottle,0.3562,1667,315,1691,360,1080,4715
1259,125.765,18,Bottle,0.3212,1996,543,2013,560,289,5036
1259,125.765,18,Bottle,0.3107,1920,483,1957,523,1480,5083
1259,125.765,18,Bottle,0.2947,1941,483,1958,499,272,5083
1259,125.765,18,Cigarette,0.2633,621,590,660,609,741,
1260,125.865,18,Bottle,0.8274,1999,535,2016,555,340,5036
1260,125.865,18,Bottle,0.7913,1950,551,1964,588,518,5083
1260,125.865,18,Bottle,0.7209,1907,587,1924,626,663,5083
1260,125.865,18,Bottle,0.4208,656,811,678,861,1100,
1260,125.865,18,Bottle,0.3216,1942,483,1960,500,306,5083
1261,125.965,18,Bottle,0.6880,1950,554,1962,589,420,5083
1261,125.965,18,Bottle,0.6518,2002,532,2018,556,384,5036
1261,125.965,18,Bottle,0.5070,655,809,679,861,1248,
1262,126.065,18,Bottle,0.8044,1951,552,1963,588,432,5083
1262,126.065,18,Bottle,0.7795,2006,531,2021,557,390,5036
1262,126.065,18,Bottle,0.5922,1942,484,1960,501,306,5083
1262,126.065,18,Bottle,0.4817,655,807,679,861,1296,
1263,126.165,18,Bottle,0.7985,1951,552,1963,588,432,5083
1263,126.165,18,Bottle,0.5070,1943,485,1961,501,288,5083
1263,126.165,18,Bottle,0.4919,2007,533,2019,557,288,5036
1263,126.165,18,Bottle,0.4801,655,805,679,861,1344,
1264,126.265,18,Bottle,0.7926,1950,551,1963,588,481,5083
1264,126.265,18,Bottle,0.4724,655,806,679,861,1320,
1264,126.265,18,Bottle,0.2955,1943,484,1961,501,306,5083
1264,126.265,18,Bottle,0.2953,2009,535,2021,556,252,5036
1265,126.365,18,Bottle,0.8185,1950,552,1964,589,518,5083
1265,126.365,18,Bottle,0.7165,2010,536,2023,557,273,5036
1265,126.365,18,Bottle,0.6525,1944,485,1961,501,272,5083
1265,126.365,18,Bottle,0.4886,655,806,680,861,1375,
1266,126.465,18,Bottle,0.7921,1950,552,1963,588,468,5083
1266,126.465,18,Bottle,0.6806,1943,484,1960,500,272,5083
1266,126.465,18,Bottle,0.5015,2011,534,2023,557,276,5036
1266,126.465,18,Bottle,0.4854,655,806,680,861,1375,
1267,126.565,18,Bottle,0.8006,1950,551,1963,588,481,5083
1267,126.565,18,Bottle,0.7058,2011,534,2023,557,276,5036
1267,126.565,18,Bottle,0.6337,1943,483,1960,501,306,5083
1267,126.565,18,Bottle,0.4615,655,806,680,861,1375,
1267,126.565,18,Bottle,0.3945,1761,378,1778,395,289,4715
1268,126.665,18,Bottle,0.8128,1951,552,1964,588,468,5083
1268,126.665,18,Bottle,0.7429,2012,534,2023,556,242,5036
1268,126.665,18,Bottle,0.6912,1943,482,1961,501,342,5083
1268,126.665,18,Bottle,0.4080,656,808,680,860,1248,
1269,126.765,18,Bottle,0.7645,1950,552,1963,588,468,5083
1269,126.765,18,Bottle,0.6877,1943,483,1961,501,324,5083
1269,126.765,18,Bottle,0.6232,2012,534,2022,555,210,5036
1269,126.765,18,Bottle,0.3871,656,807,680,860,1272,
1269,126.765,18,Cigarette,0.2932,1287,1168,1317,1176,240,5416
1269,126.765,18,Bottle,0.2529,1093,127,1111,179,936,
1270,126.865,18,Bottle,0.7378,1943,485,1958,501,240,5083
1270,126.865,18,Bottle,0.7360,1950,551,1962,589,456,5083
1270,126.865,18,Bottle,0.6968,2009,523,2020,553,330,5036
1270,126.865,18,Cigarette,0.5561,1251,1177,1264,1187,130,5416
1270,126.865,18,Bottle,0.4381,656,808,680,861,1272,
1270,126.865,18,Bottle,0.3661,1777,467,1797,493,520,4715
1271,126.965,18,Bottle,0.7454,1951,564,1962,588,264,5083
1271,126.965,18,Bottle,0.6970,1909,589,1922,625,468,5083
1271,126.965,18,Bottle,0.5634,2011,531,2021,553,220,5036
1271,126.965,18,Bottle,0.4672,1943,484,1957,501,238,5083
1271,126.965,18,Bottle,0.3637,656,812,679,860,1104,
1272,127.065,18,Bottle,0.7809,1909,589,1921,626,444,5083
1272,127.065,18,Bottle,0.7609,1950,562,1961,588,286,5083
1272,127.065,18,Bottle,0.3841,656,812,679,861,1127,
1273,127.165,18,Bottle,0.7989,1949,561,1961,587,312,5083
1273,127.165,18,Bottle,0.7409,1907,587,1921,626,546,5083
1273,127.165,18,knife,0.6802,1368,1271,1479,1440,18759,5416
1273,127.165,18,Bottle,0.5932,2011,525,2023,551,312,5036
1273,127.165,18,Bottle,0.4797,655,810,678,861,1173,
1273,127.165,18,Cigarette,0.3226,623,591,660,610,703,
1273,127.165,18,Bottle,0.2983,1090,131,1110,179,960,
1274,127.265,18,Bottle,0.8066,1949,560,1960,588,308,5083
1274,127.265,18,Bottle,0.7378,1907,588,1921,626,532,5083
1274,127.265,18,Bottle,0.4812,655,810,678,862,1196,
1274,127.265,18,Cigarette,0.4234,623,592,661,610,684,
1274,127.265,18,Bottle,0.4157,2011,526,2023,551,300,5036
1275,127.365,18,Bottle,0.8020,1948,559,1959,587,308,5083
1275,127.365,18,Bottle,0.7553,1906,585,1920,625,560,5083
1275,127.365,18,Bottle,0.4979,654,812,678,862,1200,
1275,127.365,18,Bottle,0.4255,2005,527,2022,549,374,5036
1275,127.365,18,Cigarette,0.3162,621,590,659,610,760,
1276,127.465,18,Bottle,0.7862,1949,561,1960,588,297,5083
1276,127.465,18,Bottle,0.7721,1907,590,1921,627,518,5083
1276,127.465,18,Bottle,0.5213,1940,484,1957,502,306,5083
1276,127.465,18,Bottle,0.4844,654,812,678,862,1200,
1276,127.465,18,Cigarette,0.3909,622,592,661,610,702,
1276,127.465,18,Bottle,0.2750,1090,133,1109,179,874,
1276,127.465,18,Bottle,0.2522,2008,527,2023,550,345,5036
1277,127.565,18,Bottle,0.7506,1947,559,1959,586,324,5083
1277,127.565,18,Bottle,0.5151,654,812,678,862,1200,
1277,127.565,18,Bottle,0.4286,1781,553,1793,582,348,4715
1277,127.565,18,Cigarette,0.4279,620,591,660,611,800,
1277,127.565,18,Cigarette,0.2707,2300,795,2316,864,1104,
1277,127.565,18,Bottle,0.2688,1939,483,1955,500,272,5083
1278,127.665,18,Bottle,0.4945,654,812,677,862,1150,
1278,127.665,18,Cigarette,0.4582,621,592,660,610,702,
1278,127.665,18,Cigarette,0.2645,1159,987,1175,1010,368,5416
1279,127.765,18,Bottle,0.4773,654,812,677,862,1150,
1279,127.765,18,Cigarette,0.4711,622,592,661,611,741,
1279,127.765,18,Cigarette,0.2576,1151,957,1166,974,255,5416
1280,127.865,18,Bottle,0.4673,654,812,677,862,1150,
1280,127.865,18,Cigarette,0.4579,621,592,660,611,741,
1281,127.965,18,Bottle,0.2960,656,816,678,861,990,
1282,128.065,18,Bottle,0.4074,2000,524,2017,547,391,5036
1282,128.065,18,knife,0.3602,2039,615,2048,651,324,5036
1282,128.065,18,Bottle,0.3126,655,816,678,861,1035,
1283,128.165,18,Bottle,0.5694,1170,167,1180,189,220,5385
1283,128.165,18,Bottle,0.2916,656,816,679,861,1035,
1284,128.265,18,Bottle,0.8185,2004,522,2017,547,325,5036
1284,128.265,18,Cigarette,0.3104,619,590,660,610,820,
1284,128.265,18,Bottle,0.2818,656,816,678,861,990,
1285,128.365,18,Bottle,0.8191,2004,522,2017,548,338,5036
1285,128.365,18,Cigarette,0.5505,1137,834,1142,843,45,5416
1285,128.365,18,knife,0.5441,1111,1170,1151,1232,2480,5416
1285,128.365,18,Bottle,0.2595,656,817,679,861,1012,
1286,128.465,18,Bottle,0.6835,2004,522,2018,548,364,5036
1286,128.465,18,Cigarette,0.4343,1120,1183,1150,1227,1320,5416
1286,128.465,18,Cigarette,0.4286,1127,815,1133,823,48,5416
1287,128.565,18,Bottle,0.8136,2006,521,2019,548,351,5036
1287,128.565,18,Cigarette,0.6480,1113,1170,1149,1226,2016,5416
1287,128.565,18,Cigarette,0.4454,1112,801,1119,808,49,5416
1288,128.665,18,Bottle,0.8364,2006,523,2019,548,325,5036
1288,128.665,18,Cigarette,0.4440,1105,796,1111,803,42,5416
1288,128.665,18,Cigarette,0.3862,1111,1165,1149,1226,2318,5416
1289,128.765,18,Bottle,0.7969,2008,523,2020,549,312,5036
1289,128.765,18,knife,0.4020,1111,1146,1146,1231,2975,5416
1289,128.765,18,Cigarette,0.3456,1076,776,1082,783,42,5416
1289,128.765,18,Bottle,0.3121,1987,572,2001,582,140,5036
1289,128.765,18,knife,0.2623,1098,1142,1128,1242,3000,5416
1290,128.865,18,knife,0.5586,1087,1171,1110,1270,2277,
1290,128.865,18,Bottle,0.2957,657,813,679,861,1056,
1291,128.965,18,knife,0.5050,1087,1164,1112,1269,2625,
1291,128.965,18,Bottle,0.5018,656,809,679,861,1196,
1292,129.065,18,Bottle,0.6374,1909,581,1924,627,690,5454
1292,129.065,18,Bottle,0.5341,1951,567,1962,587,220,4715
1292,129.065,18,Bottle,0.5332,657,809,680,861,1196,
1292,129.065,18,knife,0.5254,1094,1145,1123,1265,3480,
1293,129.165,18,Bottle,0.7083,1950,551,1963,587,468,5454
1293,129.165,18,Bottle,0.5115,657,809,680,861,1196,
1293,129.165,18,Bottle,0.4432,1951,568,1963,587,228,5454
1293,129.165,18,knife,0.4310,1088,1152,1113,1269,2925,
1294,129.265,18,Bottle,0.7532,1951,553,1963,587,408,5454
1294,129.265,18,Bottle,0.5139,657,808,680,861,1219,
1294,129.265,18,Bottle,0.3466,1909,617,1914,622,25,5454
1294,129.265,18,Bottle,0.3436,1942,485,1957,504,285,5454
1294,129.265,18,knife,0.3301,1089,1152,1115,1268,3016,
1295,129.365,18,Bottle,0.7991,1951,554,1963,587,396,5454
1295,129.365,18,Bottle,0.6556,1942,485,1957,505,300,5454
1295,129.365,18,Bottle,0.5200,1926,485,1956,524,1170,5454
1295,129.365,18,Bottle,0.4851,657,808,681,861,1272,
1295,129.365,18,knife,0.3780,1087,1153,1113,1272,3094,
1295,129.365,18,Bottle,0.3679,1909,582,1925,625,688,5454
1295,129.365,18,Bottle,0.3242,1976,581,1992,604,368,4715
1295,129.365,18,Bottle,0.3172,1909,601,1918,624,207,5454
1296,129.465,18,Bottle,0.7505,1952,559,1964,587,336,5454
1296,129.465,18,Bottle,0.7112,1927,487,1956,528,1189,5454
1296,129.465,18,Bottle,0.4749,657,806,681,861,1320,
1296,129.465,18,Bottle,0.3510,1942,486,1956,505,266,5454
1296,129.465,18,Cigarette,0.3009,1025,937,1031,959,132,5416
1296,129.465,18,knife,0.2587,1088,1150,1113,1274,3100,
1296,129.465,18,Cigarette,0.2512,1038,687,1046,690,24,5416
1297,129.565,18,Bottle,0.7865,1951,561,1963,587,312,5454
1297,129.565,18,Bottle,0.6072,2012,525,2021,546,189,5036
1297,129.565,18,Bottle,0.4956,657,806,681,861,1320,
1297,129.565,18,Bottle,0.3961,1925,486,1955,525,1170,5454
1297,129.565,18,knife,0.2771,1019,917,1031,981,768,5416
1298,129.665,18,Bottle,0.8339,1951,560,1962,587,297,5454
1298,129.665,18,Bottle,0.6893,2010,524,2021,546,242,5036
1298,129.665,18,Bottle,0.4937,657,807,681,861,1296,
1299,129.765,18,Bottle,0.7093,2012,525,2023,545,220,5036
1299,129.765,18,Bottle,0.4812,657,807,681,861,1296,
1300,129.865,18,Bottle,0.7821,1951,559,1961,587,280,5454
1300,129.865,18,Bottle,0.7742,1910,592,1921,624,352,5454
1300,129.865,18,Bottle,0.7710,2010,522,2021,543,231,5036
1300,129.865,18,Bottle,0.4794,657,807,681,861,1296,
1300,129.865,18,Bottle,0.3626,1940,487,1953,501,182,5454
1301,129.965,18,Bottle,0.8470,1951,560,1962,587,297,5454
1301,129.965,18,Bottle,0.5986,2010,522,2021,543,231,5036
1301,129.965,18,Bottle,0.3817,1943,490,1953,509,190,5454
1301,129.965,18,Bottle,0.3305,658,812,681,859,1081,
1301,129.965,18,Bottle,0.3291,1909,603,1917,621,144,5454
1301,129.965,18,Cigarette,0.2824,2141,680,2145,688,32,4715
1302,130.065,18,Bottle,0.7773,1950,559,1962,587,336,5454
1302,130.065,18,Bottle,0.3597,2007,522,2020,544,286,5036
1302,130.065,18,Bottle,0.3458,1909,603,1918,622,171,5454
1302,130.065,18,Bottle,0.3277,658,812,681,859,1081,
1303,130.165,18,Bottle,0.7834,1950,559,1962,586,324,5454
1303,130.165,18,Bottle,0.7505,2005,523,2020,545,330,5036
1303,130.165,18,Bottle,0.6181,1937,497,1948,530,363,5454
1303,130.165,18,Bottle,0.3480,657,813,680,860,1081,
1304,130.265,18,Bottle,0.8082,1949,559,1962,587,364,5454
1304,130.265,18,Bottle,0.7356,2007,524,2020,545,273,5036
1304,130.265,18,Bottle,0.3852,657,814,680,861,1081,
1304,130.265,18,Bottle,0.3499,1908,597,1917,623,234,5454
1305,130.365,18,Bottle,0.6903,2008,523,2020,545,264,5036
1305,130.365,18,Bottle,0.4466,657,812,680,861,1127,
1306,130.465,18,Bottle,0.8099,2008,520,2020,544,288,5036
1306,130.465,18,Bottle,0.7614,1949,549,1964,587,570,5454
1306,130.465,18,Bottle,0.4663,657,812,679,861,1078,
1306,130.465,18,Bottle,0.3750,1907,586,1923,625,624,5454
1307,130.565,18,Bottle,0.7606,2008,517,2019,545,308,5036
1307,130.565,18,Bottle,0.3792,657,814,679,861,1034,
1308,130.665,18,Bottle,0.3491,2008,520,2020,546,312,5036
1308,130.665,18,Bottle,0.3459,656,816,679,861,1035,
1308,130.665,18,Bottle,0.2956,1388,408,1412,459,1224,
1309,130.765,18,Bottle,0.6035,2008,518,2020,543,300,5036
1309,130.765,18,Bottle,0.2820,656,817,679,861,1012,
1310,130.865,18,Bottle,0.7780,2007,519,2020,546,351,5036
1310,130.865,18,Cigarette,0.5437,2237,728,2239,736,16,4715
1311,130.965,18,Bottle,0.7592,1907,594,1919,625,372,5454
1311,130.965,18,Bottle,0.7447,1947,551,1960,587,468,5454
1311,130.965,18,Bottle,0.6823,1948,567,1960,586,228,5454
1311,130.965,18,Bottle,0.5521,1764,620,1806,719,4158,
1311,130.965,18,Bottle,0.5065,2008,518,2020,546,336,5036
1311,130.965,18,Cigarette,0.3672,2018,592,2020,596,8,5036
1311,130.965,18,Cigarette,0.2943,798,446,834,455,324,
1311,130.965,18,Cigarette,0.2572,2324,695,2333,706,99,4715
1312,131.065,18,Cigarette,0.8083,2334,730,2344,743,130,4715
1312,131.065,18,Bottle,0.7804,1947,550,1960,587,481,5454
1312,131.065,18,Bottle,0.7581,2008,519,2021,545,338,5036
1312,131.065,18,Bottle,0.6274,1906,591,1919,624,429,5454
1313,131.165,18,Bottle,0.8100,1947,550,1961,587,518,5454
1313,131.165,18,Bottle,0.7285,1906,592,1919,625,429,5454
1313,131.165,18,Bottle,0.6977,2008,517,2021,543,338,5036
1313,131.165,18,Cigarette,0.5803,2358,749,2362,759,40,4715
1314,131.265,18,Bottle,0.7956,1948,551,1960,587,432,5454
1314,131.265,18,Bottle,0.7222,2007,526,2019,542,192,5036
1314,131.265,18,Bottle,0.7200,1906,592,1919,625,429,5454
1314,131.265,18,Bottle,0.4281,1501,397,1535,526,4386,
1314,131.265,18,Bottle,0.2918,1009,364,1021,393,348,5621
1315,131.365,18,Bottle,0.8036,1948,559,1960,587,336,5454
1315,131.365,18,Bottle,0.7938,2007,517,2020,542,325,5036
1315,131.365,18,Bottle,0.7822,1906,591,1920,626,490,5454
1315,131.365,18,Cigarette,0.3924,2324,695,2331,705,70,4715
1316,131.465,18,Bottle,0.8146,1948,557,1962,587,420,5454
1316,131.465,18,Bottle,0.8102,2007,517,2020,542,325,5036
1316,131.465,18,Bottle,0.7691,1907,589,1920,626,481,5454
1316,131.465,18,Bottle,0.4597,1927,541,1944,564,391,5454
1316,131.465,18,Bottle,0.4335,1424,396,1447,462,1518,5506
1316,131.465,18,Bottle,0.3466,1482,433,1509,506,1971,5506
1317,131.565,18,Bottle,0.8268,1948,557,1961,587,390,5454
1317,131.565,18,Bottle,0.7824,1907,594,1921,626,448,5454
1317,131.565,18,Bottle,0.7655,2008,517,2020,543,312,5036
1317,131.565,18,Bottle,0.4573,1393,367,1415,439,1584,
1317,131.565,18,Bottle,0.2616,1413,339,1435,401,1364,
1318,131.665,18,Bottle,0.8128,1948,558,1960,586,336,5454
1318,131.665,18,Bottle,0.7833,2008,517,2020,542,300,5036
1318,131.665,18,Bottle,0.7536,1907,592,1921,626,476,5454
1318,131.665,18,Bottle,0.3629,1429,407,1450,464,1197,
1318,131.665,18,Bottle,0.2644,1347,273,1363,312,624,
1318,131.665,18,Cigarette,0.2525,2034,497,2037,500,9,5036
1319,131.765,18,Bottle,0.8514,2009,517,2021,543,312,5036
1319,131.765,18,Bottle,0.8384,1949,558,1961,587,348,5454
1319,131.765,18,Bottle,0.7791,1907,591,1921,626,490,5454
1319,131.765,18,Bottle,0.2556,657,818,680,860,966,
1320,131.865,18,Bottle,0.8391,2008,517,2021,543,338,5036
1320,131.865,18,Bottle,0.7775,1907,591,1921,624,462,5454
1320,131.865,18,Bottle,0.7615,1949,553,1961,586,396,5454
1320,131.865,18,Bottle,0.3325,2034,797,2064,864,2010,
1320,131.865,18,Bottle,0.3307,2115,610,2154,668,2262,
1320,131.865,18,Bottle,0.3154,658,817,680,860,946,
1320,131.865,18,Bottle,0.3139,2009,794,2040,864,2170,
1321,131.965,18,Bottle,0.7114,1949,567,1961,586,228,5454
1321,131.965,18,Bottle,0.6192,1968,575,1992,590,360,5454
1321,131.965,18,Bottle,0.4288,655,812,678,860,1104,
1321,131.965,18,Bottle,0.4157,2450,778,2491,827,2009,4715
1322,132.065,18,Bottle,0.7213,2463,784,2504,828,1804,4715
1322,132.065,18,Bottle,0.4311,655,812,678,860,1104,
1323,132.165,18,Bottle,0.7737,2010,516,2022,542,312,5036
1323,132.165,18,Bottle,0.6439,1442,783,1480,864,3078,
1323,132.165,18,Bottle,0.4712,656,813,679,860,1081,
1323,132.165,18,Bottle,0.3260,1877,703,1888,716,143,5703
1323,132.165,18,Bottle,0.3168,1409,583,1452,650,2881,
1324,132.265,18,Bottle,0.7587,2009,517,2022,542,325,5036
1324,132.265,18,Bottle,0.4579,656,813,679,860,1081,
1324,132.265,18,Bottle,0.2937,2513,1039,2546,1098,1947,5395
1324,132.265,18,Bottle,0.2639,1234,250,1253,311,1159,
1325,132.365,18,Bottle,0.7143,2010,517,2023,543,338,5036
1325,132.365,18,Bottle,0.4775,656,813,679,860,1081,
1325,132.365,18,Bottle,0.4759,1757,424,1773,448,384,5725
1325,132.365,18,Cigarette,0.4054,1809,811,1832,862,1173,
1325,132.365,18,Cigarette,0.3301,878,413,905,435,594,5416
1325,132.365,18,Bottle,0.3108,1218,248,1239,314,1386,
1326,132.465,18,Bottle,0.8439,2010,515,2024,542,378,5036
1326,132.465,18,Bottle,0.7862,1951,567,1963,586,228,5454
1326,132.465,18,Bottle,0.4171,656,814,679,860,1058,
1326,132.465,18,Bottle,0.3879,2483,911,2526,956,1935,4715
1326,132.465,18,Bottle,0.2982,1681,575,1688,591,112,5725
1327,132.565,18,Bottle,0.8075,2010,514,2024,541,378,5036
1327,132.565,18,Bottle,0.3846,656,815,679,860,1035,
1327,132.565,18,Bottle,0.3227,1950,566,1963,586,260,5454
1327,132.565,18,Bottle,0.3186,1187,242,1206,290,912,
1328,132.665,18,Bottle,0.7969,2010,515,2024,541,364,5036
1328,132.665,18,Bottle,0.6911,1950,567,1963,586,247,5454
1328,132.665,18,Bottle,0.4161,656,815,679,860,1035,
1329,132.765,18,Bottle,0.7970,2010,515,2025,541,390,5036
1329,132.765,18,Bottle,0.7379,1950,567,1963,585,234,5454
1329,132.765,18,Bottle,0.5387,1157,204,1177,267,1260,
1329,132.765,18,Bottle,0.4190,656,815,679,860,1035,
1329,132.765,18,Bottle,0.3679,1949,511,1969,545,680,5454
1330,132.865,18,Bottle,0.8564,2011,516,2026,542,390,5036
1330,132.865,18,Bottle,0.7934,1938,516,1959,548,672,5454
1330,132.865,18,Bottle,0.7021,1951,560,1964,587,351,5454
1330,132.865,18,Bottle,0.4434,1910,602,1918,622,160,5454
1330,132.865,18,Bottle,0.3826,1503,422,1509,436,84,5725
1330,132.865,18,Bottle,0.2718,1956,539,1966,562,230,5454
1331,132.965,18,Bottle,0.5297,1952,553,1964,587,408,5454
1331,132.965,18,Bottle,0.5224,2012,516,2026,542,364,5036
1331,132.965,18,Bottle,0.3960,1467,398,1476,416,162,5725
1331,132.965,18,Bottle,0.3402,1464,423,1473,432,81,5725
1331,132.965,18,Bottle,0.2597,1910,603,1919,625,198,5454
1332,133.065,18,Bottle,0.6235,2011,516,2026,542,390,5036
1332,133.065,18,Bottle,0.5953,1432,399,1444,413,168,5725
1332,133.065,18,Bottle,0.5931,1368,290,1378,313,230,5725
1332,133.065,18,Bottle,0.5394,1952,557,1963,587,330,5454
1332,133.065,18,Bottle,0.3704,924,212,931,234,154,5787
1332,133.065,18,Bottle,0.3622,1435,378,1447,396,216,5725
1332,133.065,18,Bottle,0.3407,1956,541,1965,561,180,5454
1333,133.165,18,Bottle,0.7182,1952,554,1964,587,396,5454
1333,133.165,18,Bottle,0.7019,2012,515,2026,542,378,5036
1333,133.165,18,Bottle,0.5637,1337,368,1340,387,57,5725
1333,133.165,18,knife,0.5356,2525,833,2534,854,189,5739
1333,133.165,18,Bottle,0.4651,1404,380,1415,393,143,5725
1333,133.165,18,Cigarette,0.3316,2511,1059,2532,1093,714,5739
1333,133.165,18,Bottle,0.2517,1334,328,1355,390,1302,5725
1334,133.265,18,Bottle,0.7214,2012,515,2026,542,378,5036
1334,133.265,18,Bottle,0.6331,1952,560,1963,587,297,5454
1334,133.265,18,Bottle,0.2983,1956,541,1965,562,189,5454
1334,133.265,18,Bottle,0.2571,1357,360,1375,412,936,
