frame_idx,timestamp,camera_id,class_name,confidence,x1,y1,x2,y2,box_area_px,track_id
1,0.000,18,Bottle,0.4940,1028,1010,1184,1322,48672,3
2,0.035,18,Bottle,0.4502,1028,1010,1185,1323,49141,3
3,0.099,18,Bottle,0.4035,603,354,617,383,406,16
3,0.099,18,Bottle,0.3630,1028,1009,1184,1323,48984,3
4,0.129,18,Bottle,0.8023,593,350,605,386,432,16
4,0.129,18,Bottle,0.3014,1028,1009,1184,1322,48828,3
5,0.195,18,Bottle,0.3979,1028,1009,1184,1323,48984,3
6,0.229,18,Bottle,0.6016,19,323,30,350,297,12
6,0.229,18,Bottle,0.2986,1028,1009,1184,1321,48672,3
7,0.289,18,Bottle,0.4174,1488,449,1533,552,4635,
7,0.289,18,Bottle,0.3158,1028,1009,1184,1321,48672,3
7,0.289,18,Bottle,0.2786,1277,516,1315,553,1406,4
8,0.330,18,Bottle,0.4727,541,340,553,376,432,16
9,0.389,18,Bottle,0.8342,534,338,541,372,238,16
9,0.389,18,Bottle,0.3761,1028,1009,1185,1324,49455,3
10,0.430,18,Bottle,0.7018,2045,576,2111,707,8646,
10,0.430,18,Bottle,0.4085,1028,1009,1185,1324,49455,3
10,0.430,18,Bottle,0.3175,1431,576,1508,598,1694,4
11,0.489,18,knife,0.3002,1024,1348,1108,1440,7728,3
11,0.489,18,Bottle,0.2946,1028,1009,1185,1323,49298,3
12,0.530,18,Bottle,0.3556,1028,1009,1185,1323,49298,3
12,0.530,18,knife,0.2787,1024,1348,1108,1440,7728,3
13,0.589,18,Bottle,0.3769,1670,583,1702,661,2496,4
13,0.589,18,Bottle,0.3282,1028,1009,1185,1325,49612,3
13,0.589,18,knife,0.2628,1024,1348,1110,1440,7912,3
14,0.630,18,Bottle,0.6225,1000,358,1012,385,324,102
14,0.630,18,knife,0.3308,1025,1351,1116,1440,8099,3
15,0.690,18,Bottle,0.3598,1367,404,1401,431,918,46
15,0.690,18,Bottle,0.3187,1027,1010,1184,1328,49926,3
16,0.729,18,Bottle,0.3743,1027,1010,1184,1329,50083,3
16,0.729,18,Cigarette,0.3545,1877,701,1883,712,66,4
17,0.789,18,Bottle,0.3583,1027,1010,1185,1330,50560,3
18,0.830,18,Bottle,0.3836,1027,1010,1185,1336,51508,3
19,0.888,18,Bottle,0.5135,1972,470,1987,509,585,98
19,0.888,18,Bottle,0.3744,1026,1010,1185,1338,52152,3
20,0.930,18,Bottle,0.7844,1854,559,1874,595,720,18
20,0.930,18,Bottle,0.3571,1026,1010,1185,1341,52629,3
20,0.930,18,Bottle,0.2786,1292,371,1311,379,152,117
24,1.130,18,Bottle,0.4151,632,299,648,329,480,152
24,1.130,18,Bottle,0.2518,1900,444,1922,471,594,98
25,1.188,18,knife,0.2564,1024,1351,1117,1439,8184,3
26,1.230,18,knife,0.2670,1024,1351,1118,1439,8272,3
27,1.288,18,Bottle,0.4961,355,304,362,329,175,16
27,1.288,18,knife,0.2702,1024,1351,1118,1439,8272,3
28,1.330,18,knife,0.2712,1024,1351,1118,1439,8272,3
28,1.330,18,Bottle,0.2503,1026,1011,1185,1335,51516,3
29,1.389,18,knife,0.2725,1024,1351,1118,1439,8272,3
30,1.430,18,Bottle,0.6726,600,232,628,251,532,152
30,1.430,18,Bottle,0.4487,2481,653,2511,716,1890,
30,1.430,18,Bottle,0.3366,1147,283,1163,298,240,117
30,1.430,18,knife,0.2786,1024,1351,1118,1439,8272,3
31,1.488,18,knife,0.2760,1024,1351,1118,1439,8272,3
32,1.529,18,Bottle,0.5784,561,280,579,308,504,152
32,1.529,18,Bottle,0.3083,534,279,551,314,595,152
32,1.529,18,knife,0.2701,1024,1351,1118,1439,8272,3
33,1.588,18,Bottle,0.2875,1454,457,1510,556,5544,
33,1.588,18,knife,0.2714,1024,1351,1118,1439,8272,3
34,1.629,18,Bottle,0.3180,1028,312,1044,347,560,117
34,1.629,18,Bottle,0.2915,302,224,323,243,399,16
34,1.629,18,knife,0.2734,1024,1351,1118,1439,8272,3
35,1.688,18,knife,0.2645,1024,1351,1118,1439,8272,3
36,1.729,18,knife,0.2506,1024,1351,1117,1439,8184,3
37,1.788,18,knife,0.2540,1024,1351,1117,1439,8184,3
38,1.830,18,knife,0.2542,1024,1351,1117,1439,8184,3
39,1.888,18,Bottle,0.7048,938,371,953,407,540,117
39,1.888,18,knife,0.2619,1024,1351,1117,1439,8184,3
40,1.929,18,Bottle,0.4177,922,369,939,406,629,117
40,1.929,18,knife,0.2573,1024,1351,1117,1439,8184,3
43,2.089,18,knife,0.2718,1024,1352,1119,1439,8265,3
44,2.130,18,Bottle,0.4438,442,264,457,290,390,152
44,2.130,18,knife,0.2898,1024,1352,1119,1439,8265,3
45,2.189,18,Bottle,0.3768,901,334,933,365,992,117
45,2.189,18,knife,0.3068,1024,1353,1120,1439,8256,3
46,2.229,18,Bottle,0.4719,887,335,916,362,783,117
46,2.229,18,knife,0.3165,1024,1353,1120,1439,8256,3
47,2.288,18,Bottle,0.3680,457,329,463,335,36,152
47,2.288,18,knife,0.3039,1024,1353,1120,1439,8256,3
48,2.330,18,knife,0.2928,1024,1353,1120,1439,8256,3
49,2.388,18,knife,0.2783,1024,1352,1119,1439,8265,3
50,2.429,18,knife,0.2795,1024,1352,1119,1439,8265,3
51,2.488,18,knife,0.2747,1024,1352,1119,1439,8265,3
52,2.529,18,knife,0.2693,1024,1352,1119,1439,8265,3
53,2.590,18,knife,0.2669,1024,1352,1119,1439,8265,3
54,2.629,18,Bottle,0.4371,1146,416,1173,473,1539,
54,2.629,18,knife,0.2591,1024,1352,1119,1439,8265,3
55,2.690,18,Bottle,0.2578,1025,1012,1186,1338,52486,3
56,2.729,18,Bottle,0.5184,1107,407,1136,466,1711,
57,2.788,18,Bottle,0.3282,1084,399,1117,463,2112,
57,2.788,18,knife,0.2534,1024,1352,1119,1439,8265,3
60,2.929,18,Bottle,0.2944,1032,390,1066,452,2108,
60,2.929,18,knife,0.2713,1024,1352,1119,1439,8265,3
61,3.012,18,knife,0.2889,1024,1353,1118,1439,8084,3
62,3.062,18,knife,0.2963,1024,1353,1119,1439,8170,3
63,3.079,18,Bottle,0.6093,892,379,899,410,217,98
63,3.079,18,knife,0.2907,1024,1353,1118,1439,8084,3
64,3.138,18,knife,0.2836,1024,1353,1118,1439,8084,3
65,3.179,18,knife,0.2905,1024,1353,1118,1439,8084,3
66,3.239,18,knife,0.2945,1024,1353,1118,1439,8084,3
67,3.280,18,Bottle,0.3039,864,285,874,306,210,98
67,3.280,18,knife,0.2981,1024,1353,1118,1439,8084,3
68,3.338,18,knife,0.2796,1024,1353,1118,1439,8084,3
69,3.380,18,knife,0.2815,1024,1353,1118,1439,8084,3
70,3.439,18,knife,0.2859,1024,1353,1118,1439,8084,3
71,3.479,18,knife,0.2937,1024,1353,1118,1439,8084,3
72,3.538,18,knife,0.2983,1024,1353,1118,1439,8084,3
73,3.580,18,Bottle,0.7622,256,273,270,295,308,152
73,3.580,18,knife,0.3022,1024,1353,1118,1439,8084,3
74,3.638,18,knife,0.2954,1024,1353,1118,1439,8084,3
75,3.679,18,knife,0.3329,1024,1353,1117,1439,7998,3
76,3.739,18,knife,0.3749,1024,1352,1114,1440,7920,3
77,3.780,18,knife,0.3437,1024,1352,1112,1440,7744,3
78,3.839,18,knife,0.3266,1024,1352,1110,1440,7568,3
84,4.132,18,Bottle,0.8724,0,344,7,360,112,12
84,4.132,18,Bottle,0.2948,662,268,684,305,814,98
85,4.188,18,knife,0.2526,1024,1352,1110,1439,7482,3
86,4.230,18,knife,0.2662,1024,1352,1111,1439,7569,3
86,4.230,18,Bottle,0.2634,1026,1008,1188,1328,51840,3
87,4.288,18,knife,0.2753,1024,1352,1111,1439,7569,3
87,4.288,18,Bottle,0.2714,1026,1008,1188,1327,51678,3
88,4.330,18,knife,0.2733,1024,1352,1111,1439,7569,3
89,4.389,18,knife,0.2837,1024,1352,1112,1439,7656,3
90,4.430,18,knife,0.2781,1024,1351,1112,1439,7744,3
91,4.489,18,knife,0.2845,1024,1351,1112,1439,7744,3
92,4.529,18,knife,0.2807,1024,1351,1112,1439,7744,3
93,4.588,18,knife,0.2891,1024,1351,1113,1439,7832,3
94,4.630,18,knife,0.3021,1024,1351,1113,1439,7832,3
94,4.630,18,Bottle,0.2833,1026,1008,1187,1326,51198,3
94,4.630,18,Bottle,0.2816,20,437,32,455,216,12
95,4.688,18,Bottle,0.3812,26,323,34,336,104,12
95,4.688,18,Bottle,0.3410,1025,1007,1188,1327,52160,3
95,4.688,18,Cigarette,0.3136,1160,1095,1164,1101,24,3
95,4.688,18,knife,0.2955,1024,1351,1113,1439,7832,3
96,4.729,18,Bottle,0.2823,1025,1007,1186,1328,51681,3
96,4.729,18,knife,0.2576,1024,1351,1112,1439,7744,3
97,4.789,18,Bottle,0.6941,32,319,42,332,130,12
97,4.789,18,Bottle,0.3124,1025,1009,1187,1331,52164,3
98,4.831,18,Bottle,0.2611,1025,1009,1188,1335,53138,3
98,4.831,18,knife,0.2519,1024,1351,1111,1439,7656,3
99,4.888,18,knife,0.2501,1024,1351,1111,1439,7656,3
100,4.930,18,knife,0.2959,1024,1351,1113,1439,7832,3
100,4.930,18,Cigarette,0.2673,1685,1277,1691,1288,66,1
101,5.013,18,knife,0.3133,1024,1352,1112,1439,7656,3
102,5.072,18,knife,0.3086,1024,1351,1112,1439,7744,3
103,5.088,18,knife,0.3099,1024,1351,1112,1439,7744,3
104,5.129,18,Cigarette,0.4734,1036,1302,1044,1314,96,3
104,5.129,18,knife,0.3445,1024,1351,1115,1439,8008,3
105,5.189,18,knife,0.3429,1024,1351,1118,1439,8272,3
106,5.230,18,Bottle,0.3492,49,424,59,439,150,12
106,5.230,18,knife,0.3429,1024,1350,1118,1439,8366,3
107,5.289,18,knife,0.3827,1024,1350,1117,1439,8277,3
108,5.330,18,knife,0.3712,1024,1349,1116,1439,8280,3
109,5.388,18,Bottle,0.4833,43,414,53,431,170,12
109,5.388,18,knife,0.3905,1024,1349,1117,1439,8370,3
110,5.430,18,knife,0.4038,1024,1348,1117,1439,8463,3
110,5.430,18,Bottle,0.3266,47,349,53,370,126,12
111,5.489,18,knife,0.4145,1024,1348,1117,1439,8463,3
112,5.529,18,knife,0.3663,1024,1347,1118,1439,8648,3
113,5.588,18,knife,0.3478,1024,1348,1118,1439,8554,3
114,5.630,18,knife,0.2997,1024,1348,1119,1439,8645,3
115,5.688,18,knife,0.3286,1024,1349,1119,1439,8550,3
115,5.688,18,Cigarette,0.2655,1150,1124,1170,1145,420,3
116,5.730,18,Cigarette,0.3767,1150,1123,1170,1145,440,3
116,5.730,18,knife,0.2885,1024,1348,1119,1439,8645,3
117,5.789,18,knife,0.3288,1024,1349,1117,1439,8370,3
117,5.789,18,Cigarette,0.2940,1150,1124,1170,1146,440,3
118,5.830,18,Cigarette,0.3262,1150,1124,1170,1146,440,3
118,5.830,18,knife,0.3115,1024,1348,1114,1439,8190,3
119,5.889,18,knife,0.3229,1024,1348,1113,1439,8099,3
120,5.930,18,knife,0.3268,1024,1346,1111,1439,8091,3
121,6.014,18,knife,0.3508,1024,1349,1113,1439,8010,3
122,6.084,18,knife,0.3451,1024,1348,1113,1439,8099,3
123,6.088,18,knife,0.2804,1024,1348,1114,1439,8190,3
124,6.139,18,Cigarette,0.2634,1673,1274,1679,1280,36,1
128,6.338,18,Cigarette,0.3158,1677,1281,1684,1290,63,1
129,6.379,18,Bottle,0.3789,9,353,31,414,1342,
132,6.538,18,knife,0.4056,1228,1289,1234,1325,216,3
132,6.538,18,knife,0.2637,1024,1333,1126,1440,10914,3
133,6.579,18,knife,0.5544,2525,606,2557,671,2080,
134,6.639,18,Cigarette,0.3221,1139,1164,1173,1199,1190,3
135,6.680,18,knife,0.5177,2506,567,2546,640,2920,
135,6.680,18,Cigarette,0.4407,1147,1175,1180,1201,858,3
136,6.739,18,Cigarette,0.3825,2491,577,2518,627,1350,
136,6.739,18,Cigarette,0.3504,1150,1181,1182,1209,896,3
139,6.881,18,Cigarette,0.2812,1211,1160,1235,1183,552,3
139,6.881,18,Cigarette,0.2734,1686,1277,1691,1287,50,1
147,7.289,18,Cigarette,0.3537,2237,541,2263,558,442,
149,7.389,18,Cigarette,0.2619,1110,1268,1114,1276,32,3
152,7.530,18,Cigarette,0.3257,1686,1276,1690,1287,44,1
165,8.180,18,Bottle,0.7437,2039,576,2112,685,7957,
165,8.180,18,Cigarette,0.4398,1685,1277,1691,1289,72,1
168,8.338,18,Cigarette,0.2503,1233,1154,1239,1159,30,3
176,8.739,18,Cigarette,0.3199,1840,1050,1844,1060,40,1
177,8.779,18,Bottle,0.3756,158,252,166,266,112,439
177,8.779,18,Cigarette,0.3091,1840,1050,1844,1060,40,1
178,8.838,18,Cigarette,0.3619,1840,1049,1844,1059,40,1
179,8.879,18,Cigarette,0.2512,1840,1049,1844,1059,40,1
181,9.001,18,Bottle,0.5984,2043,576,2113,696,8400,
187,9.289,18,Bottle,0.3511,194,296,205,317,231,439
187,9.289,18,Bottle,0.2683,209,318,215,338,120,439
188,9.329,18,Cigarette,0.4820,1024,380,1040,397,272,
192,9.530,18,Bottle,0.5449,1901,497,1910,532,315,541
194,9.630,18,Cigarette,0.3674,1347,319,1353,330,66,536
194,9.630,18,Cigarette,0.3206,1112,1276,1117,1285,45,3
194,9.630,18,Bottle,0.3163,1745,566,1777,588,704,541
195,9.688,18,Cigarette,0.5119,1113,1275,1118,1284,45,3
196,9.729,18,Cigarette,0.3834,1113,1274,1118,1284,50,3
200,9.930,18,Cigarette,0.6011,1173,290,1179,299,54,536
202,10.039,18,Bottle,0.3195,1547,346,1559,381,420,541
204,10.131,18,Bottle,0.3588,373,354,392,396,798,
205,10.191,18,Cigarette,0.4827,1273,1148,1280,1155,49,3
206,10.229,18,Bottle,0.4243,1012,379,1022,399,200,536
207,10.289,18,Bottle,0.6885,900,361,914,394,462,536
207,10.289,18,Cigarette,0.2866,1729,1094,1734,1106,60,1
209,10.388,18,Cigarette,0.2560,1855,1075,1873,1107,576,1
210,10.429,18,Cigarette,0.2718,1855,1074,1873,1102,504,1
212,10.529,18,Cigarette,0.2871,1024,446,1034,469,230,
212,10.529,18,Cigarette,0.2725,1855,1073,1873,1107,612,1
214,10.630,18,Cigarette,0.6329,1711,1151,1719,1155,32,1
214,10.630,18,Cigarette,0.3995,1155,1326,1159,1334,32,3
215,10.689,18,Cigarette,0.6972,1711,1151,1719,1155,32,1
216,10.730,18,Cigarette,0.7114,1711,1151,1719,1155,32,1
216,10.730,18,Cigarette,0.3112,1717,1029,1748,1040,341,1
216,10.730,18,Bottle,0.2640,1148,414,1179,472,1798,
217,10.788,18,Cigarette,0.7066,1711,1151,1720,1155,36,1
218,10.830,18,Cigarette,0.7040,1711,1151,1719,1155,32,1
219,10.889,18,Cigarette,0.7140,1711,1151,1719,1155,32,1
220,10.930,18,Cigarette,0.2702,1711,1151,1718,1155,28,1
221,11.000,18,knife,0.5484,1251,1231,1315,1352,7744,3
223,11.088,18,Cigarette,0.2514,2250,441,2269,454,247,
231,11.489,18,Bottle,0.3237,381,314,392,336,242,619
232,11.531,18,Bottle,0.3552,718,252,726,279,216,691
232,11.531,18,Bottle,0.3444,1024,576,1059,639,2205,
234,11.630,18,Bottle,0.5953,639,282,655,321,624,573
234,11.630,18,Cigarette,0.5399,669,434,677,446,96,573
234,11.630,18,Bottle,0.3803,657,295,692,326,1085,573
235,11.691,18,Bottle,0.2502,2472,663,2500,707,1232,
239,11.889,18,Bottle,0.5255,673,266,682,295,261,691
240,11.929,18,Bottle,0.3365,734,295,754,310,300,573
240,11.929,18,Bottle,0.2636,766,310,796,340,900,573
244,12.139,18,Bottle,0.4195,1726,1137,1780,1173,1944,1
245,12.180,18,Bottle,0.5289,832,311,849,330,323,573
245,12.180,18,Bottle,0.2753,1726,1144,1779,1177,1749,1
246,12.238,18,Cigarette,0.2958,2478,649,2517,688,1521,
250,12.438,18,Cigarette,0.3118,1835,1091,1863,1129,1064,1
251,12.480,18,Cigarette,0.3102,1836,1093,1863,1126,891,1
251,12.480,18,Cigarette,0.2554,2490,670,2552,696,1612,
253,12.579,18,Bottle,0.7250,705,281,731,305,624,619
253,12.579,18,Cigarette,0.3149,2474,661,2536,688,1674,
254,12.638,18,Cigarette,0.5777,2473,660,2527,691,1674,
254,12.638,18,Bottle,0.4463,423,217,450,237,540,691
255,12.680,18,Cigarette,0.4057,1748,1108,1757,1116,72,1
256,12.739,18,Cigarette,0.2763,1717,1141,1744,1152,297,1
257,12.781,18,Cigarette,0.4701,1713,1142,1741,1152,280,1
257,12.781,18,Cigarette,0.3148,1711,1151,1719,1155,32,1
257,12.781,18,Cigarette,0.3124,1237,1166,1241,1172,24,3
258,12.820,18,Cigarette,0.5230,1712,1144,1733,1152,168,1
258,12.820,18,Cigarette,0.4834,1711,1146,1738,1154,216,1
259,12.880,18,Cigarette,0.6884,1711,1144,1734,1155,253,1
259,12.880,18,Cigarette,0.4306,1237,1164,1243,1170,36,3
260,12.920,18,Cigarette,0.3518,1711,1149,1723,1155,72,1
263,13.080,18,Bottle,0.5915,1707,1133,1740,1161,924,1
263,13.080,18,knife,0.2877,2192,652,2245,734,4346,
264,13.139,18,Bottle,0.2558,1360,432,1373,452,260,573
265,13.180,18,Cigarette,0.4713,1720,1131,1751,1152,651,1
267,13.280,18,Bottle,0.7096,880,391,917,443,1924,619
268,13.323,18,Bottle,0.6158,902,393,936,446,1802,627
269,13.382,18,Bottle,0.5039,926,473,937,489,176,627
270,13.421,18,Bottle,0.6639,946,401,979,452,1683,627
273,13.580,18,Bottle,0.5611,1016,417,1050,466,1666,619
274,13.620,18,Bottle,0.4555,1040,423,1069,471,1392,627
274,13.620,18,Bottle,0.3282,1055,415,1077,451,792,619
275,13.680,18,Bottle,0.7212,1064,431,1097,478,1551,627
275,13.680,18,Bottle,0.6509,1878,629,1914,680,1836,573
276,13.720,18,Cigarette,0.6756,1710,1151,1720,1155,40,1
276,13.720,18,Bottle,0.6348,1091,437,1120,484,1363,627
276,13.720,18,Bottle,0.5980,1917,619,1955,686,2546,573
277,13.780,18,Bottle,0.6820,1117,438,1147,491,1590,627
277,13.780,18,Bottle,0.4544,1957,650,1991,689,1326,573
277,13.780,18,Cigarette,0.3451,1708,1150,1727,1158,152,1
278,13.820,18,Cigarette,0.2690,1708,1150,1727,1157,133,1
280,13.920,18,Bottle,0.6768,1197,459,1229,509,1600,627
280,13.920,18,knife,0.3883,2048,783,2109,804,1281,573
280,13.920,18,Bottle,0.3378,1758,1205,1792,1276,2414,1
281,13.987,18,Bottle,0.6173,1225,465,1257,518,1696,627
281,13.987,18,Bottle,0.2812,1313,449,1337,492,1032,619
282,14.025,18,Bottle,0.6202,1255,471,1287,526,1760,627
282,14.025,18,knife,0.3417,1780,1097,1881,1235,13938,1
283,14.079,18,Bottle,0.2942,1283,476,1321,536,2280,627
283,14.079,18,knife,0.2703,1788,1101,1877,1237,12104,1
284,14.139,18,Bottle,0.4608,1315,484,1351,540,2016,627
286,14.220,18,Cigarette,0.3462,1305,1195,1324,1219,456,3
286,14.220,18,Cigarette,0.2540,1859,1046,1864,1056,50,1
287,14.280,18,Cigarette,0.3457,1858,1046,1863,1062,80,1
287,14.280,18,Bottle,0.3427,1428,507,1453,541,850,619
287,14.280,18,knife,0.3406,1774,1097,1877,1244,15141,1
287,14.280,18,Bottle,0.2752,1411,509,1444,560,1683,627
288,14.320,18,knife,0.5086,1787,1091,1877,1227,12240,1
288,14.320,18,Cigarette,0.3193,1857,1049,1862,1059,50,1
290,14.420,18,knife,0.3353,1789,1091,1878,1215,11036,1
291,14.479,18,Bottle,0.7014,1545,537,1582,590,1961,619
292,14.520,18,Bottle,0.4543,1502,576,1535,676,3300,
292,14.520,18,Bottle,0.3985,637,423,645,428,40,10
292,14.520,18,knife,0.2703,1792,1085,1879,1201,10092,1
293,14.579,18,Bottle,0.6990,1610,551,1657,605,2538,627
293,14.579,18,knife,0.5076,1338,1329,1344,1362,198,3
294,14.620,18,knife,0.3243,180,235,184,253,72,966
295,14.679,18,Bottle,0.5985,1677,569,1714,621,1924,627
295,14.679,18,Cigarette,0.4530,1303,1187,1308,1193,30,3
296,14.720,18,Bottle,0.4135,192,255,207,279,360,966
296,14.720,18,Bottle,0.3051,323,280,332,297,153,952
297,14.780,18,Bottle,0.4621,331,279,341,299,200,952
297,14.780,18,Cigarette,0.2762,1308,1196,1312,1202,24,3
299,14.881,18,Bottle,0.5268,1812,598,1849,660,2294,619
301,14.986,18,knife,0.3914,1795,1083,1883,1194,9768,1
301,14.986,18,Bottle,0.3342,1998,737,2010,768,372,619
301,14.986,18,Cigarette,0.3243,1852,1048,1857,1054,30,1
302,15.022,18,knife,0.4480,1795,1083,1884,1198,10235,1
302,15.022,18,Cigarette,0.4075,1852,1048,1857,1055,35,1
303,15.080,18,Cigarette,0.3617,1852,1048,1857,1055,35,1
303,15.080,18,Cigarette,0.2971,1024,1309,1039,1326,255,3
303,15.080,18,knife,0.2511,1804,1084,1883,1195,8769,1
304,15.120,18,knife,0.3633,2514,611,2545,655,1364,
306,15.220,18,Cigarette,0.3823,1852,1050,1856,1059,36,1
306,15.220,18,Bottle,0.3202,2050,794,2099,863,3381,
306,15.220,18,Bottle,0.2972,2141,766,2183,861,3990,
307,15.280,18,Bottle,0.3720,1076,455,1093,493,646,884
307,15.280,18,Cigarette,0.3657,1850,1052,1854,1058,24,1
308,15.320,18,Cigarette,0.4068,1848,1052,1852,1061,36,1
309,15.379,18,Cigarette,0.3013,1846,1054,1850,1062,32,1
310,15.420,18,Cigarette,0.3379,1845,1054,1850,1060,30,1
310,15.420,18,Cigarette,0.3192,1024,1342,1034,1361,190,3
311,15.482,18,Bottle,0.5353,475,308,486,331,253,952
311,15.482,18,Cigarette,0.4675,1845,1054,1850,1061,35,1
311,15.482,18,Cigarette,0.2894,1024,1340,1034,1360,200,3
312,15.520,18,Cigarette,0.4551,1845,1054,1849,1061,28,1
313,15.580,18,Cigarette,0.6283,1845,1054,1850,1061,35,1
314,15.620,18,Cigarette,0.4826,1846,1054,1851,1061,35,1
314,15.620,18,Bottle,0.4274,2474,664,2512,707,1634,
315,15.679,18,Cigarette,0.6115,1846,1054,1852,1062,48,1
315,15.679,18,Bottle,0.2577,528,316,539,340,264,952
316,15.720,18,Bottle,0.6343,542,319,554,345,312,952
316,15.720,18,Cigarette,0.6309,1846,1054,1852,1062,48,1
317,15.780,18,Cigarette,0.4678,1847,1053,1852,1061,40,1
318,15.820,18,Cigarette,0.5092,1847,1052,1851,1060,32,1
319,15.880,18,Cigarette,0.5970,1847,1051,1851,1060,36,1
319,15.880,18,Bottle,0.2704,1457,497,1480,549,1196,
320,15.920,18,Cigarette,0.6148,1848,1051,1852,1060,36,1
321,15.985,18,knife,0.3190,1781,1092,1878,1230,13386,1
321,15.985,18,Cigarette,0.3130,1848,1050,1851,1059,27,1
322,16.038,18,Bottle,0.4603,546,428,578,483,1760,10
322,16.038,18,knife,0.3108,1782,1094,1879,1217,11931,1
323,16.080,18,knife,0.4603,1776,1093,1878,1259,16932,1
327,16.279,18,Cigarette,0.5327,2076,650,2094,693,774,
327,16.279,18,knife,0.2696,1803,1086,1881,1203,9126,1
329,16.379,18,knife,0.4152,1804,1084,1882,1202,9204,1
329,16.379,18,Bottle,0.3539,797,487,818,534,987,952
330,16.420,18,knife,0.5030,1804,1084,1882,1203,9282,1
331,16.480,18,knife,0.4396,1801,1081,1884,1198,9711,1
332,16.520,18,knife,0.3804,1800,1082,1883,1199,9711,1
332,16.520,18,Cigarette,0.2713,1000,1376,1004,1382,24,3
333,16.579,18,knife,0.4267,1798,1082,1882,1200,9912,1
334,16.620,18,knife,0.3418,1797,1083,1882,1201,10030,1
336,16.719,18,knife,0.2741,1802,1085,1881,1203,9322,1
337,16.779,18,knife,0.2872,1798,1082,1880,1202,9840,1
338,16.822,18,Bottle,0.2528,1024,577,1064,650,2920,
340,16.924,18,Bottle,0.2697,1011,437,1022,456,209,952
342,17.020,18,Bottle,0.6870,1416,417,1442,479,1612,
342,17.020,18,Bottle,0.5283,1068,448,1081,471,299,952
342,17.020,18,Bottle,0.3369,1067,431,1082,471,600,952
343,17.079,18,Bottle,0.4340,1385,412,1409,478,1584,
343,17.079,18,Cigarette,0.2769,1833,1058,1838,1066,40,1
344,17.120,18,Bottle,0.2733,1135,464,1146,486,242,952
345,17.181,18,Bottle,0.4769,1170,472,1183,494,286,952
346,17.220,18,Bottle,0.7789,1209,481,1221,502,252,952
346,17.220,18,Cigarette,0.4818,1833,1056,1838,1067,55,1
347,17.280,18,Cigarette,0.4721,1833,1057,1838,1067,50,1
347,17.280,18,Bottle,0.2693,1250,492,1261,512,220,952
348,17.320,18,Bottle,0.7921,1292,502,1303,523,231,952
348,17.320,18,Cigarette,0.4049,1833,1057,1838,1067,50,1
349,17.380,18,Bottle,0.2795,1336,511,1349,535,312,952
350,17.420,18,Bottle,0.7915,1386,525,1396,546,210,952
351,17.479,18,Bottle,0.7940,1435,537,1446,559,242,952
352,17.520,18,Bottle,0.5897,1487,551,1497,573,220,952
353,17.579,18,Bottle,0.5817,1024,440,1047,547,2461,
353,17.579,18,Bottle,0.3391,1541,567,1551,588,210,952
354,17.620,18,Bottle,0.3088,1029,457,1079,561,5200,
355,17.679,18,Bottle,0.7066,1652,600,1663,622,242,952
355,17.679,18,Bottle,0.3160,1016,405,1029,425,260,966
356,17.719,18,Cigarette,0.3969,1722,613,1732,621,80,952
358,17.820,18,Cigarette,0.2561,1828,1068,1835,1077,63,1
359,17.880,18,Cigarette,0.3051,1832,1067,1837,1074,35,1
360,17.920,18,Cigarette,0.4342,1834,1063,1838,1072,36,1
364,18.120,18,Cigarette,0.2513,1822,1128,1828,1133,30,1
365,18.179,18,Cigarette,0.3282,1822,1129,1828,1133,24,1
367,18.279,18,knife,0.3335,1783,1095,1878,1249,14630,1
368,18.321,18,Bottle,0.2819,2473,665,2511,721,2128,
368,18.321,18,Cigarette,0.2602,1407,393,1430,409,368,966
368,18.321,18,knife,0.2536,1024,1360,1155,1439,10349,3
369,18.379,18,knife,0.2614,1024,1360,1158,1439,10586,3
373,18.579,18,Bottle,0.2752,1495,579,1535,672,3720,
374,18.620,18,Cigarette,0.4668,1513,581,1535,610,638,
374,18.620,18,Bottle,0.4421,1605,433,1654,451,882,966
378,18.820,18,Bottle,0.2866,2069,577,2109,671,3760,
379,18.880,18,Bottle,0.3129,2043,578,2097,669,4914,
379,18.880,18,Bottle,0.2911,1784,477,1804,492,300,1222
385,19.169,18,knife,0.2710,1979,513,2011,521,256,1222
387,19.270,18,knife,0.2883,1794,1083,1880,1200,10062,1
388,19.329,18,knife,0.3150,1794,1083,1881,1201,10266,1
389,19.370,18,knife,0.6356,1793,1083,1881,1204,10648,1
390,19.429,18,knife,0.7262,1793,1082,1881,1204,10736,1
391,19.469,18,knife,0.7160,1794,1082,1881,1204,10614,1
392,19.529,18,knife,0.6965,1795,1081,1881,1202,10406,1
392,19.529,18,Bottle,0.4872,1743,434,1765,481,1034,1291
393,19.569,18,knife,0.6537,1795,1080,1881,1200,10320,1
394,19.629,18,knife,0.6836,1794,1081,1882,1201,10560,1
395,19.669,18,knife,0.6739,1794,1081,1882,1202,10648,1
396,19.735,18,knife,0.6341,1794,1081,1882,1202,10648,1
397,19.770,18,knife,0.6608,1795,1082,1882,1202,10440,1
397,19.770,18,Bottle,0.4427,276,330,299,385,1265,
397,19.770,18,Cigarette,0.2559,1491,574,1509,587,234,
398,19.829,18,knife,0.7011,1795,1081,1882,1200,10353,1
399,19.870,18,knife,0.7402,1795,1082,1884,1201,10591,1
400,19.929,18,knife,0.7815,1795,1083,1885,1201,10620,1
401,20.001,18,knife,0.8207,1795,1084,1885,1200,10440,1
402,20.039,18,knife,0.8154,1795,1084,1884,1201,10413,1
403,20.070,18,knife,0.8104,1796,1084,1884,1201,10296,1
403,20.070,18,Bottle,0.2758,340,288,353,321,429,1296
404,20.129,18,knife,0.8194,1796,1083,1885,1201,10502,1
405,20.170,18,knife,0.8169,1796,1082,1885,1201,10591,1
406,20.230,18,knife,0.8211,1796,1082,1885,1201,10591,1
407,20.270,18,knife,0.8330,1796,1082,1885,1201,10591,1
408,20.329,18,knife,0.8223,1797,1082,1885,1201,10472,1
408,20.329,18,Bottle,0.3191,1249,374,1262,392,234,1291
409,20.370,18,knife,0.8179,1797,1082,1885,1201,10472,1
410,20.429,18,knife,0.8035,1797,1082,1885,1200,10384,1
411,20.469,18,knife,0.7976,1797,1082,1885,1200,10384,1
412,20.530,18,knife,0.8228,1796,1082,1885,1201,10591,1
413,20.569,18,knife,0.8221,1796,1082,1885,1201,10591,1
414,20.629,18,knife,0.8133,1796,1082,1884,1201,10472,1
415,20.670,18,knife,0.7968,1796,1082,1883,1201,10353,1
416,20.732,18,knife,0.7531,1795,1082,1883,1201,10472,1
417,20.769,18,knife,0.7156,1795,1082,1883,1201,10472,1
418,20.829,18,knife,0.6979,1795,1082,1883,1201,10472,1
419,20.870,18,knife,0.6427,1796,1082,1882,1201,10234,1
420,20.929,18,knife,0.5212,1797,1082,1883,1201,10234,1
421,21.000,18,knife,0.6397,1797,1082,1885,1203,10648,1
422,21.034,18,knife,0.7825,1795,1083,1886,1204,11011,1
422,21.034,18,Bottle,0.3662,887,246,897,286,400,1291
422,21.034,18,Bottle,0.3217,903,294,910,321,189,1291
423,21.070,18,knife,0.8037,1796,1083,1886,1204,10890,1
424,21.129,18,knife,0.8233,1796,1082,1886,1204,10980,1
425,21.169,18,knife,0.8273,1797,1083,1886,1203,10680,1
425,21.169,18,Bottle,0.3061,834,238,849,242,60,1291
425,21.169,18,Bottle,0.3004,880,238,902,257,418,1291
426,21.229,18,knife,0.8275,1796,1083,1886,1203,10800,1
427,21.269,18,knife,0.8166,1796,1083,1886,1203,10800,1
428,21.329,18,knife,0.7725,1796,1082,1886,1203,10890,1
428,21.329,18,Bottle,0.7721,818,224,833,252,420,1291
429,21.370,18,knife,0.7427,1796,1082,1885,1203,10769,1
429,21.370,18,Bottle,0.5926,2047,576,2110,701,7875,
430,21.429,18,knife,0.7660,1796,1082,1885,1203,10769,1
430,21.429,18,Bottle,0.6079,1260,326,1290,354,840,1352
430,21.429,18,Bottle,0.3375,699,281,720,302,441,1296
431,21.469,18,knife,0.7270,1796,1082,1885,1203,10769,1
431,21.469,18,knife,0.5232,2013,578,2111,615,3626,
432,21.531,18,knife,0.7716,1795,1082,1886,1203,11011,1
432,21.531,18,Bottle,0.6570,1202,315,1228,343,728,1352
433,21.571,18,knife,0.7395,1796,1082,1886,1203,10890,1
433,21.571,18,Cigarette,0.3430,1371,583,1397,595,312,
434,21.631,18,knife,0.7896,1796,1082,1886,1202,10800,1
434,21.631,18,Bottle,0.6685,1141,305,1168,334,783,1352
434,21.631,18,Cigarette,0.2968,818,489,822,495,24,1296
435,21.670,18,knife,0.8166,1796,1082,1886,1202,10800,1
435,21.670,18,Cigarette,0.3184,1448,595,1472,611,384,
435,21.670,18,Cigarette,0.2649,843,494,847,502,32,1296
436,21.731,18,knife,0.8327,1796,1083,1887,1202,10829,1
436,21.731,18,Cigarette,0.3050,1480,607,1509,617,290,
437,21.769,18,knife,0.8244,1797,1082,1887,1202,10800,1
437,21.769,18,Bottle,0.6342,1058,295,1080,321,572,1352
437,21.769,18,Cigarette,0.2909,1518,614,1544,629,390,
438,21.832,18,knife,0.8397,1797,1082,1887,1201,10710,1
438,21.832,18,Bottle,0.3942,982,380,1004,431,1122,1352
438,21.832,18,Bottle,0.3540,1034,288,1051,314,442,1352
438,21.832,18,Bottle,0.2724,1012,317,1026,341,336,1352
439,21.870,18,knife,0.8171,1797,1082,1887,1202,10800,1
440,21.929,18,knife,0.7930,1797,1082,1887,1202,10800,1
441,21.988,18,knife,0.8117,1797,1083,1887,1202,10710,1
441,21.988,18,Bottle,0.7421,1047,484,1072,535,1275,1296
442,22.025,18,knife,0.7687,1796,1083,1887,1204,11011,1
442,22.025,18,Bottle,0.7144,930,278,949,300,418,1352
443,22.079,18,knife,0.7944,1795,1083,1888,1204,11253,1
443,22.079,18,Bottle,0.5250,1109,501,1134,549,1200,1296
443,22.079,18,Bottle,0.3727,1073,536,1096,554,414,1296
444,22.119,18,knife,0.5887,1795,1083,1888,1204,11253,1
445,22.180,18,knife,0.7612,1795,1082,1887,1204,11224,1
445,22.180,18,Bottle,0.2761,860,258,878,290,576,1352
446,22.220,18,knife,0.7513,1795,1082,1888,1204,11346,1
446,22.220,18,Bottle,0.5060,1441,469,1480,548,3081,
447,22.281,18,knife,0.7278,1796,1082,1888,1203,11132,1
447,22.281,18,Bottle,0.4318,815,262,835,284,440,1352
448,22.321,18,knife,0.8076,1796,1082,1888,1203,11132,1
448,22.321,18,Cigarette,0.3382,1910,711,1950,738,1080,
449,22.379,18,knife,0.7800,1796,1082,1888,1203,11132,1
449,22.379,18,Bottle,0.5552,757,251,764,263,84,1352
449,22.379,18,Cigarette,0.3620,1938,720,1985,747,1269,
449,22.379,18,Cigarette,0.2604,1016,1344,1026,1358,140,3
450,22.422,18,knife,0.8090,1796,1082,1888,1203,11132,1
450,22.422,18,Cigarette,0.5100,1015,1344,1025,1358,140,3
450,22.422,18,Cigarette,0.3028,1982,729,2019,742,481,
451,22.481,18,knife,0.8313,1797,1082,1887,1203,10890,1
451,22.481,18,Cigarette,0.4140,1014,1342,1023,1356,126,3
451,22.481,18,Cigarette,0.3645,2013,739,2053,769,1200,
452,22.520,18,knife,0.8380,1797,1082,1887,1203,10890,1
452,22.520,18,Cigarette,0.4160,1013,1342,1022,1358,144,3
453,22.580,18,knife,0.8438,1797,1082,1887,1203,10890,1
453,22.580,18,Cigarette,0.6094,1011,1341,1021,1357,160,3
454,22.619,18,knife,0.8392,1797,1082,1887,1203,10890,1
454,22.619,18,Bottle,0.2645,1456,614,1486,632,540,1296
455,22.679,18,knife,0.8011,1798,1082,1887,1203,10769,1
455,22.679,18,Cigarette,0.3562,1010,1341,1021,1354,143,3
455,22.679,18,Bottle,0.3114,441,270,463,300,660,1404
456,22.719,18,knife,0.7752,1798,1082,1887,1204,10858,1
456,22.719,18,Bottle,0.4327,432,269,452,297,560,1404
456,22.719,18,Cigarette,0.4131,1010,1341,1021,1354,143,3
457,22.779,18,knife,0.7638,1798,1082,1887,1204,10858,1
457,22.779,18,Cigarette,0.5117,1010,1341,1021,1354,143,3
458,22.820,18,knife,0.7770,1798,1082,1887,1204,10858,1
458,22.820,18,Cigarette,0.4075,1011,1341,1021,1355,140,3
458,22.820,18,Bottle,0.3695,2473,650,2508,690,1400,
458,22.820,18,Bottle,0.2574,1449,392,1480,496,3224,
459,22.879,18,knife,0.7846,1798,1082,1887,1204,10858,1
459,22.879,18,Cigarette,0.3306,1011,1341,1021,1355,140,3
460,22.919,18,knife,0.7995,1797,1081,1887,1204,11070,1
460,22.919,18,Cigarette,0.3242,1011,1341,1021,1355,140,3
461,22.985,18,knife,0.7167,1797,1081,1887,1204,11070,1
461,22.985,18,Cigarette,0.3094,1013,1342,1022,1355,117,3
462,23.022,18,knife,0.7001,1797,1080,1887,1203,11070,1
462,23.022,18,Cigarette,0.4989,1013,1342,1022,1355,117,3
462,23.022,18,Bottle,0.2876,1757,681,1781,702,504,1296
463,23.080,18,knife,0.7167,1797,1080,1886,1203,10947,1
463,23.080,18,Bottle,0.4148,511,337,520,353,144,1424
463,23.080,18,Bottle,0.3100,529,300,561,337,1184,1424
463,23.080,18,Cigarette,0.2813,1014,1342,1023,1354,108,3
464,23.120,18,knife,0.7448,1797,1079,1886,1203,11036,1
464,23.120,18,Cigarette,0.4063,1014,1341,1023,1355,126,3
465,23.181,18,knife,0.6881,1796,1079,1885,1203,11036,1
465,23.181,18,Cigarette,0.5521,1014,1341,1023,1356,135,3
465,23.181,18,Bottle,0.3082,1905,558,1943,632,2812,1296
466,23.219,18,knife,0.6384,1796,1078,1885,1203,11125,1
466,23.219,18,Bottle,0.4952,1175,627,1246,687,4260,
466,23.219,18,Cigarette,0.4871,1014,1341,1023,1355,126,3
467,23.279,18,knife,0.5557,1796,1076,1884,1205,11352,1
467,23.279,18,Bottle,0.3704,473,295,502,326,899,1424
469,23.379,18,Bottle,0.8108,2061,546,2087,596,1300,1296
469,23.379,18,Bottle,0.4446,480,230,485,240,50,1424
470,23.419,18,Bottle,0.7318,434,222,459,243,525,1424
471,23.479,18,Bottle,0.4051,422,222,447,245,575,1424
472,23.520,18,Bottle,0.4444,1868,576,1931,675,6237,
475,23.679,18,Cigarette,0.2807,1242,550,1292,599,2450,
476,23.720,18,Bottle,0.6115,331,222,356,246,600,1424
479,23.879,18,Cigarette,0.7176,1446,508,1485,541,1287,
479,23.879,18,Bottle,0.3676,1833,474,1841,498,192,1473
479,23.879,18,knife,0.3013,1795,1081,1882,1212,11397,1
480,23.920,18,Cigarette,0.5940,1484,515,1521,548,1221,
480,23.920,18,knife,0.3184,1796,1081,1882,1211,11180,1
481,23.986,18,Cigarette,0.5388,1520,523,1556,554,1116,
485,24.179,18,Bottle,0.7595,1398,436,1457,566,7670,
485,24.179,18,knife,0.2656,1799,1078,1883,1210,11088,1
486,24.220,18,Bottle,0.7500,1364,422,1443,560,10902,
486,24.220,18,Bottle,0.2868,1513,630,1536,714,1932,
487,24.280,18,Bottle,0.7907,1336,448,1395,554,6254,
490,24.420,18,knife,0.5263,2488,601,2555,645,2948,
491,24.480,18,knife,0.6720,2488,605,2543,637,1760,
492,24.520,18,Cigarette,0.4166,1855,1052,1859,1060,32,1
493,24.579,18,Cigarette,0.3936,1855,1052,1860,1060,40,1
494,24.620,18,Cigarette,0.2923,1855,1053,1859,1060,28,1
495,24.679,18,Cigarette,0.2636,2251,441,2269,455,252,
499,24.880,18,Bottle,0.7226,1123,344,1131,369,200,1518
499,24.880,18,Bottle,0.4077,155,257,168,281,312,1424
500,24.919,18,Bottle,0.2883,167,215,183,231,256,1424
501,25.000,18,knife,0.3143,1798,1081,1881,1215,11122,1
502,25.035,18,Bottle,0.5627,1032,330,1040,353,184,1518
502,25.035,18,knife,0.4130,1797,1081,1881,1215,11256,1
502,25.035,18,Bottle,0.3036,1942,577,2030,673,8448,
503,25.071,18,Bottle,0.6721,1003,326,1012,349,207,1518
503,25.071,18,knife,0.3807,1797,1081,1881,1216,11340,1
504,25.132,18,Bottle,0.6832,975,322,984,344,198,1518
504,25.132,18,knife,0.3429,1797,1081,1881,1216,11340,1
505,25.169,18,knife,0.3760,1798,1081,1881,1215,11122,1
506,25.229,18,knife,0.3579,1798,1081,1881,1215,11122,1
506,25.229,18,Bottle,0.3261,921,314,930,335,189,1518
506,25.229,18,Cigarette,0.3041,1854,1049,1860,1057,48,1
507,25.269,18,Bottle,0.5734,896,309,905,331,198,1550
507,25.269,18,knife,0.4209,1797,1081,1881,1216,11340,1
508,25.329,18,knife,0.2741,1797,1082,1881,1215,11172,1
509,25.370,18,Bottle,0.4863,847,306,856,322,144,1518
510,25.431,18,Bottle,0.2546,823,304,833,319,150,1518
537,26.781,18,Cigarette,0.2891,1014,1335,1023,1344,81,3
540,26.921,18,Cigarette,0.3058,1024,392,1036,409,204,
541,27.002,18,knife,0.2984,1802,1083,1885,1206,10209,1
542,27.047,18,knife,0.3802,1799,1085,1883,1211,10584,1
542,27.047,18,Cigarette,0.2544,1015,1335,1023,1344,72,3
543,27.069,18,knife,0.3425,1796,1085,1883,1214,11223,1
543,27.069,18,Cigarette,0.2871,1015,1335,1023,1344,72,3
544,27.129,18,knife,0.3161,1791,1085,1884,1218,12369,1
544,27.129,18,Cigarette,0.2652,2478,645,2502,680,840,
545,27.170,18,Bottle,0.3852,2051,576,2112,681,6405,
545,27.170,18,knife,0.3317,1792,1085,1884,1217,12144,1
546,27.230,18,knife,0.3555,459,384,477,399,270,1608
546,27.230,18,knife,0.2994,1790,1085,1883,1222,12741,1
547,27.270,18,knife,0.3442,1792,1085,1883,1221,12376,1
547,27.270,18,knife,0.2620,483,386,503,403,340,1608
548,27.329,18,knife,0.3563,1797,1085,1883,1215,11180,1
549,27.369,18,knife,0.2903,1798,1086,1882,1215,10836,1
550,27.431,18,knife,0.3130,1798,1086,1882,1214,10752,1
551,27.470,18,knife,0.3036,1798,1086,1882,1214,10752,1
559,27.869,18,knife,0.3823,1794,1082,1881,1210,11136,1
562,28.045,18,Cigarette,0.3369,1024,539,1040,563,384,
562,28.045,18,Cigarette,0.3331,1025,601,1042,618,289,
563,28.069,18,Cigarette,0.5905,1853,1026,1858,1039,65,1
564,28.129,18,Cigarette,0.4953,1852,1025,1857,1039,70,1
564,28.129,18,Bottle,0.2821,1416,423,1456,484,2440,
565,28.170,18,Cigarette,0.7041,1851,1023,1858,1036,91,1
566,28.230,18,Cigarette,0.6394,1852,1023,1859,1033,70,1
567,28.269,18,Cigarette,0.6667,1852,1022,1859,1033,77,1
568,28.330,18,Cigarette,0.6508,1853,1023,1859,1033,60,1
569,28.369,18,Cigarette,0.4429,1852,1023,1859,1034,77,1
569,28.369,18,Cigarette,0.2510,979,1367,999,1383,320,3
570,28.431,18,Cigarette,0.3506,1852,1023,1858,1033,60,1
571,28.470,18,Cigarette,0.2743,977,1367,998,1383,336,3
572,28.529,18,Cigarette,0.3218,977,1368,998,1383,315,3
573,28.569,18,Cigarette,0.3846,982,1369,998,1382,208,3
574,28.629,18,Cigarette,0.3753,982,1369,998,1382,208,3
575,28.670,18,Cigarette,0.3880,982,1368,998,1383,240,3
575,28.670,18,Bottle,0.2882,658,277,677,296,361,1695
576,28.730,18,Cigarette,0.3752,982,1368,998,1382,224,3
576,28.730,18,Bottle,0.2788,1452,429,1473,464,735,1676
577,28.770,18,Cigarette,0.3718,982,1368,998,1382,224,3
577,28.770,18,Cigarette,0.2857,1811,1155,1819,1158,24,1
578,28.830,18,Cigarette,0.3776,1811,1155,1819,1159,32,1
578,28.830,18,Cigarette,0.3645,983,1368,998,1382,210,3
579,28.870,18,Cigarette,0.4412,1811,1155,1819,1158,24,1
579,28.870,18,Cigarette,0.3297,983,1368,998,1382,210,3
580,28.929,18,Cigarette,0.3183,1811,1155,1819,1159,32,1
582,29.024,18,Bottle,0.3040,852,454,877,482,700,1711
582,29.024,18,Bottle,0.2784,842,312,851,341,261,1711
583,29.079,18,Cigarette,0.4050,1016,1337,1027,1352,165,3
583,29.079,18,Cigarette,0.2512,884,316,887,323,21,1711
584,29.120,18,Bottle,0.7236,907,322,916,350,252,1719
584,29.120,18,Cigarette,0.4080,1811,1154,1820,1159,45,1
584,29.120,18,Bottle,0.3218,907,307,920,338,403,1719
584,29.120,18,Cigarette,0.2887,1017,1337,1027,1353,160,3
585,29.179,18,Cigarette,0.5359,1018,1337,1027,1352,135,3
585,29.179,18,Cigarette,0.4160,1812,1154,1820,1159,40,1
586,29.219,18,Cigarette,0.4378,1018,1340,1027,1354,126,3
586,29.219,18,Bottle,0.3869,1033,366,1059,411,1170,
586,29.219,18,Cigarette,0.3725,1811,1154,1820,1159,45,1
587,29.280,18,Cigarette,0.4058,1811,1154,1820,1159,45,1
587,29.280,18,Cigarette,0.2932,1018,1340,1027,1354,126,3
588,29.320,18,Cigarette,0.4152,1811,1154,1820,1159,45,1
588,29.320,18,Bottle,0.2754,1056,312,1075,335,437,1719
589,29.379,18,Cigarette,0.4778,1811,1154,1820,1159,45,1
589,29.379,18,Bottle,0.3885,1095,474,1136,517,1763,1719
590,29.419,18,Cigarette,0.4097,1811,1155,1819,1159,32,1
591,29.478,18,Cigarette,0.3948,1811,1155,1819,1159,32,1
592,29.519,18,Cigarette,0.4105,1811,1155,1819,1159,32,1
593,29.580,18,Cigarette,0.4177,1811,1155,1819,1159,32,1
594,29.620,18,Bottle,0.6838,1285,401,1325,468,2680,
594,29.620,18,Cigarette,0.5591,1016,1339,1025,1354,135,3
594,29.620,18,Cigarette,0.4123,1811,1155,1819,1159,32,1
594,29.620,18,Bottle,0.2529,1654,576,1682,604,784,
595,29.679,18,Cigarette,0.7796,1014,1339,1024,1356,170,3
595,29.679,18,Cigarette,0.3872,1811,1155,1819,1159,32,1
596,29.719,18,Cigarette,0.6832,1014,1339,1024,1356,170,3
596,29.719,18,Cigarette,0.5101,1745,491,1773,543,1456,
596,29.719,18,Bottle,0.4456,1373,423,1426,512,4717,
596,29.719,18,Bottle,0.2683,1353,423,1424,576,10863,
597,29.779,18,Cigarette,0.6684,1014,1339,1024,1356,170,3
597,29.779,18,Bottle,0.4411,1423,430,1464,493,2583,
598,29.821,18,Cigarette,0.6356,1013,1339,1024,1357,198,3
598,29.821,18,Cigarette,0.3628,1811,1155,1820,1159,36,1
599,29.879,18,Cigarette,0.4367,1013,1339,1023,1357,180,3
599,29.879,18,Cigarette,0.3408,1811,1155,1820,1159,36,1
599,29.879,18,Bottle,0.2901,1793,617,1828,647,1050,
600,29.921,18,Cigarette,0.4488,1811,1154,1820,1159,45,1
600,29.921,18,Cigarette,0.4439,1013,1339,1023,1357,180,3
601,29.985,18,Cigarette,0.6461,1013,1340,1022,1357,153,3
602,30.020,18,Cigarette,0.4628,1013,1340,1023,1357,170,3
603,30.080,18,Cigarette,0.3342,1014,1340,1023,1353,117,3
604,30.120,18,Cigarette,0.2874,1014,1340,1023,1351,99,3
605,30.178,18,Cigarette,0.4449,1013,1339,1022,1352,117,3
608,30.320,18,Cigarette,0.4249,1014,1339,1022,1351,96,3
609,30.379,18,Cigarette,0.5560,1014,1339,1022,1351,96,3
610,30.420,18,Cigarette,0.3844,1014,1339,1022,1348,72,3
611,30.478,18,Cigarette,0.7254,1014,1338,1023,1347,81,3
612,30.520,18,Cigarette,0.6412,1014,1338,1023,1348,90,3
616,30.720,18,Cigarette,0.2546,1013,1336,1021,1348,96,3
621,30.987,18,Cigarette,0.4393,1013,1337,1020,1348,77,3
622,31.028,18,Cigarette,0.6283,1012,1337,1021,1347,90,3
623,31.080,18,Cigarette,0.6790,1012,1337,1021,1347,90,3
624,31.120,18,Cigarette,0.5794,1012,1337,1021,1347,90,3
627,31.279,18,Cigarette,0.5307,1011,1338,1021,1350,120,3
628,31.320,18,Cigarette,0.4148,1011,1338,1021,1350,120,3
632,31.521,18,Cigarette,0.4716,1013,1336,1022,1349,117,3
633,31.579,18,Cigarette,0.5016,1013,1336,1022,1349,117,3
634,31.620,18,Cigarette,0.3805,1013,1336,1022,1349,117,3
637,31.782,18,Cigarette,0.2995,2249,441,2269,455,280,
640,31.921,18,Cigarette,0.4010,1014,1335,1023,1350,135,3
641,31.986,18,Cigarette,0.6689,1014,1335,1024,1349,140,3
642,32.026,18,Cigarette,0.5484,1014,1335,1024,1349,140,3
643,32.079,18,Cigarette,0.5713,1014,1335,1024,1349,140,3
644,32.120,18,Cigarette,0.5578,1014,1335,1024,1350,150,3
645,32.179,18,Cigarette,0.5412,1014,1335,1024,1350,150,3
646,32.220,18,Cigarette,0.5511,1014,1335,1024,1350,150,3
647,32.280,18,Cigarette,0.5634,1014,1335,1024,1351,160,3
648,32.320,18,Cigarette,0.4588,1014,1335,1024,1351,160,3
649,32.380,18,Cigarette,0.4033,1013,1335,1024,1351,176,3
650,32.422,18,Cigarette,0.5931,1014,1336,1024,1353,170,3
652,32.520,18,Cigarette,0.4171,1015,1338,1024,1350,108,3
653,32.580,18,Cigarette,0.4331,1015,1338,1024,1350,108,3
655,32.679,18,Cigarette,0.3370,1014,1337,1024,1353,160,3
656,32.720,18,Cigarette,0.3985,1013,1337,1023,1353,160,3
656,32.720,18,knife,0.2646,1795,1081,1879,1231,12600,1
657,32.781,18,Cigarette,0.2520,1013,1337,1023,1353,160,3
659,32.880,18,Cigarette,0.4476,1013,1337,1023,1352,150,3
660,32.920,18,Cigarette,0.4280,1013,1337,1023,1352,150,3
661,32.985,18,Cigarette,0.4523,1013,1337,1023,1352,150,3
662,33.022,18,Cigarette,0.3948,1013,1336,1023,1352,160,3
663,33.080,18,Cigarette,0.3287,1013,1336,1023,1352,160,3
664,33.120,18,Cigarette,0.3075,1013,1336,1023,1352,160,3
665,33.178,18,Cigarette,0.3024,1013,1337,1023,1352,150,3
667,33.280,18,Cigarette,0.3198,429,305,449,335,600,1851
668,33.320,18,Cigarette,0.4035,1015,1339,1025,1353,140,3
669,33.378,18,Cigarette,0.3874,1015,1339,1025,1353,140,3
669,33.378,18,Cigarette,0.3361,450,309,469,338,551,1851
670,33.421,18,Cigarette,0.4966,463,309,481,337,504,
671,33.481,18,Cigarette,0.6840,1013,1335,1023,1351,160,3
672,33.520,18,Cigarette,0.6200,1013,1336,1024,1351,165,3
673,33.579,18,Cigarette,0.6641,1014,1335,1024,1351,160,3
674,33.620,18,Cigarette,0.5021,1014,1335,1024,1351,160,3
674,33.620,18,knife,0.2655,1801,1077,1883,1226,12218,1
675,33.678,18,Cigarette,0.4947,1014,1336,1024,1352,160,3
676,33.720,18,Cigarette,0.5745,1014,1336,1024,1352,160,3
677,33.778,18,Cigarette,0.5335,1013,1335,1023,1351,160,3
678,33.821,18,Cigarette,0.6436,1013,1335,1023,1351,160,3
679,33.879,18,Cigarette,0.4990,1013,1336,1023,1351,150,3
680,33.921,18,Cigarette,0.5075,1012,1335,1023,1352,187,3
681,33.987,18,Cigarette,0.4260,1013,1336,1023,1352,160,3
682,34.031,18,Cigarette,0.6410,1012,1336,1022,1352,160,3
683,34.070,18,Cigarette,0.5763,1012,1336,1022,1352,160,3
684,34.128,18,Cigarette,0.4775,1012,1336,1023,1352,176,3
685,34.173,18,Cigarette,0.4618,1012,1336,1023,1353,187,3
686,34.229,18,Cigarette,0.4887,1012,1336,1023,1353,187,3
687,34.270,18,Cigarette,0.4864,1012,1336,1023,1353,187,3
688,34.328,18,Cigarette,0.5669,1012,1336,1023,1353,187,3
689,34.372,18,Cigarette,0.4023,1012,1336,1023,1353,187,3
690,34.428,18,Cigarette,0.3875,1012,1336,1023,1353,187,3
691,34.470,18,Cigarette,0.4833,1012,1336,1023,1352,176,3
692,34.528,18,Cigarette,0.5503,1012,1336,1023,1353,187,3
693,34.570,18,Cigarette,0.6180,1012,1336,1022,1353,170,3
693,34.570,18,Cigarette,0.4269,1861,1009,1875,1017,112,1
694,34.628,18,Cigarette,0.7173,1012,1336,1023,1353,187,3
694,34.628,18,Cigarette,0.6059,1862,1009,1875,1017,104,1
695,34.670,18,Cigarette,0.6083,1012,1336,1023,1353,187,3
695,34.670,18,Cigarette,0.4549,1863,1010,1876,1018,104,1
696,34.729,18,Cigarette,0.5869,1012,1336,1023,1353,187,3
697,34.771,18,Cigarette,0.5501,1012,1336,1023,1353,187,3
698,34.829,18,Cigarette,0.5792,1012,1336,1023,1353,187,3
698,34.829,18,knife,0.2524,1801,1077,1882,1219,11502,1
699,34.871,18,Cigarette,0.5778,1012,1336,1023,1353,187,3
699,34.871,18,knife,0.3340,1799,1078,1882,1231,12699,1
700,34.928,18,Cigarette,0.5782,1012,1336,1023,1353,187,3
701,34.989,18,Cigarette,0.4779,1012,1336,1023,1352,176,3
701,34.989,18,Bottle,0.3688,1942,973,1968,999,676,1
702,35.026,18,Cigarette,0.4573,1012,1336,1023,1352,176,3
703,35.079,18,Cigarette,0.5007,1013,1337,1023,1352,150,3
704,35.120,18,Cigarette,0.5490,1013,1337,1023,1352,150,3
705,35.179,18,Cigarette,0.5519,1013,1337,1023,1352,150,3
705,35.179,18,knife,0.4393,1799,1077,1883,1208,11004,1
706,35.220,18,Cigarette,0.5613,1013,1337,1023,1352,150,3
706,35.220,18,knife,0.5457,1798,1078,1885,1206,11136,1
707,35.279,18,Cigarette,0.5437,1013,1337,1023,1352,150,3
707,35.279,18,knife,0.4337,1798,1076,1887,1205,11481,1
708,35.320,18,Cigarette,0.5426,1013,1337,1023,1352,150,3
709,35.380,18,Cigarette,0.5400,1013,1337,1023,1352,150,3
710,35.421,18,Cigarette,0.5394,1013,1337,1023,1352,150,3
711,35.479,18,Cigarette,0.5301,1013,1337,1023,1352,150,3
712,35.520,18,Cigarette,0.5312,1013,1337,1023,1352,150,3
712,35.520,18,knife,0.4157,1792,1079,1883,1210,11921,1
713,35.579,18,knife,0.6596,1791,1082,1882,1212,11830,1
713,35.579,18,Cigarette,0.5437,1013,1337,1023,1352,150,3
714,35.620,18,knife,0.4938,1791,1085,1881,1214,11610,1
714,35.620,18,Cigarette,0.4614,1013,1337,1023,1353,160,3
714,35.620,18,Cigarette,0.3607,1870,1000,1876,1007,42,1
715,35.679,18,Cigarette,0.4555,1013,1337,1023,1353,160,3
715,35.679,18,knife,0.3135,1792,1090,1879,1215,10875,1
716,35.720,18,Cigarette,0.4459,1013,1337,1023,1353,160,3
717,35.779,18,Cigarette,0.4464,1013,1337,1023,1353,160,3
718,35.824,18,Cigarette,0.3062,1012,1337,1023,1353,176,3
719,35.879,18,Bottle,0.3446,1294,372,1318,417,1080,
719,35.879,18,Cigarette,0.3238,1012,1337,1023,1353,176,3
720,35.921,18,Cigarette,0.3434,1012,1337,1023,1353,176,3
721,35.987,18,Cigarette,0.4771,1012,1337,1023,1353,176,3
721,35.987,18,Cigarette,0.4485,1869,1000,1876,1007,49,1
721,35.987,18,knife,0.2549,1791,1085,1881,1220,12150,1
722,36.021,18,Cigarette,0.5362,1869,1000,1876,1007,49,1
722,36.021,18,Cigarette,0.3832,1013,1336,1023,1352,160,3
723,36.079,18,Cigarette,0.4477,1012,1337,1023,1353,176,3
723,36.079,18,Cigarette,0.2677,1869,1001,1875,1007,36,1
724,36.120,18,Cigarette,0.3874,1012,1336,1023,1352,176,3
724,36.120,18,Cigarette,0.3033,1869,1001,1875,1006,30,1
725,36.179,18,Cigarette,0.4035,1869,1000,1875,1006,36,1
725,36.179,18,Cigarette,0.3826,1012,1337,1023,1353,176,3
726,36.220,18,Cigarette,0.3610,1012,1337,1023,1353,176,3
727,36.279,18,Cigarette,0.3662,1012,1337,1023,1353,176,3
728,36.320,18,Cigarette,0.3817,1012,1337,1023,1353,176,3
728,36.320,18,Cigarette,0.2794,1672,595,1702,609,420,
729,36.379,18,Cigarette,0.5059,1012,1336,1023,1353,187,3
730,36.421,18,knife,0.5539,1779,1073,1868,1207,11926,1
730,36.421,18,Cigarette,0.3835,1012,1337,1023,1353,176,3
731,36.479,18,Cigarette,0.3756,1012,1337,1023,1353,176,3
732,36.520,18,Cigarette,0.4268,1012,1337,1023,1353,176,3
733,36.579,18,knife,0.5625,1768,1071,1863,1207,12920,1
733,36.579,18,Cigarette,0.4249,1012,1337,1023,1353,176,3
734,36.623,18,Cigarette,0.4247,1012,1337,1023,1353,176,3
735,36.679,18,Cigarette,0.5477,1012,1336,1023,1354,198,3
736,36.720,18,Cigarette,0.5597,1012,1336,1023,1354,198,3
737,36.779,18,Cigarette,0.3637,1012,1337,1023,1353,176,3
738,36.820,18,knife,0.4402,1752,1075,1854,1221,14892,1
738,36.820,18,Cigarette,0.2950,1012,1337,1023,1353,176,3
739,36.879,18,knife,0.6468,1750,1072,1860,1212,15400,1
739,36.879,18,Cigarette,0.3721,1012,1337,1023,1353,176,3
740,36.920,18,knife,0.7700,1751,1073,1857,1215,15052,1
740,36.920,18,Cigarette,0.4943,1974,739,1997,752,299,
740,36.920,18,Cigarette,0.3694,1013,1337,1023,1353,160,3
741,37.001,18,knife,0.8153,1742,1073,1857,1218,16675,1
741,37.001,18,Cigarette,0.3567,1013,1337,1023,1353,160,3
742,37.051,18,knife,0.7309,1742,1077,1855,1211,15142,1
742,37.051,18,Cigarette,0.3872,1013,1337,1023,1353,160,3
743,37.071,18,knife,0.6456,1730,1081,1853,1214,16359,1
743,37.071,18,Cigarette,0.4530,1013,1337,1023,1353,160,3
744,37.128,18,knife,0.7162,1753,1084,1852,1190,10494,1
744,37.128,18,Cigarette,0.5364,1013,1337,1023,1353,160,3
745,37.170,18,knife,0.7400,1752,1078,1855,1189,11433,1
745,37.170,18,Cigarette,0.5243,1013,1337,1024,1352,165,3
746,37.228,18,knife,0.5827,1737,1079,1849,1195,12992,1
746,37.228,18,Cigarette,0.5141,1013,1337,1024,1352,165,3
746,37.228,18,Bottle,0.2799,2472,673,2505,746,2409,
747,37.270,18,knife,0.6604,1730,1075,1850,1218,17160,1
747,37.270,18,Cigarette,0.5535,1013,1337,1024,1352,165,3
748,37.328,18,knife,0.7153,1728,1073,1851,1218,17835,1
748,37.328,18,Cigarette,0.5554,1013,1337,1024,1352,165,3
749,37.370,18,knife,0.6180,1728,1071,1852,1209,17112,1
749,37.370,18,Cigarette,0.5057,1013,1337,1023,1352,150,3
749,37.370,18,knife,0.2663,2142,681,2214,708,1944,
750,37.429,18,knife,0.7307,1719,1070,1850,1219,19519,1
750,37.429,18,Cigarette,0.6407,1012,1336,1023,1353,187,3
751,37.474,18,knife,0.7249,1717,1069,1852,1217,19980,1
751,37.474,18,Cigarette,0.5020,1012,1336,1023,1353,187,3
752,37.528,18,Cigarette,0.5644,1012,1336,1023,1352,176,3
752,37.528,18,knife,0.5232,1711,1068,1851,1220,21280,1
753,37.570,18,Cigarette,0.5818,1012,1336,1023,1352,176,3
753,37.570,18,knife,0.4675,1693,1056,1852,1253,31323,1
753,37.570,18,knife,0.4015,1743,1061,1850,1174,12091,1
754,37.629,18,Cigarette,0.5940,1012,1337,1023,1353,176,3
754,37.629,18,knife,0.5832,1740,1061,1848,1170,11772,1
754,37.629,18,knife,0.4523,1694,1066,1849,1246,27900,1
754,37.629,18,Cigarette,0.2887,1004,506,1025,531,525,
754,37.629,18,Cigarette,0.2837,1024,535,1034,571,360,
755,37.671,18,knife,0.6438,1692,1063,1850,1252,29862,1
755,37.671,18,Cigarette,0.5038,1024,514,1046,538,528,
755,37.671,18,Cigarette,0.3210,1012,1337,1023,1354,187,3
756,37.729,18,knife,0.6545,1698,1061,1849,1174,17063,1
756,37.729,18,Cigarette,0.6082,1011,1338,1022,1354,176,3
756,37.729,18,knife,0.2790,1631,1428,1694,1440,756,1
757,37.770,18,Cigarette,0.7353,1011,1338,1022,1355,187,3
757,37.770,18,knife,0.5294,1691,1063,1847,1247,28704,1
757,37.770,18,Cigarette,0.3200,1063,519,1084,545,546,
758,37.829,18,Cigarette,0.7243,1011,1339,1022,1355,176,3
759,37.870,18,Cigarette,0.7581,1011,1339,1022,1355,176,3
759,37.870,18,knife,0.5216,1727,1062,1843,1172,12760,1
760,37.929,18,Cigarette,0.7862,1011,1339,1022,1356,187,3
760,37.929,18,knife,0.4748,1693,1062,1840,1199,20139,1
761,38.002,18,Cigarette,0.6800,1011,1339,1021,1356,170,3
761,38.002,18,knife,0.4424,1723,1063,1838,1164,11615,1
762,38.042,18,Cigarette,0.7279,1011,1339,1021,1356,170,3
762,38.042,18,knife,0.2999,1713,1065,1832,1175,13090,1
763,38.079,18,Cigarette,0.7204,1011,1339,1021,1355,160,3
764,38.120,18,Cigarette,0.5957,1011,1339,1021,1355,160,3
764,38.120,18,Bottle,0.3780,1710,1413,1737,1439,702,1
765,38.178,18,Cigarette,0.5605,1011,1339,1021,1355,160,3
766,38.220,18,knife,0.5218,1683,1053,1823,1207,21560,1
766,38.220,18,Cigarette,0.4612,1010,1339,1021,1355,176,3
767,38.280,18,Cigarette,0.3457,1010,1339,1020,1354,150,3
767,38.280,18,knife,0.3176,1681,1049,1819,1223,24012,1
768,38.320,18,Bottle,0.6723,99,305,117,330,450,2017
768,38.320,18,knife,0.6258,1684,1047,1815,1192,18995,1
768,38.320,18,Cigarette,0.3358,1010,1339,1020,1355,160,3
769,38.380,18,Bottle,0.7986,104,306,121,332,442,2017
769,38.380,18,knife,0.6313,1683,1040,1808,1190,18750,1
769,38.380,18,Cigarette,0.2925,1010,1339,1020,1355,160,3
770,38.420,18,Cigarette,0.3704,1010,1339,1020,1354,150,3
772,38.521,18,Cigarette,0.3748,1010,1339,1020,1355,160,3
773,38.580,18,Cigarette,0.3805,1010,1339,1020,1355,160,3
774,38.620,18,Cigarette,0.3619,1010,1339,1020,1355,160,3
775,38.679,18,Cigarette,0.3476,1010,1339,1020,1355,160,3
776,38.720,18,Cigarette,0.3387,1010,1339,1020,1354,150,3
778,38.823,18,knife,0.6030,1544,1127,1578,1137,340,1
778,38.823,18,Cigarette,0.2518,1547,1130,1588,1139,369,1
779,38.881,18,knife,0.6765,1534,1120,1568,1131,374,1
780,38.922,18,knife,0.3964,1526,1111,1558,1124,416,1
781,39.003,18,knife,0.6478,1513,1106,1545,1117,352,1
785,39.170,18,Cigarette,0.2533,1010,1338,1018,1349,88,3
786,39.228,18,Bottle,0.3472,1298,618,1331,676,1914,
788,39.329,18,Bottle,0.5803,2031,576,2109,670,7332,
790,39.429,18,Bottle,0.3022,1421,431,1458,496,2405,
791,39.470,18,Cigarette,0.2913,1574,1145,1583,1150,45,1
792,39.528,18,Bottle,0.2844,1447,581,1528,719,11178,
799,39.871,18,knife,0.2622,1412,1402,1528,1440,4408,1
805,40.179,18,Cigarette,0.2504,1491,575,1510,587,228,
806,40.220,18,Bottle,0.2608,1264,422,1314,498,3800,
807,40.280,18,knife,0.3279,2136,768,2181,862,4230,
808,40.320,18,Bottle,0.2585,811,465,826,512,705,2017
809,40.379,18,knife,0.3391,1460,1082,1608,1186,15392,1
811,40.483,18,Cigarette,0.3435,1451,1166,1454,1179,39,1
811,40.483,18,Bottle,0.2972,607,642,651,698,2464,10
811,40.483,18,knife,0.2609,1453,1037,1618,1187,24750,1
812,40.520,18,Bottle,0.6613,605,641,651,696,2530,10
812,40.520,18,knife,0.3967,1454,1064,1604,1187,18450,1
813,40.578,18,Bottle,0.5596,605,641,651,695,2484,10
813,40.578,18,knife,0.5171,1454,1063,1609,1185,18910,1
814,40.620,18,knife,0.5448,1455,1058,1616,1186,20608,1
814,40.620,18,Bottle,0.4982,605,640,651,695,2530,10
815,40.680,18,Bottle,0.7057,609,642,651,695,2226,10
815,40.680,18,knife,0.3709,1454,1052,1617,1191,22657,1
815,40.680,18,Cigarette,0.2835,1010,1339,1018,1349,80,3
816,40.721,18,Bottle,0.7630,610,642,652,696,2268,10
816,40.721,18,knife,0.4727,1455,1055,1618,1200,23635,1
817,40.779,18,Bottle,0.7484,610,642,652,696,2268,10
817,40.779,18,Cigarette,0.2809,1011,1338,1020,1352,126,3
817,40.779,18,knife,0.2680,1456,1055,1614,1203,23384,1
818,40.820,18,Bottle,0.7456,611,640,653,697,2394,10
818,40.820,18,Cigarette,0.3936,1011,1337,1021,1352,150,3
819,40.879,18,Bottle,0.7096,606,641,653,697,2632,10
819,40.879,18,Cigarette,0.3210,1011,1337,1021,1352,150,3
820,40.920,18,Bottle,0.2738,1856,463,1866,488,250,2107
822,41.021,18,Bottle,0.2832,833,226,847,262,504,2110
823,41.078,18,Bottle,0.5676,611,648,654,701,2279,10
824,41.120,18,knife,0.3959,1456,1069,1604,1208,20572,1
827,41.278,18,Bottle,0.2534,611,647,655,701,2376,10
828,41.320,18,knife,0.3594,1455,1049,1609,1213,25256,1
829,41.379,18,knife,0.3711,1453,1052,1606,1214,24786,1
829,41.379,18,Cigarette,0.2724,1445,1203,1452,1211,56,1
830,41.420,18,Cigarette,0.3797,1617,1237,1626,1253,144,1
833,41.579,18,Bottle,0.3738,1505,448,1534,539,2639,
834,41.620,18,Cigarette,0.3365,1827,724,1831,732,32,2017
835,41.679,18,Cigarette,0.4565,1871,735,1876,743,40,2017
835,41.679,18,Bottle,0.3435,1469,349,1481,382,396,2107
836,41.720,18,Bottle,0.3766,1889,735,1915,803,1768,2017
837,41.779,18,Bottle,0.3416,1286,406,1339,491,4505,
837,41.779,18,Cigarette,0.2633,1455,1218,1462,1229,77,1
839,41.878,18,Bottle,0.6379,64,333,77,356,299,2133
839,41.878,18,Bottle,0.3354,448,212,462,233,294,2110
839,41.878,18,Bottle,0.3239,105,332,116,342,110,2133
840,41.920,18,Bottle,0.4007,76,335,89,359,312,2133
840,41.920,18,Bottle,0.3537,1261,355,1281,391,720,2107
840,41.920,18,Bottle,0.2763,117,334,130,360,338,2133
843,42.078,18,Cigarette,0.5763,1011,1337,1020,1352,135,3
844,42.120,18,Bottle,0.4516,165,346,185,385,780,2133
844,42.120,18,Cigarette,0.3185,1011,1337,1020,1353,144,3
845,42.179,18,Bottle,0.5444,184,349,202,381,576,2133
845,42.179,18,Cigarette,0.2920,1011,1337,1020,1353,144,3
846,42.220,18,Bottle,0.3131,180,357,189,381,216,2133
846,42.220,18,Bottle,0.2604,199,360,217,390,540,2133
847,42.279,18,Bottle,0.5606,1090,323,1112,361,836,2107
850,42.420,18,knife,0.2525,1393,1418,1504,1440,2442,1
851,42.478,18,knife,0.2600,1393,1418,1505,1440,2464,1
852,42.521,18,Bottle,0.4887,2069,577,2112,666,3827,
853,42.578,18,knife,0.3098,1393,1418,1506,1440,2486,1
853,42.578,18,knife,0.2771,266,222,274,242,160,2167
854,42.620,18,Bottle,0.6475,1503,1220,1521,1250,540,1
854,42.620,18,knife,0.3922,1393,1417,1507,1440,2622,1
854,42.620,18,Bottle,0.2552,991,280,998,296,112,2107
855,42.678,18,knife,0.4624,1393,1417,1506,1440,2599,1
856,42.720,18,knife,0.4633,1393,1417,1506,1440,2599,1
857,42.778,18,knife,0.4551,1393,1417,1506,1440,2599,1
857,42.778,18,Cigarette,0.3037,1010,1337,1020,1353,160,3
858,42.820,18,knife,0.4784,1393,1417,1507,1440,2622,1
858,42.820,18,Cigarette,0.3843,1011,1337,1021,1353,160,3
859,42.878,18,Bottle,0.4984,535,409,549,440,434,2154
859,42.878,18,knife,0.4412,1393,1417,1507,1440,2622,1
859,42.878,18,Cigarette,0.4098,1011,1337,1021,1353,160,3
859,42.878,18,Bottle,0.3178,497,532,545,552,960,10
860,42.920,18,knife,0.4183,1392,1417,1506,1440,2622,1
860,42.920,18,Cigarette,0.4032,1011,1337,1021,1353,160,3
861,43.002,18,Cigarette,0.6791,1010,1337,1020,1353,160,3
861,43.002,18,knife,0.3418,1392,1417,1506,1440,2622,1
862,43.042,18,Cigarette,0.2552,1473,1213,1491,1229,288,1
864,43.121,18,knife,0.2962,1391,1416,1509,1440,2832,1
865,43.178,18,knife,0.2759,1392,1416,1510,1440,2832,1
866,43.220,18,Cigarette,0.3071,1490,573,1509,586,247,
866,43.220,18,Bottle,0.2848,1501,1165,1526,1216,1275,1
866,43.220,18,Bottle,0.2613,1504,458,1533,544,2494,
867,43.279,18,Bottle,0.3374,1024,605,1068,706,4444,
868,43.321,18,knife,0.6256,116,210,139,232,506,2167
874,43.620,18,knife,0.3473,1511,1010,1543,1059,1568,1
875,43.678,18,Bottle,0.2578,1457,635,1498,696,2501,2212
876,43.722,18,knife,0.3042,1391,1417,1506,1440,2645,1
877,43.779,18,knife,0.3595,1392,1417,1507,1440,2645,1
878,43.820,18,knife,0.3785,1392,1417,1506,1440,2622,1
878,43.820,18,Cigarette,0.3612,1009,1339,1019,1356,170,3
879,43.879,18,Cigarette,0.4858,1009,1339,1020,1356,187,3
879,43.879,18,knife,0.3463,1392,1418,1507,1440,2530,1
880,43.920,18,Cigarette,0.3482,1009,1339,1020,1355,176,3
880,43.920,18,Bottle,0.3192,1827,700,1842,755,825,2212
881,43.986,18,Cigarette,0.6107,1009,1339,1020,1355,176,3
882,44.020,18,Cigarette,0.5852,1009,1338,1020,1355,187,3
883,44.079,18,Cigarette,0.6087,1009,1338,1020,1354,176,3
883,44.079,18,Bottle,0.5864,2020,716,2045,779,1575,2212
883,44.079,18,Bottle,0.4981,2030,698,2045,743,675,2212
884,44.120,18,Cigarette,0.6322,1010,1338,1020,1354,160,3
885,44.178,18,Cigarette,0.6891,1010,1338,1020,1353,150,3
886,44.220,18,Cigarette,0.5007,1010,1338,1021,1354,176,3
887,44.278,18,knife,0.2579,1400,1417,1510,1440,2530,1
888,44.320,18,knife,0.2877,1472,1032,1583,1103,7881,1
889,44.379,18,knife,0.4387,1485,982,1535,1145,8150,1
889,44.379,18,knife,0.4119,1402,1417,1512,1440,2530,1
889,44.379,18,knife,0.2781,1481,983,1579,1111,12544,1
890,44.421,18,knife,0.4871,1494,953,1577,1107,12782,1
890,44.421,18,knife,0.4441,1402,1416,1512,1440,2640,1
890,44.421,18,knife,0.4422,1495,951,1536,1137,7626,1
891,44.479,18,knife,0.5143,1504,947,1535,1125,5518,1
891,44.479,18,knife,0.4133,1403,1416,1513,1440,2640,1
891,44.479,18,knife,0.3114,1505,940,1580,1100,12000,1
892,44.520,18,knife,0.4721,1511,953,1535,1103,3600,1
892,44.520,18,knife,0.3172,1404,1416,1515,1439,2553,1
893,44.578,18,knife,0.2804,1405,1417,1525,1439,2640,1
893,44.578,18,knife,0.2760,1518,956,1536,1081,2250,1
894,44.620,18,knife,0.3552,1408,1417,1527,1439,2618,1
895,44.679,18,Cigarette,0.4532,1013,1335,1022,1349,126,3
895,44.679,18,knife,0.4078,1414,1416,1530,1440,2784,1
896,44.720,18,knife,0.5414,1419,1416,1532,1440,2712,1
897,44.779,18,Cigarette,0.7351,1588,1024,1603,1039,225,1
897,44.779,18,knife,0.4948,1423,1415,1533,1439,2640,1
898,44.820,18,knife,0.5145,1426,1416,1533,1439,2461,1
899,44.878,18,knife,0.5014,1426,1416,1534,1439,2484,1
900,44.920,18,knife,0.4782,1426,1417,1533,1439,2354,1
900,44.920,18,Cigarette,0.3093,1575,1029,1587,1036,84,1
901,44.986,18,Cigarette,0.5841,1011,1334,1020,1346,108,3
901,44.986,18,knife,0.4413,1425,1416,1533,1438,2376,1
902,45.025,18,Cigarette,0.5561,1011,1334,1020,1345,99,3
902,45.025,18,knife,0.4765,1422,1416,1532,1439,2530,1
903,45.078,18,knife,0.4894,1421,1416,1532,1440,2664,1
903,45.078,18,Cigarette,0.2900,1567,1227,1580,1242,195,1
904,45.120,18,Cigarette,0.4942,1014,1336,1023,1350,126,3
904,45.120,18,knife,0.4481,1421,1416,1531,1439,2530,1
905,45.179,18,Cigarette,0.4097,1017,1337,1026,1351,126,3
905,45.179,18,Cigarette,0.3971,1558,1222,1567,1234,108,1
905,45.179,18,knife,0.3742,1421,1417,1529,1439,2376,1
906,45.220,18,Cigarette,0.3782,1017,1337,1026,1352,135,3
906,45.220,18,Cigarette,0.3337,1551,1220,1561,1232,120,1
907,45.279,18,Cigarette,0.3867,1543,1218,1553,1230,120,1
907,45.279,18,Cigarette,0.3427,1017,1338,1026,1352,126,3
908,45.320,18,Cigarette,0.5496,1537,1216,1548,1228,132,1
908,45.320,18,Cigarette,0.3375,1018,1338,1025,1353,105,3
908,45.320,18,knife,0.2733,1421,1417,1532,1439,2442,1
909,45.379,18,Cigarette,0.5578,1532,1212,1542,1225,130,1
909,45.379,18,Cigarette,0.4601,1017,1338,1025,1353,120,3
909,45.379,18,Cigarette,0.3800,1543,1005,1555,1017,144,1
910,45.420,18,Cigarette,0.5873,1017,1338,1025,1353,120,3
911,45.478,18,Cigarette,0.4039,1017,1338,1025,1353,120,3
911,45.478,18,knife,0.2759,1312,1327,1352,1420,3720,3
912,45.520,18,Cigarette,0.3781,1017,1338,1025,1352,112,3
913,45.579,18,Cigarette,0.4083,1016,1337,1024,1352,120,3
913,45.579,18,knife,0.2680,1435,1308,1449,1361,742,1
913,45.579,18,Cigarette,0.2561,1522,1010,1531,1016,54,1
914,45.620,18,Cigarette,0.2768,1517,999,1529,1008,108,1
915,45.679,18,Cigarette,0.3080,1509,999,1526,1013,238,1
917,45.778,18,Cigarette,0.4710,1011,1338,1020,1353,135,3
917,45.778,18,knife,0.3123,1442,971,1536,1055,7896,1
918,45.820,18,Cigarette,0.3312,1010,1339,1019,1349,90,3
919,45.878,18,Cigarette,0.2535,1009,1338,1018,1350,108,3
920,45.920,18,Bottle,0.5483,1395,1004,1522,1065,7747,1
920,45.920,18,Cigarette,0.2795,1009,1339,1018,1349,90,3
924,46.120,18,Bottle,0.5353,1401,1007,1514,1063,6328,1
925,46.179,18,Cigarette,0.5516,1401,1029,1420,1037,152,1
930,46.420,18,Bottle,0.3969,1421,418,1472,482,3264,
934,46.620,18,Cigarette,0.2591,1706,602,1745,614,468,
937,46.778,18,Cigarette,0.3298,1403,983,1423,987,80,1
938,46.822,18,Cigarette,0.2918,1039,1360,1045,1369,54,3
939,46.878,18,Cigarette,0.3311,1040,1360,1046,1365,30,3
940,46.921,18,Cigarette,0.4335,1039,1361,1045,1368,42,3
944,47.120,18,Bottle,0.4371,1396,969,1488,1060,8372,1
946,47.220,18,Bottle,0.3804,1379,978,1493,1067,10146,1
947,47.279,18,Bottle,0.3660,1378,983,1499,1071,10648,1
948,47.320,18,Bottle,0.2708,1374,984,1499,1073,11125,1
949,47.379,18,Cigarette,0.3351,1382,1002,1390,1025,184,1
950,47.420,18,Cigarette,0.4325,1380,1009,1386,1025,96,1
951,47.479,18,Cigarette,0.3610,1377,1007,1384,1025,126,1
952,47.520,18,Cigarette,0.2899,1985,683,2006,691,168,
964,48.128,18,Cigarette,0.2635,1385,1048,1397,1059,132,1
965,48.170,18,Cigarette,0.3879,2246,479,2273,512,891,
967,48.270,18,Bottle,0.2728,1378,1019,1505,1059,5080,1
969,48.370,18,Bottle,0.3985,2008,576,2113,695,12495,
969,48.370,18,Bottle,0.2580,1377,1015,1498,1055,4840,1
971,48.470,18,Cigarette,0.5247,1390,1028,1402,1043,180,1
974,48.628,18,Bottle,0.3213,1380,1021,1512,1064,5676,1
978,48.829,18,Cigarette,0.2541,1388,1023,1399,1035,132,1
979,48.869,18,Cigarette,0.2941,1388,1017,1399,1031,154,1
981,48.992,18,Cigarette,0.6304,1387,1021,1396,1033,108,1
982,49.030,18,Cigarette,0.6623,1386,1026,1396,1038,120,1
982,49.030,18,knife,0.6504,523,425,538,448,345,10
983,49.078,18,knife,0.2835,535,426,550,450,360,10
989,49.382,18,Cigarette,0.3696,1006,1343,1014,1353,80,3
995,49.679,18,Cigarette,0.4632,1007,1344,1016,1358,126,3
1003,50.078,18,Cigarette,0.7025,1354,1033,1366,1046,156,1
1004,50.120,18,Cigarette,0.6939,1356,1021,1366,1033,120,1
1005,50.179,18,Cigarette,0.4205,2529,587,2550,611,504,
1006,50.220,18,Cigarette,0.3503,2507,580,2525,607,486,
1006,50.220,18,Cigarette,0.2926,1359,1004,1366,1013,63,1
1006,50.220,18,Cigarette,0.2737,1466,1034,1478,1047,156,1
1007,50.279,18,Cigarette,0.3667,2492,574,2506,605,434,
1008,50.321,18,knife,0.2645,1369,983,1485,1091,12528,1
1009,50.379,18,knife,0.5112,1376,971,1485,1090,12971,1
1010,50.420,18,Cigarette,0.4632,1005,1345,1013,1355,80,3
1010,50.420,18,Cigarette,0.4023,1374,976,1390,986,160,1
1011,50.478,18,Cigarette,0.4508,1387,976,1409,987,242,1
1011,50.478,18,Cigarette,0.3704,1005,1344,1013,1355,88,3
1012,50.520,18,Cigarette,0.4038,1005,1345,1012,1354,63,3
1013,50.582,18,Bottle,0.3215,12,321,51,401,3120,
1014,50.620,18,Cigarette,0.2609,1004,1345,1012,1355,80,3
1015,50.680,18,Cigarette,0.6734,1379,1021,1394,1029,120,1
1015,50.680,18,Cigarette,0.4702,1382,1016,1399,1025,153,1
1015,50.680,18,Cigarette,0.2902,1004,1345,1012,1355,80,3
1016,50.720,18,Cigarette,0.3471,1380,1032,1394,1041,126,1
1016,50.720,18,Cigarette,0.2665,1004,1345,1012,1354,72,3
1018,50.820,18,Cigarette,0.5380,1376,1055,1396,1071,320,1
1020,50.920,18,knife,0.4038,1366,1073,1398,1144,2272,1
1024,51.120,18,knife,0.3062,1383,1077,1508,1148,8875,1
1025,51.179,18,knife,0.3767,1386,1089,1503,1158,8073,1
1036,51.720,18,Bottle,0.3370,547,507,560,533,338,10
1037,51.779,18,Bottle,0.7666,548,500,560,526,312,10
1040,51.920,18,Bottle,0.3961,549,487,560,516,319,10
1041,51.985,18,Bottle,0.6068,550,484,560,515,310,10
1042,52.022,18,Bottle,0.6421,549,484,560,515,341,10
1042,52.022,18,knife,0.5684,1283,1344,1311,1413,1932,3
1042,52.022,18,knife,0.4096,1463,1199,1481,1269,1260,1
1043,52.081,18,knife,0.6074,1284,1343,1310,1408,1690,3
1043,52.081,18,Bottle,0.6062,550,483,560,515,320,10
1044,52.123,18,Bottle,0.3623,550,483,560,514,310,10
1045,52.179,18,Bottle,0.6719,549,483,560,513,330,10
1047,52.279,18,Bottle,0.4471,549,479,561,512,396,10
1048,52.320,18,Bottle,0.4646,549,480,561,512,384,10
1049,52.379,18,Bottle,0.2888,549,478,561,512,408,10
1050,52.420,18,Bottle,0.2890,549,479,561,512,396,10
1052,52.524,18,Bottle,0.4488,549,481,560,511,330,10
1053,52.579,18,Cigarette,0.4450,562,445,568,457,72,10
1056,52.720,18,Cigarette,0.3486,2479,633,2530,690,2907,
1061,52.986,18,Bottle,0.3431,550,498,560,526,280,10
1063,53.078,18,Bottle,0.5663,551,511,562,534,253,10
1065,53.179,18,Bottle,0.3573,2475,653,2513,718,2470,
1067,53.279,18,knife,0.7009,1282,1342,1308,1408,1716,3
1068,53.320,18,knife,0.6970,1281,1342,1308,1416,1998,3
1070,53.420,18,Bottle,0.2578,1415,399,1468,481,4346,
1071,53.478,18,Cigarette,0.3123,566,444,568,451,14,10
1080,53.921,18,knife,0.3945,1284,1347,1308,1413,1584,3
1081,53.986,18,knife,0.7002,1285,1347,1308,1412,1495,3
1082,54.025,18,knife,0.6803,1285,1347,1308,1412,1495,3
1083,54.079,18,knife,0.5300,1285,1347,1308,1411,1472,3
1084,54.120,18,knife,0.4832,1285,1347,1308,1410,1449,3
1085,54.179,18,knife,0.2880,1285,1349,1308,1410,1403,3
1089,54.379,18,knife,0.4116,2491,589,2558,632,2881,
1089,54.379,18,Bottle,0.2778,1904,584,1933,645,1769,
1090,54.420,18,knife,0.6648,2491,592,2558,634,2814,
1091,54.479,18,knife,0.2542,2491,596,2547,624,1568,
1094,54.620,18,Bottle,0.4301,524,425,535,455,330,10
1096,54.720,18,Bottle,0.2943,362,339,371,346,63,2549
1101,54.986,18,knife,0.3628,1285,1350,1305,1401,1020,3
1102,55.023,18,knife,0.6290,1284,1350,1304,1401,1020,3
1103,55.078,18,knife,0.5438,1284,1350,1304,1402,1040,3
1103,55.078,18,Cigarette,0.3383,1193,578,1209,595,272,
1104,55.120,18,knife,0.2580,1284,1350,1304,1402,1040,3
1105,55.181,18,Cigarette,0.5121,1376,1168,1399,1179,253,
1105,55.181,18,knife,0.3529,1386,1052,1551,1190,22770,1
1107,55.279,18,knife,0.3501,1374,1073,1545,1197,21204,1
1107,55.279,18,Cigarette,0.2829,1360,1170,1388,1177,196,
1108,55.320,18,knife,0.2944,1373,1075,1544,1196,20691,1
1109,55.379,18,knife,0.2741,1372,1082,1543,1196,19494,1
1110,55.420,18,knife,0.3313,1366,1090,1521,1189,15345,1
1110,55.420,18,Bottle,0.3082,502,356,511,365,81,2549
1111,55.478,18,knife,0.3455,1363,1082,1540,1189,18939,1
1112,55.520,18,knife,0.4638,1353,1090,1508,1183,14415,1
1113,55.581,18,knife,0.6251,1355,1072,1531,1172,17600,1
1114,55.622,18,knife,0.6531,1352,1094,1532,1164,12600,1
1114,55.622,18,Bottle,0.3327,1495,576,1534,667,3549,
1115,55.678,18,knife,0.7608,1352,1096,1536,1149,9752,1
1115,55.678,18,Cigarette,0.4487,2479,629,2533,688,3186,
1116,55.721,18,knife,0.7359,1353,1100,1531,1136,6408,1
1117,55.778,18,knife,0.6537,1354,1095,1534,1133,6840,1
1118,55.821,18,knife,0.6598,1362,1095,1537,1131,6300,1
1119,55.878,18,knife,0.7098,1361,1101,1535,1134,5742,1
1120,55.920,18,knife,0.5723,1364,1106,1539,1137,5425,1
1121,55.985,18,knife,0.3496,1371,1105,1537,1141,5976,1
1121,55.985,18,knife,0.3377,1420,1415,1532,1439,2688,1
1121,55.985,18,Bottle,0.2880,728,380,737,401,189,2549
1122,56.020,18,knife,0.3867,1379,1105,1541,1143,6156,1
1122,56.020,18,knife,0.3622,1420,1415,1532,1439,2688,1
1123,56.079,18,knife,0.4491,1420,1414,1532,1439,2800,1
1124,56.121,18,knife,0.4826,1420,1414,1532,1439,2800,1
1124,56.121,18,knife,0.3897,1399,1115,1534,1147,4320,1
1125,56.178,18,knife,0.5048,1420,1414,1532,1439,2800,1
1125,56.178,18,Bottle,0.4758,1614,590,1631,602,204,2617
1125,56.178,18,knife,0.3071,1407,1107,1534,1149,5334,1
1126,56.220,18,knife,0.4502,1421,1414,1533,1439,2800,1
1126,56.220,18,knife,0.3378,1418,1116,1533,1147,3565,1
1126,56.220,18,Bottle,0.2756,1518,459,1538,487,560,2617
1127,56.279,18,knife,0.3836,1420,1414,1532,1439,2800,1
1127,56.279,18,knife,0.3730,1422,1116,1534,1152,4032,1
1128,56.320,18,Bottle,0.3681,1427,442,1446,470,532,2617
1128,56.320,18,knife,0.3501,1423,1123,1545,1157,4148,1
1128,56.320,18,knife,0.3004,1421,1414,1532,1439,2775,1
1129,56.378,18,knife,0.4020,1431,1129,1523,1163,3128,1
1130,56.420,18,knife,0.3088,1436,1127,1539,1160,3399,1
1131,56.479,18,knife,0.3716,1438,1127,1569,1162,4585,1
1132,56.520,18,knife,0.2589,1421,1416,1533,1438,2464,1
1133,56.580,18,Bottle,0.2824,1108,410,1131,451,943,
1133,56.580,18,knife,0.2567,1421,1416,1533,1438,2464,1
1136,56.720,18,knife,0.3683,1448,1116,1577,1150,4386,1
1137,56.778,18,knife,0.3068,1421,1416,1529,1438,2376,1
1138,56.820,18,knife,0.4195,1421,1415,1531,1439,2640,1
1139,56.879,18,Bottle,0.5645,29,238,52,283,1035,
1139,56.879,18,knife,0.3136,1421,1417,1530,1438,2289,1
1140,56.920,18,knife,0.5443,1287,1345,1307,1395,1000,3
1140,56.920,18,knife,0.2773,1421,1416,1530,1438,2398,1
1140,56.920,18,Bottle,0.2514,26,238,49,283,1035,
1141,56.986,18,knife,0.3513,1421,1415,1531,1439,2640,1
1142,57.025,18,knife,0.3102,1421,1415,1531,1439,2640,1
1143,57.079,18,knife,0.3401,1421,1415,1531,1439,2640,1
1143,57.079,18,Cigarette,0.3049,1455,993,1458,1009,48,1
1143,57.079,18,Bottle,0.2692,852,343,863,370,297,2671
1144,57.120,18,Bottle,0.7002,835,340,843,367,216,2671
1144,57.120,18,knife,0.5028,1461,972,1535,1111,10286,1
1144,57.120,18,knife,0.4011,1421,1415,1531,1439,2640,1
1145,57.178,18,knife,0.5219,1465,973,1536,1116,10153,1
1145,57.178,18,Cigarette,0.3659,1461,982,1466,1000,90,1
1145,57.178,18,knife,0.3431,1421,1415,1531,1439,2640,1
1146,57.220,18,knife,0.5348,1466,969,1536,1111,9940,1
1146,57.220,18,knife,0.3805,1421,1415,1531,1439,2640,1
1146,57.220,18,Cigarette,0.3543,1004,1342,1011,1351,63,3
1147,57.279,18,knife,0.5745,1467,969,1536,1111,9798,1
1147,57.279,18,Cigarette,0.2876,1466,979,1470,988,36,1
1148,57.320,18,knife,0.4804,1469,968,1536,1108,9380,1
1148,57.320,18,Cigarette,0.4024,1003,1341,1013,1353,120,3
1148,57.320,18,Cigarette,0.3007,1468,978,1473,989,55,1
1149,57.379,18,knife,0.4691,1470,966,1536,1110,9504,1
1149,57.379,18,Bottle,0.3970,704,372,714,413,410,2671
1149,57.379,18,Cigarette,0.2970,1471,980,1477,991,66,1
1150,57.420,18,knife,0.4590,1470,968,1536,1110,9372,1
1151,57.479,18,knife,0.6073,1469,969,1535,1114,9570,1
1151,57.479,18,knife,0.2524,1421,1415,1531,1439,2640,1
1152,57.520,18,knife,0.6732,1464,970,1535,1109,9869,1
1152,57.520,18,knife,0.2725,1421,1415,1530,1439,2616,1
1153,57.578,18,knife,0.6318,1458,970,1535,1105,10395,1
1153,57.578,18,Cigarette,0.3544,1454,978,1467,984,78,1
1153,57.578,18,knife,0.2711,1421,1415,1530,1439,2616,1
1154,57.620,18,knife,0.7195,1464,970,1535,1113,10153,1
1154,57.620,18,Cigarette,0.3014,1455,974,1469,978,56,1
1154,57.620,18,knife,0.2560,1421,1415,1530,1439,2616,1
1155,57.680,18,knife,0.7197,1464,974,1535,1110,9656,1
1155,57.680,18,Bottle,0.3060,646,361,659,393,416,2671
1155,57.680,18,knife,0.2543,1421,1415,1530,1439,2616,1
1156,57.720,18,knife,0.6087,1454,979,1535,1107,10368,1
1156,57.720,18,Bottle,0.4375,527,298,537,344,460,2671
1156,57.720,18,Bottle,0.4091,527,270,540,297,351,2671
1156,57.720,18,Cigarette,0.4085,1452,990,1463,997,77,1
1156,57.720,18,knife,0.2610,1421,1415,1530,1439,2616,1
1157,57.780,18,knife,0.3463,1421,1415,1530,1439,2616,1
1158,57.820,18,Bottle,0.4546,577,240,588,270,330,2671
1158,57.820,18,Bottle,0.4521,578,277,588,315,380,2671
1158,57.820,18,Cigarette,0.3978,1433,1013,1448,1019,90,1
1158,57.820,18,knife,0.3530,1421,1415,1530,1439,2616,1
1158,57.820,18,Bottle,0.3297,494,319,507,347,364,2671
1158,57.820,18,Bottle,0.2549,535,272,545,294,220,2671
1159,57.879,18,knife,0.3987,1421,1415,1531,1439,2640,1
1159,57.879,18,Cigarette,0.3901,1396,1027,1431,1039,420,
1159,57.879,18,Cigarette,0.3813,1433,1026,1445,1032,72,1
1160,57.920,18,Bottle,0.7319,536,357,550,380,322,2671
1160,57.920,18,Bottle,0.4117,539,270,550,309,429,2671
1160,57.920,18,Cigarette,0.3975,1428,1040,1439,1047,77,1
1160,57.920,18,knife,0.3904,1421,1415,1531,1439,2640,1
1161,57.987,18,knife,0.3821,1421,1416,1530,1438,2398,1
1162,58.028,18,Bottle,0.6765,447,260,463,287,432,2671
1162,58.028,18,knife,0.4414,1421,1416,1530,1438,2398,1
1162,58.028,18,Bottle,0.2792,1508,576,1536,674,2744,2549
1163,58.079,18,knife,0.5120,1421,1416,1530,1438,2398,1
1164,58.120,18,Bottle,0.4591,1472,576,1536,728,9728,
1164,58.120,18,knife,0.4358,1421,1416,1530,1438,2398,1
1165,58.180,18,Bottle,0.4998,1498,598,1535,732,4958,
1165,58.180,18,Cigarette,0.2785,1004,1345,1010,1354,54,3
1169,58.378,18,knife,0.2541,1455,1089,1536,1176,7047,1
1172,58.520,18,Bottle,0.6108,340,276,347,300,168,2671
1173,58.578,18,Cigarette,0.4697,1471,1205,1478,1209,28,1
1175,58.678,18,knife,0.3402,1421,1417,1530,1439,2398,1
1176,58.721,18,knife,0.4748,1421,1416,1531,1439,2530,1
1177,58.780,18,knife,0.4963,1421,1416,1531,1439,2530,1
1177,58.780,18,Cigarette,0.2824,1516,1221,1523,1228,49,1
1178,58.820,18,knife,0.4905,1421,1416,1531,1440,2640,1
1179,58.879,18,knife,0.4774,1421,1416,1531,1440,2640,1
1180,58.920,18,knife,0.4908,1422,1416,1530,1440,2592,1
1181,59.002,18,knife,0.4835,1421,1416,1531,1439,2530,1
1182,59.052,18,knife,0.5398,1421,1416,1531,1440,2640,1
1183,59.070,18,knife,0.5554,1422,1416,1529,1440,2568,1
1184,59.129,18,knife,0.5306,1422,1416,1528,1439,2438,1
1185,59.170,18,knife,0.5235,1422,1415,1528,1439,2544,1
1185,59.170,18,knife,0.3226,1285,1349,1301,1388,624,3
1186,59.229,18,knife,0.5045,1422,1415,1529,1439,2568,1
1186,59.229,18,knife,0.4296,1285,1349,1301,1389,640,3
1186,59.229,18,Cigarette,0.4045,1548,1223,1555,1235,84,1
1187,59.270,18,knife,0.5047,1422,1415,1528,1440,2650,1
1187,59.270,18,knife,0.3196,1285,1351,1300,1389,570,3
1188,59.328,18,knife,0.5615,1422,1415,1528,1440,2650,1
1189,59.370,18,knife,0.5268,1422,1415,1527,1440,2625,1
1190,59.429,18,knife,0.5733,1423,1414,1526,1440,2678,1
1190,59.429,18,knife,0.2520,1285,1354,1301,1393,624,3
1191,59.470,18,knife,0.5051,1425,1412,1530,1440,2940,1
1192,59.542,18,knife,0.4697,1285,1355,1301,1396,656,3
1192,59.542,18,knife,0.2626,1429,1405,1529,1440,3500,1
1193,59.569,18,knife,0.6856,1285,1355,1301,1396,656,3
1193,59.569,18,knife,0.3922,1433,1401,1532,1440,3861,1
1194,59.628,18,knife,0.6811,1285,1355,1301,1396,656,3
1194,59.628,18,knife,0.3354,1443,1399,1536,1440,3813,1
1195,59.669,18,knife,0.7240,1285,1355,1301,1395,640,3
1195,59.669,18,knife,0.2680,1451,1399,1533,1440,3362,1
1196,59.728,18,knife,0.5461,1285,1355,1301,1395,640,3
1197,59.770,18,knife,0.4494,1285,1355,1301,1395,640,3
1198,59.831,18,knife,0.2741,1285,1355,1301,1395,640,3
1204,60.130,18,knife,0.2661,1286,1354,1302,1395,656,3
1205,60.170,18,knife,0.4490,1286,1353,1302,1395,672,3
1206,60.229,18,knife,0.4262,1286,1353,1302,1394,656,3
1207,60.270,18,knife,0.6090,1286,1352,1302,1394,672,3
1208,60.328,18,knife,0.4235,1287,1351,1302,1393,630,3
1208,60.328,18,knife,0.2802,1572,1419,1591,1439,380,1
1209,60.370,18,knife,0.2879,1562,1418,1593,1439,651,1
1210,60.429,18,Bottle,0.4708,1687,576,1715,632,1568,
1211,60.469,18,knife,0.3387,1287,1349,1302,1388,585,3
1212,60.528,18,knife,0.5291,1287,1348,1302,1388,600,3
1213,60.569,18,Bottle,0.3372,1488,450,1534,547,4462,
1213,60.569,18,knife,0.2757,1287,1347,1302,1387,600,3
1240,61.919,18,Bottle,0.4790,1034,337,1069,438,3535,
1243,62.079,18,Bottle,0.3300,1024,393,1054,524,3930,
1256,62.721,18,Bottle,0.2689,615,473,645,511,1140,10
1257,62.779,18,Bottle,0.7971,2035,577,2114,678,7979,
1258,62.820,18,Bottle,0.3865,2006,593,2060,674,4374,
1261,62.986,18,Bottle,0.2758,2116,472,2134,491,342,2930
1263,63.079,18,Cigarette,0.2738,2498,665,2533,685,700,
1264,63.120,18,Cigarette,0.2543,2479,655,2506,675,540,
1266,63.220,18,Cigarette,0.3383,1710,1151,1718,1155,32,1
1268,63.321,18,knife,0.3171,1717,1070,1827,1275,22550,1
1273,63.579,18,Bottle,0.3460,1880,1164,1906,1239,1950,1
1275,63.679,18,knife,0.4979,1734,1080,1840,1221,14946,1
1276,63.720,18,knife,0.5062,1730,1081,1842,1236,17360,1
1277,63.778,18,knife,0.5774,1736,1085,1842,1227,15052,1
1278,63.821,18,knife,0.6923,1748,1075,1844,1221,14016,1
1278,63.821,18,Bottle,0.6268,16,254,54,342,3344,
1279,63.879,18,knife,0.6626,1749,1077,1843,1219,13348,1
1279,63.879,18,Bottle,0.5189,17,253,58,342,3649,
1280,63.920,18,Bottle,0.4403,22,257,61,348,3549,
1280,63.920,18,knife,0.3845,1727,1088,1842,1267,20585,1
1281,63.987,18,knife,0.4993,1728,1095,1846,1258,19234,1
1282,64.025,18,knife,0.6155,1730,1089,1846,1252,18908,1
1283,64.079,18,knife,0.6520,1734,1089,1846,1246,17584,1
1283,64.079,18,Bottle,0.2576,33,258,71,358,3800,
1284,64.131,18,knife,0.5358,1735,1089,1847,1246,17584,1
1285,64.179,18,knife,0.5962,1737,1085,1848,1243,17538,1
1286,64.221,18,knife,0.5799,1738,1084,1848,1242,17380,1
1287,64.279,18,knife,0.6635,1738,1083,1849,1240,17427,1
1288,64.320,18,knife,0.6301,1740,1083,1849,1240,17113,1
1288,64.320,18,Bottle,0.4578,1014,281,1026,295,168,3014
1289,64.379,18,knife,0.6066,1738,1088,1848,1238,16500,1
1289,64.379,18,Bottle,0.2959,2480,642,2517,686,1628,
1289,64.379,18,Bottle,0.2811,939,340,996,433,5301,
1290,64.420,18,knife,0.6388,1740,1085,1848,1238,16524,1
1290,64.420,18,Bottle,0.3809,1026,392,1073,454,2914,
1291,64.479,18,knife,0.6622,1741,1083,1848,1238,16585,1
1291,64.479,18,Bottle,0.3049,1024,338,1052,451,3164,
1292,64.520,18,knife,0.7337,1738,1084,1849,1242,17538,1
1293,64.578,18,knife,0.7479,1736,1086,1852,1242,18096,1
1294,64.620,18,knife,0.7887,1737,1086,1853,1240,17864,1
1295,64.679,18,knife,0.8043,1737,1086,1854,1243,18369,1
1296,64.720,18,knife,0.8170,1738,1085,1854,1239,17864,1
1296,64.720,18,Bottle,0.3082,1894,576,1961,772,13132,
1297,64.779,18,knife,0.7969,1735,1085,1855,1243,18960,1
1297,64.779,18,Cigarette,0.4475,1214,1210,1219,1216,30,3
1298,64.820,18,knife,0.8142,1736,1085,1856,1246,19320,1
1298,64.820,18,Cigarette,0.3900,1214,1207,1219,1213,30,3
1298,64.820,18,Bottle,0.3225,2473,658,2521,702,2112,
1299,64.880,18,knife,0.8431,1736,1086,1857,1247,19481,1
1299,64.880,18,Cigarette,0.2691,1215,1205,1220,1211,30,3
1300,64.920,18,knife,0.8183,1734,1087,1857,1253,20418,1
1300,64.920,18,Bottle,0.4636,1961,567,2033,674,7704,
1300,64.920,18,Cigarette,0.4110,1216,1204,1221,1210,30,3
1301,64.986,18,Cigarette,0.7108,1217,1203,1222,1209,30,3
1301,64.986,18,knife,0.6627,1737,1086,1859,1240,18788,1
1301,64.986,18,Bottle,0.3852,1927,562,1986,661,5841,
1302,65.026,18,Cigarette,0.6456,1218,1202,1223,1208,30,3
1302,65.026,18,knife,0.6233,1738,1086,1859,1239,18513,1
1303,65.079,18,Cigarette,0.7087,1219,1201,1224,1207,30,3
1303,65.079,18,knife,0.5981,1738,1085,1859,1238,18513,1
1304,65.120,18,Cigarette,0.5850,1221,1199,1226,1206,35,3
1304,65.120,18,knife,0.5414,1739,1084,1860,1238,18634,1
1305,65.179,18,Cigarette,0.7209,1222,1197,1227,1205,40,3
1305,65.179,18,knife,0.4388,1735,1085,1859,1245,19840,1
1306,65.220,18,Cigarette,0.7061,1223,1197,1228,1204,35,3
1306,65.220,18,knife,0.3000,1735,1086,1859,1243,19468,1
1307,65.279,18,Cigarette,0.5253,1224,1195,1229,1202,35,3
1307,65.279,18,knife,0.2552,1734,1088,1859,1247,19875,1
1308,65.320,18,Cigarette,0.6690,1227,1194,1231,1200,24,3
1308,65.320,18,knife,0.3369,1733,1087,1858,1248,20125,1
1309,65.379,18,Cigarette,0.6293,1229,1193,1234,1199,30,3
1309,65.379,18,knife,0.3232,1733,1087,1858,1247,20000,1
1310,65.420,18,Cigarette,0.5999,1231,1191,1236,1198,35,3
1311,65.479,18,Cigarette,0.6483,1231,1190,1237,1197,42,3
1312,65.520,18,Cigarette,0.6073,1001,1342,1009,1356,112,3
1312,65.520,18,Cigarette,0.5498,1232,1190,1237,1196,30,3
1312,65.520,18,Cigarette,0.4940,564,446,567,456,30,10
1312,65.520,18,Cigarette,0.2900,1491,574,1509,587,234,
1313,65.579,18,Cigarette,0.6156,1001,1341,1010,1355,126,3
1313,65.579,18,Cigarette,0.5944,1233,1188,1239,1195,42,3
1313,65.579,18,Bottle,0.4876,1475,445,1532,556,6327,
1314,65.620,18,Cigarette,0.6951,1234,1186,1240,1194,48,3
1315,65.679,18,Cigarette,0.7086,564,446,567,456,30,10
1315,65.679,18,Cigarette,0.5548,1235,1184,1240,1191,35,3
1316,65.720,18,Cigarette,0.7487,1234,1182,1239,1189,35,3
1316,65.720,18,Cigarette,0.6823,564,446,567,456,30,10
1316,65.720,18,Cigarette,0.6543,1000,1374,1008,1381,56,3
1317,65.778,18,Cigarette,0.6994,1234,1181,1239,1188,35,3
1317,65.778,18,Cigarette,0.5379,564,446,567,458,36,10
1318,65.822,18,Cigarette,0.7203,1234,1180,1239,1186,30,3
1318,65.822,18,Cigarette,0.6027,564,446,567,458,36,10
1319,65.879,18,Cigarette,0.6609,1235,1178,1239,1185,28,3
1320,65.920,18,Cigarette,0.6164,1235,1177,1239,1184,28,3
1320,65.920,18,Cigarette,0.2579,1005,1336,1012,1349,91,3
1321,65.985,18,Cigarette,0.6421,1235,1177,1239,1183,24,3
1322,66.023,18,Cigarette,0.6861,1235,1177,1239,1183,24,3
1322,66.023,18,knife,0.3301,1740,1084,1856,1236,17632,1
1323,66.079,18,Cigarette,0.5295,1235,1177,1240,1183,30,3
1323,66.079,18,knife,0.3900,1748,1082,1857,1230,16132,1
1324,66.120,18,Cigarette,0.6099,1236,1177,1240,1183,24,3
1324,66.120,18,Cigarette,0.6038,1006,1335,1014,1347,96,3
1324,66.120,18,knife,0.5875,1746,1078,1857,1233,17205,1
1324,66.120,18,Bottle,0.4512,2060,576,2112,683,5564,
1325,66.179,18,knife,0.5620,1745,1078,1859,1231,17442,1
1325,66.179,18,Cigarette,0.3227,1236,1177,1241,1183,30,3
1326,66.220,18,knife,0.6155,1737,1079,1858,1242,19723,1
1327,66.279,18,knife,0.5475,1736,1079,1858,1244,20130,1
1327,66.279,18,Cigarette,0.4024,1237,1179,1242,1184,25,3
1328,66.320,18,knife,0.5842,1735,1079,1858,1244,20295,1
1328,66.320,18,Cigarette,0.4597,1237,1180,1241,1186,24,3
1328,66.320,18,Cigarette,0.3958,1828,1056,1835,1066,70,1
1329,66.379,18,knife,0.4918,1736,1081,1858,1243,19764,1
1329,66.379,18,Cigarette,0.3354,1830,1057,1836,1067,60,1
1330,66.420,18,Cigarette,0.5621,1829,1058,1835,1067,54,1
1330,66.420,18,knife,0.3963,1737,1083,1858,1245,19602,1
1330,66.420,18,Cigarette,0.2920,1236,1184,1240,1190,24,3
1331,66.479,18,knife,0.4945,1743,1084,1858,1237,17595,1
1331,66.479,18,Cigarette,0.4510,1233,1187,1237,1193,24,3
1332,66.520,18,knife,0.5508,1743,1083,1858,1237,17710,1
1332,66.520,18,Cigarette,0.3454,1230,1190,1235,1195,25,3
1333,66.579,18,knife,0.6081,1292,1337,1308,1379,672,3
1333,66.579,18,knife,0.5700,1745,1083,1858,1235,17176,1
1333,66.579,18,Cigarette,0.2741,1008,1341,1014,1356,90,3
1334,66.620,18,knife,0.6086,1291,1338,1307,1380,672,3
1334,66.620,18,knife,0.5073,1747,1084,1858,1235,16761,1
1334,66.620,18,Cigarette,0.4069,1007,1342,1014,1357,105,3
1334,66.620,18,Cigarette,0.3512,1223,1195,1228,1201,30,3
1335,66.679,18,Cigarette,0.4742,1220,1198,1225,1203,25,3
1335,66.679,18,knife,0.4684,1289,1339,1306,1382,731,3
1335,66.679,18,knife,0.4551,1746,1085,1857,1235,16650,1
1336,66.720,18,knife,0.4508,1743,1085,1857,1237,17328,1
1336,66.720,18,knife,0.3491,1288,1340,1305,1385,765,3
1337,66.780,18,Bottle,0.4269,553,335,571,368,594,3033
1337,66.780,18,knife,0.3811,1740,1085,1857,1239,18018,1
1338,66.821,18,Bottle,0.5809,1069,390,1089,416,520,3071
1338,66.821,18,knife,0.5116,1741,1084,1857,1239,17980,1
1338,66.821,18,knife,0.3855,1286,1340,1309,1406,1518,3
1339,66.881,18,knife,0.4741,1764,1081,1859,1229,14060,1
1339,66.881,18,Bottle,0.3209,785,272,801,300,448,3263
1340,66.920,18,knife,0.5010,1765,1082,1860,1228,13870,1
1341,66.986,18,knife,0.4668,1764,1084,1861,1227,13871,1
1341,66.986,18,Bottle,0.2821,1138,503,1160,531,616,3071
1342,67.021,18,knife,0.4548,1765,1084,1861,1226,13632,1
1344,67.121,18,knife,0.3090,1745,1088,1856,1234,16206,1
1345,67.179,18,knife,0.4162,1747,1083,1856,1233,16350,1
1345,67.179,18,Bottle,0.2515,744,381,758,407,364,3033
1346,67.221,18,knife,0.4474,1749,1081,1857,1231,16200,1
1346,67.221,18,Bottle,0.2794,1727,1247,1754,1310,1701,1
1347,67.279,18,Cigarette,0.5873,812,433,819,449,112,3033
1347,67.279,18,knife,0.5642,1763,1082,1856,1223,13113,1
1347,67.279,18,Bottle,0.3853,1246,355,1260,382,378,3071
1348,67.321,18,knife,0.5569,1762,1081,1856,1224,13442,1
1349,67.379,18,knife,0.8397,1736,1083,1855,1265,21658,1
1350,67.420,18,Bottle,0.3475,1324,442,1346,464,484,3071
1351,67.478,18,Cigarette,0.6851,1704,1223,1720,1235,192,1
1352,67.520,18,Cigarette,0.5094,1700,1193,1715,1203,150,1
1353,67.579,18,Cigarette,0.5790,1710,1151,1719,1155,36,1
1355,67.679,18,Bottle,0.5704,477,270,493,298,448,3263
1355,67.679,18,Bottle,0.5476,1430,377,1453,417,920,3071
1355,67.679,18,Bottle,0.2839,479,226,497,243,306,3263
1355,67.679,18,Bottle,0.2716,2472,665,2507,705,1400,
1356,67.720,18,Bottle,0.3811,497,308,509,332,288,3263
1356,67.720,18,Cigarette,0.3060,1712,1162,1728,1190,448,1
1356,67.720,18,Bottle,0.2947,1453,382,1475,422,880,3071
1357,67.779,18,Bottle,0.3812,468,219,483,237,270,3263
1357,67.779,18,Cigarette,0.2979,1658,1149,1702,1160,484,1
1357,67.779,18,Cigarette,0.2823,1053,438,1067,466,392,
1359,67.879,18,Bottle,0.3850,920,373,932,402,348,3376
1360,67.921,18,Bottle,0.4465,898,351,908,380,290,3376
1360,67.921,18,Bottle,0.3587,1563,469,1616,520,2703,3071
1361,67.986,18,Bottle,0.3978,873,366,880,399,231,3376
1362,68.021,18,Bottle,0.3141,848,363,863,395,480,3376
1362,68.021,18,Bottle,0.2843,1607,477,1656,524,2303,3071
1366,68.220,18,Bottle,0.2952,2132,766,2185,864,5194,
1367,68.279,18,Cigarette,0.6697,1587,576,1595,588,96,3033
1367,68.279,18,Bottle,0.3554,1644,637,1667,665,644,3071
1369,68.380,18,Bottle,0.2734,1653,580,1683,639,1770,3033
1371,68.479,18,Bottle,0.4757,1741,578,1772,650,2232,3033
1371,68.479,18,Cigarette,0.3749,1695,836,1717,864,616,3033
1372,68.521,18,Bottle,0.5630,1862,637,1886,692,1320,3033
1372,68.521,18,Bottle,0.2911,1562,525,1584,568,946,3387
1373,68.579,18,Bottle,0.4884,1789,442,1810,467,525,3071
1374,68.620,18,Bottle,0.5807,1624,548,1643,584,684,3387
1374,68.620,18,Cigarette,0.5595,1649,1198,1678,1217,551,1
1374,68.620,18,Bottle,0.2665,1966,699,1979,759,780,3033
1376,68.720,18,Cigarette,0.2915,1662,1196,1679,1219,391,1
1378,68.820,18,Cigarette,0.3726,2478,640,2527,685,2205,
1378,68.820,18,Bottle,0.2609,1006,355,1026,392,740,3359
1379,68.879,18,Cigarette,0.2673,2479,641,2537,686,2610,
1380,68.920,18,knife,0.4103,2143,676,2225,706,2460,
1380,68.920,18,Bottle,0.2514,1971,524,1989,571,846,3071
1381,68.986,18,Bottle,0.3400,1813,573,1855,629,2352,3387
1381,68.986,18,Bottle,0.2679,1802,749,1821,799,950,3387
1382,69.022,18,Bottle,0.2818,1122,273,1132,279,60,3342
1384,69.120,18,Bottle,0.6115,2057,535,2077,556,420,3071
1385,69.179,18,Bottle,0.4840,1984,701,1992,719,144,3387
1385,69.179,18,Bottle,0.3395,1643,1184,1689,1257,3358,1
1385,69.179,18,Bottle,0.2891,1018,268,1028,283,150,3342
1386,69.220,18,Bottle,0.6912,408,208,415,212,28,3376
1388,69.320,18,knife,0.4582,2059,790,2085,811,546,3387
1388,69.320,18,Cigarette,0.2605,41,302,72,339,1147,
1389,69.379,18,Cigarette,0.2984,1310,1152,1316,1158,36,3
1391,69.479,18,Bottle,0.5894,836,231,843,241,70,3342
1392,69.520,18,Bottle,0.5260,358,244,379,261,357,3504
1393,69.579,18,knife,0.3262,2141,674,2232,703,2639,
1394,69.621,18,Bottle,0.4428,522,534,535,570,468,10
1395,69.679,18,Bottle,0.5019,741,286,748,304,126,3342
1397,69.779,18,Bottle,0.2558,148,344,157,373,261,3526
1398,69.822,18,Bottle,0.6722,122,328,136,348,280,3526
1399,69.879,18,Bottle,0.6267,131,330,145,350,280,3526
1400,69.920,18,Bottle,0.3768,180,350,191,385,385,3526
1400,69.920,18,Bottle,0.3463,123,296,163,402,4240,3526
1400,69.920,18,Bottle,0.3412,140,330,154,352,308,3526
1401,69.990,18,Bottle,0.4659,150,333,163,362,377,3526
1401,69.990,18,Bottle,0.2534,2476,656,2514,718,2356,
1402,70.024,18,Bottle,0.6509,160,334,173,356,286,3526
1402,70.024,18,knife,0.2939,1642,1068,1837,1186,23010,1
1403,70.079,18,Bottle,0.7919,169,337,183,356,266,3526
1403,70.079,18,knife,0.3436,1644,1068,1839,1177,21255,1
1404,70.120,18,Bottle,0.7436,180,338,193,359,273,3526
1404,70.120,18,knife,0.2825,1636,1070,1839,1175,21315,1
1406,70.221,18,knife,0.2832,1635,1070,1840,1166,19680,1
1407,70.279,18,Bottle,0.5375,2049,576,2112,662,5418,
1407,70.279,18,Bottle,0.2643,214,347,227,366,247,3526
1407,70.279,18,knife,0.2548,1633,1070,1838,1168,20090,1
1408,70.320,18,Bottle,0.4800,224,347,239,367,300,3526
1409,70.379,18,Bottle,0.6487,237,347,251,371,336,3526
1409,70.379,18,Bottle,0.3500,595,364,604,401,333,3504
1410,70.420,18,Bottle,0.6272,248,348,265,372,408,3526
1411,70.479,18,Bottle,0.7738,408,208,415,213,35,3342
1411,70.479,18,Bottle,0.5137,262,350,278,375,400,3526
1412,70.520,18,Bottle,0.4876,275,354,291,378,384,3526
1413,70.579,18,Bottle,0.3622,290,356,305,380,360,3526
1413,70.579,18,Cigarette,0.3244,1650,1193,1666,1198,80,1
1415,70.679,18,Bottle,0.4674,319,363,335,384,336,3526
1418,70.821,18,Bottle,0.3404,367,367,384,393,442,3526
1418,70.821,18,Bottle,0.3033,323,220,347,244,576,3342
1420,70.920,18,Bottle,0.3050,395,374,419,403,696,3526
1421,70.992,18,Bottle,0.3755,414,381,438,404,552,3526
1422,71.029,18,Bottle,0.4081,438,380,457,406,494,3526
1423,71.079,18,Cigarette,0.4765,508,486,516,491,40,3526
1423,71.079,18,Bottle,0.3232,453,386,477,414,672,3526
1423,71.079,18,Cigarette,0.2939,517,469,524,479,70,3526
1424,71.120,18,Bottle,0.5001,474,390,497,418,644,3526
1425,71.179,18,Bottle,0.6517,495,394,518,422,644,3526
1425,71.179,18,Bottle,0.3214,1626,1139,1703,1198,4543,1
1426,71.220,18,Cigarette,0.2756,1625,1136,1641,1143,112,1
1428,71.321,18,Bottle,0.5534,229,304,244,335,465,3596
1428,71.321,18,Bottle,0.4098,188,307,198,331,240,3596
1432,71.520,18,Cigarette,0.2631,1615,1141,1645,1152,330,
1433,71.579,18,Bottle,0.3434,692,428,711,452,456,3526
1436,71.720,18,Bottle,0.5228,777,445,796,470,475,3526
1436,71.720,18,Cigarette,0.2529,1649,1144,1659,1150,60,1
1437,71.779,18,Bottle,0.4187,807,451,826,478,513,3526
1438,71.821,18,Bottle,0.5658,837,456,855,482,468,3526
1439,71.879,18,Bottle,0.3814,868,463,887,489,494,3526
1440,71.920,18,Bottle,0.5929,899,468,919,496,560,3526
1440,71.920,18,Bottle,0.3034,302,290,321,323,627,3698
1440,71.920,18,Bottle,0.2862,315,323,326,354,341,3698
1441,71.986,18,Bottle,0.7263,932,470,950,501,558,3526
1441,71.986,18,Cigarette,0.4146,1350,576,1395,589,585,
1442,72.030,18,Bottle,0.4778,963,481,982,507,494,3526
1442,72.030,18,Cigarette,0.2565,1647,1074,1656,1091,153,1
1443,72.070,18,Bottle,0.5244,995,486,1016,516,630,3526
1444,72.130,18,Bottle,0.6820,1032,495,1050,523,504,3526
1444,72.130,18,Bottle,0.6769,357,297,373,330,528,3596
1444,72.130,18,Bottle,0.5577,394,301,404,329,280,3596
1444,72.130,18,Bottle,0.2743,994,398,1006,406,96,3701
1444,72.130,18,Bottle,0.2551,328,414,338,442,280,3596
1445,72.172,18,Bottle,0.7930,371,297,388,330,561,3698
1445,72.172,18,Bottle,0.5195,1069,503,1085,529,416,3526
1445,72.172,18,Bottle,0.4476,382,328,394,366,456,3698
1446,72.229,18,Bottle,0.5032,1103,508,1122,538,570,3526
1446,72.229,18,Bottle,0.4625,914,337,931,376,663,3701
1446,72.229,18,Bottle,0.3399,111,349,129,386,666,3723
1447,72.271,18,Bottle,0.3827,1427,447,1469,491,1848,3504
1447,72.271,18,Bottle,0.2932,1139,515,1159,548,660,3526
1447,72.271,18,Bottle,0.2765,999,249,1007,278,232,3701
1448,72.329,18,Bottle,0.4674,425,394,449,430,864,3719
1448,72.329,18,Bottle,0.4490,132,362,147,389,405,3723
1448,72.329,18,Bottle,0.3395,427,330,439,373,516,3719
1448,72.329,18,Bottle,0.3258,883,315,893,338,230,3701
1448,72.329,18,Bottle,0.3217,417,300,433,336,576,3719
1448,72.329,18,Cigarette,0.3010,1671,1054,1676,1064,50,1
1449,72.370,18,Bottle,0.4647,1250,520,1318,570,3400,3526
1449,72.370,18,Bottle,0.3966,1323,573,1330,601,196,3526
1449,72.370,18,Bottle,0.2989,160,403,183,460,1311,
1449,72.370,18,Cigarette,0.2832,1674,1048,1678,1059,44,1
1451,72.470,18,Bottle,0.6012,791,340,807,376,576,3701
1451,72.470,18,Bottle,0.3885,183,409,207,465,1344,
1451,72.470,18,Cigarette,0.3584,1681,1042,1687,1054,72,1
1451,72.470,18,Bottle,0.3274,792,319,813,365,966,3701
1454,72.629,18,Cigarette,0.6458,220,430,225,438,40,3723
1454,72.629,18,Bottle,0.5396,1431,584,1447,614,480,3526
1454,72.629,18,Cigarette,0.4691,1657,1066,1678,1076,210,1
1455,72.670,18,Bottle,0.6415,1476,514,1531,563,2695,3526
1455,72.670,18,Bottle,0.2825,1476,597,1491,626,435,3526
1456,72.728,18,Bottle,0.7244,1520,608,1535,638,450,3526
1456,72.728,18,Bottle,0.4587,251,437,261,454,170,3723
1456,72.728,18,Bottle,0.3017,692,294,706,321,378,3701
1457,72.770,18,Bottle,0.7552,1569,620,1582,650,390,3526
1457,72.770,18,Cigarette,0.3719,1666,1068,1681,1078,150,1
1458,72.829,18,Bottle,0.8345,1668,536,1697,577,1189,3526
1458,72.829,18,Bottle,0.6595,1616,630,1628,660,360,3526
1460,72.929,18,Cigarette,0.3199,1660,1048,1679,1057,171,1
1461,72.990,18,Cigarette,0.6484,1651,1051,1676,1059,200,1
1461,72.990,18,Bottle,0.6318,1656,494,1666,545,510,3504
1461,72.990,18,Bottle,0.4599,322,399,335,431,416,3723
1462,73.025,18,Bottle,0.8348,9,263,29,295,640,3616
1462,73.025,18,Cigarette,0.6591,1653,1054,1676,1065,253,1
1462,73.025,18,Bottle,0.5950,1796,670,1829,712,1386,3526
1463,73.079,18,Cigarette,0.3912,1654,1055,1675,1068,273,1
1464,73.120,18,Bottle,0.5525,35,251,49,266,210,3770
1464,73.120,18,Bottle,0.3351,63,351,68,360,45,3770
1465,73.179,18,Cigarette,0.4403,2002,642,2011,656,126,3526
1465,73.179,18,Cigarette,0.4242,1654,1067,1672,1077,180,1
1466,73.221,18,Cigarette,0.5036,1654,1073,1674,1083,200,1
1466,73.221,18,Bottle,0.3952,1845,527,1869,589,1488,3504
1466,73.221,18,Cigarette,0.3489,1657,1073,1668,1082,99,1
1467,73.279,18,Cigarette,0.3409,1830,507,1832,515,16,3504
1467,73.279,18,Bottle,0.3223,30,250,44,259,126,3770
1467,73.279,18,Cigarette,0.2567,1829,506,1833,514,32,3504
1468,73.320,18,Cigarette,0.5233,1849,511,1852,519,24,3504
1468,73.320,18,Cigarette,0.3387,1657,1091,1680,1103,276,1
1468,73.320,18,Cigarette,0.2682,855,446,877,462,352,3766
1469,73.379,18,Bottle,0.4328,461,287,481,325,760,3701
1469,73.379,18,Bottle,0.2648,397,506,404,510,28,3723
1470,73.420,18,Bottle,0.2905,62,303,90,318,420,3770
1471,73.479,18,Cigarette,0.4918,1710,1150,1718,1155,40,1
1471,73.479,18,Bottle,0.2526,524,445,533,476,279,10
1472,73.521,18,Bottle,0.7022,541,445,556,482,555,10
1472,73.521,18,Bottle,0.4960,1976,698,1992,717,304,3504
1472,73.521,18,Cigarette,0.2941,1692,1160,1702,1175,150,1
1473,73.579,18,Cigarette,0.4769,1697,1165,1706,1178,117,1
1473,73.579,18,Bottle,0.4004,1024,551,1074,641,4500,
1475,73.679,18,Bottle,0.3261,1911,496,1939,521,700,
1476,73.720,18,Bottle,0.5388,2043,594,2064,635,861,3504
1478,73.820,18,Bottle,0.7116,2083,604,2102,644,760,3504
1479,73.878,18,Bottle,0.5703,1048,412,1086,446,1292,3766
1482,74.028,18,Bottle,0.4511,132,263,181,396,6517,3770
1482,74.028,18,Bottle,0.2852,1931,980,1942,1027,517,1
1483,74.079,18,Bottle,0.3202,1930,980,1942,1026,552,1
1487,74.279,18,Bottle,0.4751,181,265,198,297,544,3770
1487,74.279,18,Bottle,0.3753,1929,980,1942,1024,572,1
1487,74.279,18,Cigarette,0.3183,1711,1151,1719,1155,32,1
1489,74.379,18,Cigarette,0.3163,1716,1200,1725,1214,126,1
1490,74.421,18,Bottle,0.3188,462,409,481,445,684,3745
1491,74.479,18,Cigarette,0.2548,1214,1194,1219,1200,30,3
1492,74.520,18,Bottle,0.5681,1317,454,1325,473,152,3719
1492,74.520,18,Bottle,0.2723,1495,715,1525,734,570,3766
1493,74.579,18,Cigarette,0.2919,1716,1203,1723,1217,98,1
1493,74.579,18,Cigarette,0.2644,1213,1194,1218,1200,30,3
1494,74.620,18,Bottle,0.7348,1362,461,1375,503,546,3719
1494,74.620,18,Cigarette,0.3474,1213,1194,1218,1201,35,3
1494,74.620,18,Cigarette,0.2957,1716,1205,1724,1217,96,1
1494,74.620,18,Bottle,0.2726,530,420,548,465,810,10
1495,74.679,18,Bottle,0.6561,1386,465,1399,508,559,3719
1497,74.779,18,Bottle,0.4567,98,285,145,390,4935,
1498,74.820,18,Cigarette,0.4048,2510,631,2531,678,987,
1498,74.820,18,Cigarette,0.2947,1212,1195,1218,1202,42,3
1498,74.820,18,Bottle,0.2784,1700,776,1738,801,950,3766
1499,74.879,18,Cigarette,0.4299,1836,634,1849,661,351,3766
1500,74.920,18,Cigarette,0.4201,1868,645,1883,665,300,3766
1500,74.920,18,Cigarette,0.3616,1459,602,1478,620,342,3719
1501,74.986,18,Cigarette,0.2801,1911,1072,1921,1088,160,1
1502,75.026,18,Cigarette,0.3019,1211,1196,1215,1202,24,3
1502,75.026,18,Bottle,0.2572,1361,760,1404,801,1763,3723
1503,75.080,18,Cigarette,0.2941,1211,1196,1215,1202,24,3
1504,75.121,18,Cigarette,0.4792,1993,716,2002,727,99,3766
1504,75.121,18,Bottle,0.3351,153,252,164,267,165,3893
1504,75.121,18,Bottle,0.2872,1531,617,1554,656,897,3723
1504,75.121,18,Cigarette,0.2765,1211,1196,1215,1202,24,3
1505,75.179,18,Cigarette,0.2684,1211,1196,1215,1202,24,3
1506,75.220,18,Bottle,0.5089,1610,629,1632,686,1254,3723
1506,75.220,18,Bottle,0.4590,1535,829,1548,842,169,3723
1506,75.220,18,Cigarette,0.2999,1211,1196,1216,1202,30,3
1506,75.220,18,Bottle,0.2514,748,472,771,513,943,3745
1507,75.281,18,Bottle,0.3093,767,477,791,518,984,3745
1507,75.281,18,knife,0.2964,2046,788,2099,813,1325,3766
1507,75.281,18,Cigarette,0.2799,1211,1196,1216,1203,35,3
1508,75.320,18,Cigarette,0.3981,1732,509,1744,543,408,3719
1508,75.320,18,Cigarette,0.3963,1212,1196,1217,1202,30,3
1508,75.320,18,Bottle,0.2585,1711,1159,1742,1199,1240,1
1510,75.420,18,Bottle,0.2979,1930,983,1943,1027,572,1
1510,75.420,18,Bottle,0.2650,1502,693,1535,849,5148,
1511,75.479,18,Bottle,0.3607,1930,983,1943,1025,546,1
1511,75.479,18,Bottle,0.2861,1766,677,1801,726,1715,3723
1512,75.520,18,Bottle,0.5032,1797,685,1835,732,1786,3723
1512,75.520,18,Bottle,0.3080,1930,982,1944,1025,602,1
1513,75.579,18,Bottle,0.5681,1024,478,1062,608,4940,
1514,75.620,18,Bottle,0.3098,1953,488,1962,503,135,3719
1515,75.684,18,Bottle,0.2993,1952,494,1963,502,88,3719
1516,75.721,18,Cigarette,0.2604,255,382,278,422,920,3893
1517,75.780,18,Bottle,0.3309,1869,910,1920,945,1785,3723
1517,75.780,18,Cigarette,0.2904,1711,1151,1720,1155,36,1
1517,75.780,18,Bottle,0.2690,1705,1178,1732,1216,1026,1
1518,75.820,18,Bottle,0.6036,1944,882,1994,955,3650,3723
1518,75.820,18,knife,0.2512,2077,626,2093,692,1056,3719
1520,75.920,18,Bottle,0.4811,1063,555,1087,600,1080,3745
1520,75.920,18,Cigarette,0.3333,1711,1151,1719,1155,32,1
1521,75.985,18,Bottle,0.3065,1143,600,1169,620,520,3745
1521,75.985,18,Bottle,0.2938,613,321,633,353,640,3770
1522,76.023,18,Cigarette,0.4735,335,410,359,436,624,3893
1525,76.179,18,Cigarette,0.3048,40,288,66,333,1170,
1531,76.480,18,Bottle,0.7335,773,327,792,342,285,3770
1531,76.480,18,Bottle,0.2644,834,327,859,335,200,3770
1533,76.578,18,Bottle,0.2957,1431,647,1454,690,989,3745
1534,76.620,18,Bottle,0.6220,1468,659,1485,700,697,3745
1535,76.679,18,Bottle,0.3780,2474,652,2510,714,2232,
1536,76.721,18,Bottle,0.5141,1522,672,1548,714,1092,3745
1536,76.721,18,Cigarette,0.3252,1505,448,1527,461,286,3995
1536,76.721,18,Bottle,0.3197,2478,650,2511,715,2145,
1538,76.820,18,Bottle,0.2982,1583,684,1613,729,1350,3745
1540,76.920,18,Cigarette,0.3498,2495,586,2524,614,812,
1540,76.920,18,Bottle,0.3198,1032,386,1063,426,1240,3932
1541,76.990,18,Bottle,0.8006,1750,501,1796,543,1932,3745
1541,76.990,18,Bottle,0.3848,1061,390,1090,429,1131,3932
1541,76.990,18,Bottle,0.2818,1788,593,1810,646,1166,3745
1542,77.028,18,Bottle,0.3811,522,534,537,570,540,10
1542,77.028,18,Bottle,0.3766,622,475,646,514,936,10
1542,77.028,18,Bottle,0.2814,152,345,161,369,216,4055
1543,77.079,18,Bottle,0.6603,1113,399,1142,438,1131,3932
1543,77.079,18,Bottle,0.5510,522,534,536,570,504,10
1544,77.120,18,Cigarette,0.2844,2323,526,2352,565,1131,
1545,77.180,18,Bottle,0.5980,1917,646,1937,693,940,3745
1546,77.222,18,Bottle,0.7871,187,354,197,374,200,4055
1547,77.279,18,Bottle,0.3278,1983,660,2005,700,880,3745
1550,77.420,18,Bottle,0.5122,227,362,239,382,240,4000
1552,77.522,18,Bottle,0.2792,1385,535,1412,614,2133,3932
1553,77.578,18,Bottle,0.5827,261,368,274,389,273,4055
1555,77.679,18,Cigarette,0.2560,343,367,346,377,30,4055
1557,77.779,18,Bottle,0.4741,1443,452,1451,469,136,3932
1559,77.879,18,Bottle,0.5556,1101,473,1133,516,1376,3853
1560,77.920,18,Bottle,0.3214,1130,480,1163,520,1320,3853
1563,78.080,18,Bottle,0.6235,1753,493,1777,539,1104,3932
1563,78.080,18,Bottle,0.5220,585,471,600,519,720,10
1564,78.123,18,Bottle,0.5422,585,471,600,519,720,10
1568,78.321,18,Bottle,0.4874,1360,368,1380,406,760,3853
1569,78.379,18,Bottle,0.3950,522,404,536,439,490,4157
1572,78.520,18,Cigarette,0.2718,1687,590,1697,598,80,4064
1573,78.579,18,Cigarette,0.2507,1837,1197,1874,1227,1110,1
1574,78.620,18,Cigarette,0.4058,1837,1197,1876,1228,1209,1
1575,78.679,18,Cigarette,0.2760,1837,1195,1876,1229,1326,1
1590,79.420,18,Bottle,0.3960,121,299,132,312,143,4252
1598,79.822,18,Cigarette,0.3166,1455,713,1468,720,91,4231
1601,79.991,18,Cigarette,0.4404,229,271,254,299,700,
1606,80.229,18,Bottle,0.6999,321,336,327,351,90,4252
1607,80.270,18,Bottle,0.3226,337,337,344,352,105,4252
1608,80.329,18,Bottle,0.4748,334,371,352,395,432,4252
1614,80.628,18,Bottle,0.5059,66,248,86,297,980,
1614,80.628,18,Bottle,0.2657,16,217,39,257,920,
1615,80.670,18,Bottle,0.3099,16,218,39,257,897,
1616,80.729,18,Bottle,0.2594,51,251,71,294,860,
1620,80.929,18,Bottle,0.3397,26,230,47,290,1260,4392
1621,81.002,18,Bottle,0.3526,19,222,39,292,1400,4392
1621,81.002,18,Bottle,0.2762,1928,988,1950,1003,330,1
1622,81.048,18,Bottle,0.2820,1927,988,1950,1003,345,1
1623,81.072,18,Bottle,0.6370,1740,1262,1780,1342,3200,1
1623,81.072,18,Bottle,0.3062,1926,988,1950,1003,360,1
1626,81.229,18,Bottle,0.2799,1933,988,1950,1024,612,1
1632,81.529,18,Bottle,0.3357,1934,989,1950,1026,592,1
1637,81.771,18,Cigarette,0.4451,1711,1144,1740,1152,232,1
1638,81.829,18,Cigarette,0.3314,1744,1171,1748,1195,96,1
1641,82.001,18,knife,0.6713,1287,1345,1305,1394,882,3
1642,82.043,18,knife,0.3875,1286,1345,1305,1394,931,3
1645,82.179,18,Bottle,0.2811,1121,358,1156,374,560,4405
1645,82.179,18,knife,0.2693,1762,1089,1876,1274,21090,1
1645,82.179,18,knife,0.2595,1286,1345,1305,1394,931,3
1646,82.222,18,knife,0.3364,1286,1344,1306,1394,1000,3
1647,82.279,18,knife,0.3764,1286,1344,1306,1394,1000,3
1648,82.320,18,Bottle,0.5111,1086,390,1117,447,1767,
1648,82.320,18,knife,0.4923,1286,1344,1306,1395,1020,3
1648,82.320,18,Bottle,0.3109,1119,370,1141,414,968,
1649,82.380,18,knife,0.3305,1286,1344,1306,1394,1000,3
1650,82.421,18,knife,0.3931,1286,1344,1306,1395,1020,3
1650,82.421,18,Cigarette,0.3691,1787,658,1800,678,260,4252
1651,82.479,18,Cigarette,0.2857,1834,670,1846,690,240,4252
1651,82.479,18,knife,0.2816,1286,1344,1306,1395,1020,3
1652,82.520,18,knife,0.3508,1286,1344,1306,1395,1020,3
1653,82.579,18,Bottle,0.5786,1986,645,2007,689,924,4252
1654,82.621,18,knife,0.3107,2139,768,2174,859,3185,
1655,82.679,18,Bottle,0.5783,2146,767,2178,862,3040,
1657,82.779,18,Cigarette,0.3021,1922,1082,1932,1096,140,1
1658,82.819,18,Cigarette,0.3592,1922,1082,1932,1096,140,1
1661,83.001,18,Bottle,0.8169,2042,577,2112,695,8260,
1661,83.001,18,Cigarette,0.4512,1924,1081,1933,1095,126,1
1661,83.001,18,Bottle,0.2739,616,646,655,698,2028,10
1662,83.044,18,Cigarette,0.4086,1924,1081,1933,1094,117,1
1662,83.044,18,knife,0.2807,1286,1344,1305,1394,950,3
1662,83.044,18,Cigarette,0.2506,1310,1152,1316,1158,36,3
1663,83.079,18,Cigarette,0.3684,1925,1081,1933,1093,96,1
1663,83.079,18,Cigarette,0.2785,1310,1152,1316,1158,36,3
1664,83.122,18,Cigarette,0.4941,1925,1081,1933,1093,96,1
1664,83.122,18,Bottle,0.3637,1944,577,2002,666,5162,
1664,83.122,18,knife,0.3150,1286,1344,1305,1395,969,3
1664,83.122,18,Cigarette,0.2895,1310,1152,1316,1158,36,3
1664,83.122,18,Bottle,0.2823,618,641,653,697,1960,10
1664,83.122,18,Cigarette,0.2782,737,342,741,347,20,4405
1665,83.179,18,Cigarette,0.4650,1925,1080,1933,1093,104,1
1666,83.220,18,Bottle,0.2653,1754,1286,1777,1340,1242,1
1668,83.320,18,knife,0.3125,2498,565,2547,625,2940,
1668,83.320,18,Bottle,0.2774,1754,1286,1775,1339,1113,1
1674,83.620,18,Bottle,0.3736,607,481,642,533,1820,10
1675,83.679,18,Bottle,0.3024,606,480,641,531,1785,10
1677,83.779,18,Cigarette,0.4121,1492,575,1510,587,216,
1677,83.779,18,Cigarette,0.2946,1688,385,1704,390,80,4476
1684,84.129,18,Cigarette,0.3180,1011,1376,1015,1385,36,3
1684,84.129,18,Bottle,0.2770,1463,489,1496,545,1848,
1686,84.229,18,Bottle,0.2557,1289,383,1310,411,588,4476
1697,84.770,18,Bottle,0.5229,1085,403,1115,465,1860,
1699,84.870,18,Bottle,0.3731,606,468,642,515,1692,10
1699,84.870,18,Bottle,0.2542,546,454,568,483,638,10
1700,84.928,18,Bottle,0.2832,606,469,644,524,2090,10
1701,84.991,18,Bottle,0.5124,604,468,646,527,2478,10
1705,85.170,18,knife,0.5508,1753,1070,1856,1239,17407,1
1707,85.271,18,knife,0.4015,1758,1071,1861,1226,15965,1
1707,85.271,18,Bottle,0.2882,601,473,644,521,2064,10
1708,85.329,18,knife,0.2884,1753,1074,1855,1233,16218,1
1709,85.373,18,knife,0.5833,1752,1074,1855,1236,16686,1
1710,85.429,18,knife,0.6601,1760,1073,1860,1222,14900,1
1711,85.470,18,knife,0.5086,1762,1077,1859,1223,14162,1
1711,85.470,18,Cigarette,0.3253,803,364,805,370,12,4531
1712,85.528,18,knife,0.3667,1765,1080,1858,1214,12462,1
1713,85.570,18,Bottle,0.3245,111,235,131,282,940,
1713,85.570,18,knife,0.2774,1768,1082,1857,1213,11659,1
1715,85.670,18,Bottle,0.3352,99,239,119,283,880,
1716,85.728,18,Bottle,0.3191,95,242,116,285,903,
1717,85.770,18,Bottle,0.2636,1024,369,1049,432,1575,
1722,86.047,18,Bottle,0.4314,612,237,621,251,126,4531
1735,86.670,18,Bottle,0.2751,176,312,183,333,147,4674
1737,86.769,18,Cigarette,0.2728,1801,1085,1836,1135,1750,1
1738,86.829,18,Cigarette,0.3063,1802,1087,1836,1136,1666,1
1739,86.870,18,Cigarette,0.4436,1801,1086,1837,1141,1980,1
1740,86.929,18,Cigarette,0.4044,1801,1089,1838,1146,2109,1
1746,87.220,18,Bottle,0.2513,440,252,454,287,490,4534
1755,87.681,18,Bottle,0.5065,2049,578,2111,676,6076,
1762,88.028,18,Cigarette,0.3310,1798,1118,1806,1123,40,1
1763,88.072,18,Cigarette,0.4199,1799,1118,1806,1123,35,1
1764,88.129,18,Cigarette,0.4741,1799,1118,1806,1123,35,1
1778,88.829,18,Bottle,0.3303,95,253,114,299,874,
1788,89.320,18,Bottle,0.3991,574,498,623,557,2891,10
1803,90.079,18,Bottle,0.2535,8,269,34,346,2002,
1806,90.221,18,Bottle,0.3686,17,264,60,368,4472,
1807,90.279,18,Bottle,0.2796,43,283,71,362,2212,
1808,90.321,18,Cigarette,0.5503,2527,584,2555,616,896,
1808,90.321,18,Bottle,0.4934,27,302,50,360,1334,
1808,90.321,18,Bottle,0.3347,52,278,81,366,2552,
1809,90.379,18,Bottle,0.3924,61,274,90,363,2581,
1810,90.420,18,Bottle,0.3339,47,299,72,362,1575,
1810,90.420,18,Cigarette,0.2549,2496,570,2517,605,735,
1812,90.519,18,Bottle,0.2735,95,312,126,376,1984,
1817,90.779,18,Cigarette,0.3318,2205,709,2226,724,315,
1819,90.880,18,Bottle,0.4012,610,537,651,569,1312,10
1820,90.921,18,Bottle,0.3967,608,523,655,575,2444,10
1820,90.921,18,Cigarette,0.3270,2510,626,2540,659,990,
1821,90.988,18,Bottle,0.3942,638,557,658,577,400,10
1824,91.120,18,Cigarette,0.4814,1960,732,1985,763,775,
1824,91.120,18,knife,0.2901,616,690,630,740,700,10
1825,91.179,18,Cigarette,0.4784,2010,751,2030,778,540,
1825,91.179,18,knife,0.2644,615,690,628,741,663,10
1826,91.220,18,knife,0.5022,616,693,629,741,624,10
1827,91.279,18,knife,0.3597,616,694,628,740,552,10
1829,91.379,18,Cigarette,0.4550,654,591,658,599,32,10
1830,91.420,18,Cigarette,0.4299,653,592,657,602,40,10
1831,91.480,18,Cigarette,0.5724,652,594,656,603,36,10
1834,91.620,18,Cigarette,0.5221,650,448,656,455,42,10
1838,91.820,18,Cigarette,0.5777,1213,1209,1218,1215,30,3
1841,91.989,18,Bottle,0.4499,636,608,648,628,240,10
1844,92.120,18,Bottle,0.3186,637,610,649,630,240,10
1845,92.179,18,Bottle,0.4880,1230,534,1257,561,729,4831
1845,92.179,18,Cigarette,0.3197,1216,1206,1221,1212,30,3
1845,92.179,18,Bottle,0.2502,612,608,631,641,627,10
1846,92.221,18,Bottle,0.2500,1242,456,1256,499,602,4831
1847,92.279,18,Bottle,0.3001,619,608,636,639,527,10
1848,92.321,18,Bottle,0.2743,622,609,638,639,480,10
1850,92.422,18,Bottle,0.4265,1062,359,1068,372,78,4875
1850,92.422,18,Cigarette,0.3497,1223,1203,1228,1209,30,3
1851,92.479,18,Cigarette,0.5453,1225,1202,1230,1208,30,3
1852,92.520,18,Cigarette,0.3335,1227,1201,1231,1207,24,3
1853,92.578,18,Cigarette,0.2728,1228,1201,1232,1207,24,3
1853,92.578,18,knife,0.2607,1785,1079,1866,1219,11340,1
1854,92.620,18,Bottle,0.5022,888,327,918,346,570,4875
1854,92.620,18,knife,0.3853,1784,1082,1865,1221,11259,1
1855,92.679,18,knife,0.4631,1785,1082,1865,1219,10960,1
1856,92.721,18,knife,0.5145,1786,1082,1861,1219,10275,1
1856,92.721,18,Cigarette,0.4523,1005,1346,1011,1361,90,3
1857,92.782,18,knife,0.5380,1788,1081,1856,1220,9452,1
1857,92.782,18,Cigarette,0.3392,1005,1346,1011,1360,84,3
1858,92.819,18,knife,0.4500,1787,1083,1858,1221,9798,1
1858,92.819,18,Cigarette,0.3613,1005,1346,1011,1360,84,3
1859,92.878,18,Cigarette,0.6285,1004,1346,1011,1361,105,3
1859,92.878,18,knife,0.3131,1786,1082,1859,1222,10220,1
1860,92.920,18,Cigarette,0.6203,1004,1346,1011,1361,105,3
1860,92.920,18,knife,0.3794,1786,1081,1859,1223,10366,1
1860,92.920,18,Bottle,0.3017,738,254,748,268,140,4875
1861,92.991,18,Cigarette,0.6607,1005,1346,1011,1360,84,3
1862,93.028,18,Cigarette,0.5030,1004,1346,1012,1360,112,3
1865,93.169,18,Cigarette,0.3685,1005,1346,1013,1360,112,3
1866,93.229,18,Cigarette,0.3360,1005,1345,1013,1359,112,3
1866,93.229,18,knife,0.3001,1799,1085,1864,1220,8775,1
1867,93.270,18,Bottle,0.3431,525,272,550,285,325,4875
1868,93.329,18,Cigarette,0.2907,1004,1345,1014,1358,130,3
1869,93.370,18,Cigarette,0.4406,1006,1345,1014,1357,96,3
1870,93.430,18,Cigarette,0.2551,1005,1344,1014,1357,117,3
1872,93.529,18,Bottle,0.7893,429,258,451,271,286,4875
1872,93.529,18,Cigarette,0.2525,1006,1344,1014,1357,104,3
1873,93.571,18,Cigarette,0.2805,1006,1344,1014,1356,96,3
1878,93.828,18,knife,0.2715,1300,1409,1311,1439,330,3
1879,93.870,18,knife,0.3091,1300,1409,1311,1440,341,3
1880,93.929,18,knife,0.2554,1300,1407,1310,1439,320,3
1881,94.001,18,knife,0.3222,1300,1408,1311,1440,352,3
1882,94.052,18,knife,0.3216,1300,1408,1311,1440,352,3
1883,94.070,18,knife,0.3113,1300,1409,1311,1440,341,3
1884,94.129,18,knife,0.3108,1300,1409,1311,1440,341,3
1885,94.170,18,knife,0.3175,1300,1409,1311,1440,341,3
1886,94.229,18,knife,0.2995,1300,1408,1311,1440,352,3
1887,94.270,18,knife,0.2878,1300,1408,1311,1440,352,3
1888,94.329,18,knife,0.2887,1300,1408,1311,1440,352,3
1889,94.370,18,knife,0.2848,1300,1408,1311,1440,352,3
1890,94.429,18,knife,0.2777,1300,1408,1311,1440,352,3
1891,94.470,18,knife,0.2839,1299,1408,1311,1440,384,3
1892,94.529,18,Cigarette,0.4197,1005,1346,1012,1359,91,3
1893,94.569,18,Bottle,0.4149,197,215,207,226,110,4952
1893,94.569,18,Cigarette,0.4075,1005,1346,1012,1359,91,3
1894,94.629,18,Cigarette,0.4275,1005,1346,1012,1359,91,3
1895,94.670,18,Cigarette,0.4459,1005,1346,1012,1359,91,3
1896,94.729,18,Cigarette,0.5132,1005,1346,1012,1359,91,3
1897,94.770,18,Cigarette,0.5185,1005,1346,1012,1358,84,3
1898,94.829,18,Cigarette,0.6405,1005,1346,1012,1359,91,3
1899,94.870,18,Cigarette,0.6279,1005,1346,1012,1359,91,3
1899,94.870,18,knife,0.2597,1299,1408,1311,1440,384,3
1900,94.930,18,Cigarette,0.6101,1005,1346,1012,1359,91,3
1900,94.930,18,knife,0.2634,1299,1408,1311,1440,384,3
1901,95.002,18,Cigarette,0.6918,1005,1346,1011,1359,78,3
1902,95.047,18,Cigarette,0.6297,1005,1346,1012,1358,84,3
1903,95.079,18,Cigarette,0.6200,1005,1346,1012,1358,84,3
1903,95.079,18,Bottle,0.2849,58,358,86,433,2100,
1904,95.120,18,Cigarette,0.5888,1005,1346,1011,1358,72,3
1905,95.179,18,Cigarette,0.5817,1005,1346,1011,1358,72,3
1906,95.220,18,Cigarette,0.6089,1005,1346,1011,1359,78,3
1907,95.281,18,Cigarette,0.5636,1006,1346,1012,1359,78,3
1908,95.322,18,Cigarette,0.5763,1006,1346,1012,1359,78,3
1909,95.381,18,Cigarette,0.5547,1006,1346,1012,1359,78,3
1910,95.422,18,Cigarette,0.6269,1006,1346,1012,1359,78,3
1910,95.422,18,Bottle,0.3419,86,391,108,442,1122,
1911,95.479,18,Cigarette,0.6120,1006,1346,1012,1359,78,3
1911,95.479,18,Bottle,0.4594,90,386,111,444,1218,
1912,95.520,18,Cigarette,0.6000,1006,1346,1012,1359,78,3
1913,95.579,18,Cigarette,0.6452,1006,1346,1012,1359,78,3
1913,95.579,18,Bottle,0.2619,108,262,134,322,1560,
1914,95.620,18,Cigarette,0.6399,1006,1346,1011,1359,65,3
1915,95.679,18,Cigarette,0.6416,1006,1346,1011,1359,65,3
1915,95.679,18,Bottle,0.5693,105,388,127,450,1364,4944
1915,95.679,18,Bottle,0.2505,3,276,28,348,1800,
1916,95.720,18,Cigarette,0.6663,1006,1346,1011,1359,65,3
1916,95.720,18,Bottle,0.6346,122,344,134,385,492,4944
1916,95.720,18,Bottle,0.5926,108,392,131,453,1403,4944
1916,95.720,18,Bottle,0.4125,111,372,119,398,208,4944
1916,95.720,18,Bottle,0.4023,10,293,36,351,1508,
1916,95.720,18,Bottle,0.3985,81,307,125,426,5236,4944
1917,95.779,18,Cigarette,0.6656,1006,1346,1011,1359,65,3
1917,95.779,18,Bottle,0.5314,112,398,135,455,1311,4944
1917,95.779,18,Bottle,0.4854,115,374,123,400,208,4944
1918,95.820,18,Cigarette,0.6999,1006,1346,1012,1359,78,3
1918,95.820,18,Bottle,0.5278,90,390,110,445,1100,4944
1918,95.820,18,Bottle,0.4804,116,395,140,453,1392,4944
1919,95.879,18,Cigarette,0.7070,1006,1346,1012,1359,78,3
1919,95.879,18,Bottle,0.3201,122,397,145,454,1311,4944
1920,95.920,18,Cigarette,0.7096,1005,1346,1012,1359,91,3
1920,95.920,18,Bottle,0.2619,125,404,148,456,1196,4944
1921,95.988,18,Bottle,0.4452,140,352,153,386,442,4944
1921,95.988,18,Cigarette,0.3854,1006,1346,1012,1360,84,3
1921,95.988,18,knife,0.2766,1300,1408,1311,1440,352,3
1922,96.020,18,Bottle,0.4137,142,353,157,389,540,4944
1922,96.020,18,Bottle,0.3629,102,306,127,372,1650,4944
1922,96.020,18,knife,0.3215,1300,1406,1310,1440,340,3
1922,96.020,18,Bottle,0.3160,132,392,156,459,1608,4944
1922,96.020,18,Cigarette,0.2611,1149,369,1179,390,630,
1923,96.079,18,Bottle,0.7036,147,354,160,387,429,4944
1923,96.079,18,Bottle,0.5516,122,306,131,312,54,4944
1923,96.079,18,knife,0.3238,1300,1406,1310,1440,340,3
1924,96.120,18,Bottle,0.6935,152,355,165,386,403,4944
1924,96.120,18,Bottle,0.4643,127,307,136,313,54,4944
1924,96.120,18,knife,0.3255,1300,1406,1310,1440,340,3
1924,96.120,18,Cigarette,0.3027,1006,1346,1012,1359,78,3
1924,96.120,18,Bottle,0.2925,141,402,166,462,1500,4944
1924,96.120,18,Bottle,0.2885,103,307,111,324,136,4944
1924,96.120,18,Bottle,0.2687,121,342,130,361,171,4944
1925,96.179,18,knife,0.3269,1300,1406,1310,1440,340,3
1925,96.179,18,Cigarette,0.3106,1006,1346,1012,1359,78,3
1926,96.220,18,knife,0.3187,1300,1406,1310,1439,330,3
1926,96.220,18,Cigarette,0.2640,1006,1346,1012,1359,78,3
1927,96.279,18,knife,0.3192,1300,1406,1310,1440,340,3
1927,96.279,18,Cigarette,0.2625,1006,1346,1012,1359,78,3
1928,96.320,18,knife,0.3176,1300,1406,1310,1440,340,3
1928,96.320,18,Cigarette,0.2943,1006,1346,1012,1359,78,3
1929,96.379,18,knife,0.3158,1300,1406,1310,1440,340,3
1929,96.379,18,Cigarette,0.2975,1006,1346,1012,1359,78,3
1930,96.420,18,knife,0.3155,1300,1406,1310,1440,340,3
1930,96.420,18,Cigarette,0.2762,1006,1346,1012,1359,78,3
1931,96.479,18,knife,0.3219,1300,1406,1310,1440,340,3
1932,96.520,18,knife,0.3176,1300,1406,1310,1440,340,3
1933,96.580,18,knife,0.3103,1300,1406,1310,1440,340,3
1934,96.620,18,knife,0.3088,1300,1406,1310,1440,340,3
1934,96.620,18,Cigarette,0.2705,1912,1078,1923,1090,132,1
1935,96.680,18,knife,0.3050,1300,1406,1310,1440,340,3
1936,96.720,18,Bottle,0.5774,224,379,233,403,216,4944
1936,96.720,18,Bottle,0.4882,214,370,226,405,420,4944
1936,96.720,18,knife,0.2911,1300,1406,1310,1440,340,3
1937,96.780,18,knife,0.2974,1300,1406,1310,1440,340,3
1938,96.820,18,knife,0.2917,1300,1406,1310,1440,340,3
1938,96.820,18,Cigarette,0.2597,1904,1075,1920,1088,208,1
1939,96.880,18,knife,0.2978,1300,1406,1310,1440,340,3
1939,96.880,18,Cigarette,0.2808,1903,1075,1918,1088,195,1
1940,96.920,18,knife,0.3010,1300,1406,1310,1440,340,3
1940,96.920,18,Bottle,0.2888,587,661,622,739,2730,10
1941,96.991,18,knife,0.2553,1790,1088,1864,1232,10656,1
1942,97.026,18,Cigarette,0.4134,1006,1345,1012,1360,90,3
1943,97.079,18,Bottle,0.4377,288,295,302,317,308,4944
1943,97.079,18,Cigarette,0.4191,1006,1345,1012,1360,90,3
1943,97.079,18,Bottle,0.3383,586,662,622,741,2844,10
1944,97.120,18,Cigarette,0.4561,1006,1345,1012,1360,90,3
1944,97.120,18,Bottle,0.4388,303,296,318,319,345,4944
1945,97.179,18,Cigarette,0.4415,1006,1345,1012,1360,90,3
1945,97.179,18,Bottle,0.4140,318,299,334,322,368,4944
1946,97.220,18,Bottle,0.5041,336,301,351,325,360,4944
1946,97.220,18,Cigarette,0.4589,1006,1345,1012,1360,90,3
1947,97.279,18,Bottle,0.5065,237,449,247,476,270,5056
1947,97.279,18,Cigarette,0.4957,1006,1345,1012,1360,90,3
1947,97.279,18,Bottle,0.3909,256,415,296,506,3640,5056
1947,97.279,18,Bottle,0.2932,588,662,622,740,2652,10
1948,97.320,18,Bottle,0.6104,372,306,387,330,360,4944
1948,97.320,18,Cigarette,0.4914,1006,1345,1012,1360,90,3
1948,97.320,18,Bottle,0.4022,248,322,256,329,56,5056
1949,97.379,18,Cigarette,0.2615,1006,1345,1012,1359,84,3
1950,97.420,18,Bottle,0.4277,296,386,309,431,585,5056
1950,97.420,18,Bottle,0.4243,260,324,270,330,60,5056
1950,97.420,18,Bottle,0.2931,587,662,622,736,2590,10
1951,97.479,18,knife,0.2897,1300,1406,1310,1439,330,3
1952,97.520,18,knife,0.3345,1300,1407,1311,1439,352,3
1952,97.520,18,Bottle,0.3224,588,662,622,735,2482,10
1953,97.580,18,Bottle,0.3811,587,661,622,738,2695,10
1953,97.580,18,Bottle,0.3002,469,320,487,347,486,4944
1953,97.580,18,knife,0.2832,1300,1407,1311,1440,363,3
1954,97.620,18,Bottle,0.7237,327,389,343,430,656,5056
1954,97.620,18,knife,0.3426,1300,1406,1311,1439,363,3
1954,97.620,18,Bottle,0.2828,587,661,622,736,2625,10
1954,97.620,18,Bottle,0.2578,290,466,298,488,176,5056
1955,97.679,18,Bottle,0.6645,336,390,350,433,602,5056
1955,97.679,18,knife,0.2747,1300,1406,1310,1440,340,3
1956,97.720,18,Bottle,0.6621,345,391,359,434,602,5056
1956,97.720,18,knife,0.2754,1300,1406,1310,1440,340,3
1957,97.779,18,Bottle,0.5760,562,331,580,361,540,4944
1957,97.779,18,Bottle,0.4615,587,662,622,738,2660,10
1957,97.779,18,Bottle,0.2606,286,449,304,475,468,5056
1957,97.779,18,knife,0.2512,1300,1406,1309,1440,306,3
1959,97.879,18,Bottle,0.4558,372,396,385,434,494,5056
1959,97.879,18,Bottle,0.3218,587,661,623,738,2772,10
1960,97.920,18,Bottle,0.6992,380,397,396,437,640,5056
1961,97.991,18,Bottle,0.5282,1425,425,1441,461,576,4990
1962,98.030,18,Bottle,0.3059,83,303,94,326,253,5083
1962,98.030,18,knife,0.2739,1300,1407,1310,1440,330,3
1962,98.030,18,Bottle,0.2635,696,352,707,378,286,4944
1968,98.329,18,Bottle,0.2683,455,411,474,458,893,5056
1968,98.329,18,Cigarette,0.2584,889,402,905,414,192,4944
1969,98.370,18,Cigarette,0.2687,403,408,421,423,270,5056
1970,98.429,18,Cigarette,0.2959,1026,438,1047,461,483,4944
1971,98.470,18,Cigarette,0.4693,1031,556,1039,561,40,4944
1972,98.529,18,knife,0.2710,1300,1408,1310,1440,320,3
1973,98.570,18,knife,0.3025,1299,1408,1310,1440,352,3
1974,98.629,18,Bottle,0.3927,517,423,534,474,867,5056
1974,98.629,18,knife,0.3217,1299,1408,1310,1440,352,3
1975,98.670,18,knife,0.3207,1299,1408,1310,1440,352,3
1975,98.670,18,Cigarette,0.2775,1004,1345,1012,1359,112,3
1976,98.731,18,knife,0.3143,1299,1408,1310,1440,352,3
1977,98.770,18,Cigarette,0.3617,1004,1345,1011,1360,105,3
1977,98.770,18,knife,0.3120,1299,1408,1310,1440,352,3
1978,98.829,18,Cigarette,0.4747,1004,1345,1012,1359,112,3
1978,98.829,18,knife,0.2891,1299,1408,1310,1440,352,3
1978,98.829,18,Bottle,0.2743,1322,467,1335,497,390,4944
1979,98.870,18,Bottle,0.5627,1426,427,1442,461,544,4944
1979,98.870,18,Cigarette,0.4590,1004,1345,1012,1359,112,3
1979,98.870,18,knife,0.2880,1299,1408,1310,1440,352,3
1980,98.929,18,knife,0.4263,602,434,633,448,434,10
1980,98.929,18,Cigarette,0.3371,1004,1345,1012,1359,112,3
1980,98.929,18,knife,0.2991,1299,1408,1310,1440,352,3
1981,98.991,18,Cigarette,0.6987,1004,1346,1011,1359,91,3
1981,98.991,18,Bottle,0.4660,1604,473,1617,489,208,5112
1981,98.991,18,Bottle,0.4382,540,466,559,493,513,5056
1981,98.991,18,Cigarette,0.3853,610,435,633,445,230,10
1981,98.991,18,Cigarette,0.3847,1490,666,1498,670,32,4944
1982,99.026,18,Cigarette,0.5880,1004,1346,1011,1360,98,3
1982,99.026,18,Bottle,0.4003,1521,507,1533,536,348,4944
1983,99.079,18,Cigarette,0.6617,1004,1346,1011,1359,91,3
1983,99.079,18,Cigarette,0.3665,1594,692,1602,698,48,4944
1984,99.120,18,Cigarette,0.5625,1004,1346,1011,1359,91,3
1984,99.120,18,Bottle,0.3684,542,506,547,510,20,5056
1985,99.179,18,Cigarette,0.6024,1004,1346,1011,1359,91,3
1985,99.179,18,Bottle,0.3673,1538,484,1562,522,912,5112
1985,99.179,18,Bottle,0.2724,1717,585,1755,636,1938,4944
1986,99.220,18,Cigarette,0.6514,1004,1345,1011,1359,98,3
1986,99.220,18,Bottle,0.5969,1759,493,1779,539,920,4944
1986,99.220,18,Bottle,0.2549,1530,329,1540,338,90,5112
1987,99.281,18,Cigarette,0.6530,1004,1345,1011,1359,98,3
1988,99.321,18,Cigarette,0.6634,1004,1345,1011,1359,98,3
1988,99.321,18,Bottle,0.4151,1899,635,1917,674,702,4944
1989,99.378,18,Cigarette,0.6696,1004,1345,1011,1360,105,3
1989,99.378,18,Bottle,0.2962,1949,644,1970,699,1155,4944
1989,99.378,18,Bottle,0.2765,698,461,718,496,700,10
1990,99.420,18,Cigarette,0.6667,1004,1345,1011,1358,91,3
1991,99.479,18,Bottle,0.5115,2009,801,2047,832,1178,4944
1991,99.479,18,Cigarette,0.3811,1004,1345,1011,1359,98,3
1992,99.520,18,Bottle,0.4608,723,322,743,360,760,5077
1994,99.620,18,Cigarette,0.5901,1250,290,1264,296,84,5112
1994,99.620,18,Cigarette,0.3723,1004,1345,1012,1357,96,3
1995,99.679,18,Cigarette,0.3529,1004,1345,1012,1357,96,3
1996,99.720,18,Cigarette,0.3207,1004,1346,1011,1359,91,3
1998,99.820,18,Bottle,0.3117,856,271,875,282,209,5238
1999,99.880,18,Cigarette,0.3672,1005,1346,1012,1359,91,3
2000,99.920,18,Cigarette,0.3782,1005,1346,1012,1359,91,3
2001,99.989,18,Cigarette,0.3678,1005,1346,1012,1360,98,3
2002,100.023,18,Cigarette,0.4461,1005,1346,1012,1360,98,3
2003,100.080,18,Cigarette,0.2571,1005,1346,1012,1360,98,3
2008,100.320,18,Bottle,0.2945,1435,366,1472,383,629,5275
2009,100.379,18,Bottle,0.7062,844,329,859,381,780,5112
2009,100.379,18,knife,0.4403,869,238,901,248,320,5112
2010,100.420,18,Bottle,0.3809,824,327,841,377,850,5112
2011,100.479,18,Bottle,0.3041,16,217,39,257,920,
2011,100.479,18,Bottle,0.2684,868,237,889,246,189,5112
2012,100.520,18,Bottle,0.4742,782,324,802,370,920,5112
2012,100.520,18,Bottle,0.3668,1728,639,1750,656,374,5290
2012,100.520,18,Bottle,0.3309,16,217,40,258,984,
2013,100.579,18,Bottle,0.4651,1812,431,1840,449,504,5293
2019,100.879,18,knife,0.4622,1204,540,1285,589,3969,5235
2019,100.879,18,Bottle,0.3397,1166,519,1193,572,1431,5235
2021,100.989,18,knife,0.2787,1303,1403,1310,1438,245,3
2021,100.989,18,knife,0.2512,1247,542,1331,602,5040,5235
2022,101.021,18,Cigarette,0.2663,1006,1344,1014,1359,120,3
2023,101.079,18,Cigarette,0.2562,2250,441,2268,455,252,
2024,101.120,18,Cigarette,0.2916,2250,441,2268,455,252,
2025,101.183,18,Cigarette,0.4360,1006,1343,1015,1360,153,3
2026,101.220,18,Cigarette,0.5640,1007,1343,1016,1359,144,3
2027,101.279,18,Cigarette,0.5586,1007,1342,1016,1358,144,3
2028,101.320,18,Cigarette,0.5046,1008,1341,1016,1359,144,3
2029,101.379,18,Cigarette,0.7305,1008,1341,1016,1358,136,3
2029,101.379,18,Bottle,0.4614,565,601,587,662,1342,10
2029,101.379,18,Bottle,0.4075,10,281,54,390,4796,
2030,101.423,18,Cigarette,0.5031,1008,1340,1017,1357,153,3
2030,101.423,18,Bottle,0.4917,566,601,587,664,1323,10
2031,101.480,18,Cigarette,0.4002,1009,1340,1017,1356,128,3
2032,101.520,18,Bottle,0.4218,569,601,584,643,630,10
2032,101.520,18,Cigarette,0.3378,1009,1340,1016,1357,119,3
2033,101.579,18,Bottle,0.3459,569,600,584,642,630,10
2036,101.721,18,Bottle,0.7470,1656,690,1679,728,874,5235
2036,101.721,18,Cigarette,0.3548,1008,1341,1016,1357,128,3
2037,101.779,18,Cigarette,0.5564,1007,1340,1016,1358,162,3
2038,101.821,18,Cigarette,0.7346,1007,1341,1016,1358,153,3
2039,101.879,18,Cigarette,0.5637,1008,1341,1016,1355,112,3
2040,101.920,18,Cigarette,0.2518,1008,1341,1016,1355,112,3
2041,101.990,18,Cigarette,0.2854,1236,1221,1240,1228,28,3
2042,102.025,18,Cigarette,0.4008,1235,1222,1239,1229,28,3
2042,102.025,18,Bottle,0.3341,124,285,133,297,108,5331
2043,102.079,18,Cigarette,0.3609,1234,1223,1239,1230,35,3
2043,102.079,18,Cigarette,0.3152,1007,1341,1015,1360,152,3
2045,102.179,18,Bottle,0.5805,410,268,426,297,464,5359
2047,102.279,18,Bottle,0.5422,449,321,469,342,420,5359
2047,102.279,18,Bottle,0.4112,175,287,185,306,190,5331
2049,102.383,18,Bottle,0.3066,482,277,499,306,493,5359
2050,102.423,18,Bottle,0.6147,501,282,518,308,442,5359
2050,102.423,18,Bottle,0.4381,508,330,526,348,324,5359
2051,102.479,18,Bottle,0.2989,521,282,537,310,448,5359
2051,102.479,18,Cigarette,0.2589,1004,1345,1013,1363,162,3
2052,102.520,18,Cigarette,0.4931,1003,1345,1013,1364,190,3
2052,102.520,18,Bottle,0.3851,542,279,559,312,561,5359
2053,102.579,18,Bottle,0.5281,563,281,581,314,594,5359
2053,102.579,18,Cigarette,0.2588,1004,1347,1012,1365,144,3
2054,102.620,18,Cigarette,0.4336,1004,1347,1012,1365,144,3
2055,102.679,18,Cigarette,0.4180,1004,1347,1012,1365,144,3
2055,102.679,18,Bottle,0.2531,608,285,626,318,594,5359
2056,102.720,18,Bottle,0.2560,632,289,650,321,576,5359
2059,102.879,18,Bottle,0.2617,341,301,356,326,375,5331
2060,102.920,18,Bottle,0.5377,361,301,374,327,338,5331
2060,102.920,18,Bottle,0.2710,699,297,713,301,56,5417
2061,102.990,18,Bottle,0.6526,379,303,393,329,364,5331
2061,102.990,18,Bottle,0.5786,320,389,351,425,1116,5331
2062,103.025,18,Bottle,0.7546,399,305,413,332,378,5331
2062,103.025,18,Bottle,0.3942,338,391,365,427,972,5331
2065,103.179,18,Bottle,0.8349,462,312,477,340,420,5331
2065,103.179,18,Cigarette,0.2712,1004,1346,1012,1363,136,3
2066,103.220,18,Bottle,0.3953,481,313,500,343,570,5331
2067,103.279,18,Bottle,0.6282,506,316,524,346,540,5331
2067,103.279,18,Bottle,0.3432,1024,421,1063,544,4797,
2067,103.279,18,Cigarette,0.3237,1004,1346,1012,1364,144,3
2067,103.279,18,Bottle,0.2671,438,418,456,445,486,5331
2068,103.320,18,Bottle,0.7698,980,341,1003,373,736,5417
2068,103.320,18,Bottle,0.7456,531,317,548,349,544,5331
2068,103.320,18,Cigarette,0.4196,1004,1346,1012,1363,136,3
2069,103.379,18,Bottle,0.7663,557,321,574,352,527,5331
2069,103.379,18,Bottle,0.3582,1017,346,1037,378,640,5417
2069,103.379,18,Bottle,0.2507,990,349,1014,380,744,5417
2070,103.420,18,Bottle,0.8479,582,324,600,356,576,5331
2070,103.420,18,Cigarette,0.4489,1005,1346,1014,1362,144,3
2071,103.479,18,Cigarette,0.3902,1006,1345,1014,1361,128,3
2071,103.479,18,Bottle,0.3571,1089,357,1111,390,726,5417
2072,103.520,18,Cigarette,0.4422,1006,1345,1014,1361,128,3
2073,103.579,18,Cigarette,0.6361,1006,1344,1015,1361,153,3
2073,103.579,18,Bottle,0.5407,118,246,129,263,187,5434
2073,103.579,18,Bottle,0.2546,1158,373,1188,405,960,5417
2074,103.620,18,Bottle,0.5756,1205,385,1226,412,567,5417
2074,103.620,18,Cigarette,0.5295,1007,1344,1015,1361,136,3
2074,103.620,18,Cigarette,0.4881,1911,1075,1921,1087,120,1
2074,103.620,18,Bottle,0.4594,698,335,714,372,592,5331
2075,103.679,18,Bottle,0.7015,1248,392,1270,420,616,5417
2075,103.679,18,Cigarette,0.6063,1006,1344,1016,1360,160,3
2075,103.679,18,Bottle,0.5472,730,341,751,377,756,5331
2075,103.679,18,Cigarette,0.4238,1911,1075,1921,1088,130,1
2075,103.679,18,Bottle,0.2511,2510,641,2534,681,960,
2076,103.720,18,Bottle,0.4710,759,344,786,383,1053,5331
2076,103.720,18,Cigarette,0.4285,1007,1343,1016,1359,144,3
2076,103.720,18,Bottle,0.3531,1290,399,1311,428,609,5417
2077,103.779,18,Cigarette,0.6230,1007,1342,1017,1359,170,3
2077,103.779,18,Bottle,0.3981,1333,409,1356,437,644,5417
2078,103.820,18,Cigarette,0.6053,1007,1342,1017,1359,170,3
2079,103.879,18,Cigarette,0.4705,1008,1341,1017,1358,153,3
2080,103.920,18,Bottle,0.5574,1433,425,1452,467,798,5417
2080,103.920,18,Cigarette,0.5517,1009,1341,1017,1356,120,3
2081,103.994,18,Bottle,0.4943,1029,541,1079,635,4700,
2082,104.036,18,Bottle,0.3772,1000,468,1024,495,648,5331
2083,104.080,18,Bottle,0.4925,1088,431,1117,493,1798,
2083,104.080,18,Cigarette,0.3276,1007,412,1023,433,336,5331
2083,104.080,18,Bottle,0.3203,16,219,38,257,836,
2084,104.120,18,Cigarette,0.3277,1050,423,1068,446,414,5331
2085,104.179,18,Bottle,0.6700,1746,522,1772,577,1430,5417
2086,104.220,18,Bottle,0.4826,1172,417,1185,436,247,5331
2088,104.320,18,Bottle,0.2775,1267,433,1282,453,300,5331
2090,104.420,18,Bottle,0.4778,19,216,39,254,760,5434
2091,104.479,18,Bottle,0.4867,17,217,37,267,1000,5434
2091,104.479,18,Bottle,0.2936,36,249,56,291,840,5434
2092,104.520,18,Cigarette,0.5139,545,485,551,491,36,10
2092,104.520,18,Bottle,0.4327,32,248,52,290,840,5434
2093,104.579,18,Bottle,0.5368,39,272,45,284,72,5434
2093,104.579,18,Cigarette,0.3006,1835,1195,1869,1228,1122,1
2093,104.579,18,Bottle,0.2944,29,246,50,291,945,5434
2096,104.724,18,Bottle,0.8550,1502,417,1528,455,988,5471
2097,104.786,18,Cigarette,0.4283,1824,1060,1829,1066,30,1
2097,104.786,18,Bottle,0.3083,15,246,35,289,860,
2097,104.786,18,Bottle,0.2590,1675,749,1701,769,520,5331
2098,104.820,18,Bottle,0.4174,1821,620,1842,664,924,5331
2098,104.820,18,Bottle,0.3977,1825,623,1859,666,1462,5331
2099,104.879,18,Bottle,0.3986,1876,653,1898,710,1254,5331
2100,104.920,18,Bottle,0.4507,1929,649,1949,714,1300,5331
2100,104.920,18,Bottle,0.3447,1933,645,1949,689,704,5331
2100,104.920,18,Bottle,0.2738,648,627,663,688,915,10
2101,104.991,18,Bottle,0.3073,648,626,664,687,976,10
2102,105.031,18,Bottle,0.8025,2040,670,2061,715,945,5331
2102,105.031,18,Bottle,0.3755,648,625,663,687,930,10
2103,105.070,18,Cigarette,0.3696,1842,1052,1847,1059,35,1
2104,105.129,18,Cigarette,0.6287,1843,1052,1847,1059,28,1
2104,105.129,18,Bottle,0.3524,2138,763,2187,861,4802,
2105,105.170,18,Cigarette,0.6869,1843,1052,1847,1060,32,1
2105,105.170,18,Cigarette,0.2841,1028,1342,1038,1359,170,3
2106,105.229,18,Cigarette,0.4555,1843,1051,1846,1061,30,1
2107,105.271,18,Cigarette,0.5648,1843,1053,1847,1063,40,1
2107,105.271,18,Bottle,0.4292,648,625,664,688,1008,10
2108,105.329,18,Cigarette,0.4625,1844,1056,1848,1065,36,1
2108,105.329,18,Bottle,0.2746,648,626,665,689,1071,10
2109,105.370,18,Bottle,0.4278,1024,390,1057,456,2178,
2111,105.471,18,Cigarette,0.3685,1813,1155,1818,1158,15,1
2112,105.529,18,Bottle,0.4375,871,311,884,338,351,5493
2114,105.631,18,Bottle,0.2586,657,685,666,725,360,10
2116,105.729,18,Bottle,0.6069,739,299,751,322,276,5493
2116,105.729,18,Bottle,0.5256,701,351,716,385,510,5493
2116,105.729,18,Bottle,0.5242,824,223,838,248,350,5493
2121,106.003,18,Bottle,0.2877,657,689,666,729,360,10
2122,106.053,18,Bottle,0.3556,657,688,666,729,369,10
2123,106.079,18,Bottle,0.3403,657,689,666,728,351,10
2125,106.179,18,Bottle,0.2967,658,689,666,729,320,10
2129,106.379,18,Cigarette,0.4159,1869,999,1876,1008,63,1
2134,106.620,18,Cigarette,0.2825,1812,1154,1819,1159,35,1
2135,106.679,18,Cigarette,0.2727,1869,1000,1876,1006,42,1
2136,106.720,18,Cigarette,0.3389,1869,1000,1876,1006,42,1
2137,106.779,18,Cigarette,0.3910,1869,1000,1876,1006,42,1
2139,106.879,18,Bottle,0.2608,270,244,294,313,1656,
2143,107.079,18,Bottle,0.3269,1932,987,1957,1008,525,1
2150,107.420,18,Cigarette,0.5151,1870,1000,1876,1007,42,1
2150,107.420,18,Bottle,0.3974,578,619,603,706,2175,10
2151,107.479,18,Cigarette,0.5287,1870,1000,1876,1007,42,1
2151,107.479,18,Bottle,0.2515,578,618,603,704,2150,10
2152,107.520,18,Cigarette,0.5240,1870,1000,1876,1006,36,1
2153,107.579,18,Cigarette,0.5111,1870,1000,1876,1006,36,1
2153,107.579,18,knife,0.2813,999,1351,1025,1439,2288,3
2154,107.620,18,Cigarette,0.4412,1870,1000,1876,1006,36,1
2154,107.620,18,knife,0.3163,998,1350,1025,1439,2403,3
2155,107.679,18,Cigarette,0.4229,1869,999,1876,1006,49,1
2155,107.679,18,knife,0.3219,997,1350,1025,1439,2492,3
2156,107.722,18,knife,0.3182,997,1350,1025,1439,2492,3
2157,107.779,18,knife,0.3088,998,1350,1025,1439,2403,3
2157,107.779,18,Bottle,0.2567,96,248,115,295,893,
2158,107.820,18,knife,0.3148,998,1350,1026,1439,2492,3
2159,107.879,18,knife,0.3199,998,1350,1026,1439,2492,3
2160,107.920,18,Bottle,0.3955,1925,987,1954,1003,464,1
2160,107.920,18,knife,0.2708,1004,1347,1024,1440,1860,3
2161,108.001,18,Bottle,0.3281,16,216,40,258,1008,
2161,108.001,18,knife,0.2581,1005,1354,1021,1440,1376,3
2162,108.050,18,Bottle,0.4235,16,216,39,258,966,
2162,108.050,18,Bottle,0.3759,63,240,85,291,1122,
2163,108.079,18,Bottle,0.4436,16,217,39,257,920,
2163,108.079,18,Bottle,0.3276,56,242,78,291,1078,
2163,108.079,18,knife,0.2604,1005,1353,1022,1440,1479,3
2164,108.120,18,Bottle,0.2755,16,217,39,257,920,
2164,108.120,18,knife,0.2754,1005,1353,1022,1440,1479,3
2164,108.120,18,Bottle,0.2501,50,239,72,292,1166,
2165,108.179,18,Bottle,0.3457,42,237,62,291,1080,
2165,108.179,18,knife,0.2950,1005,1351,1022,1440,1513,3
2165,108.179,18,Bottle,0.2861,16,216,39,257,943,
2166,108.219,18,knife,0.3077,1005,1350,1023,1440,1620,3
2166,108.219,18,Bottle,0.2893,1925,989,1951,1004,390,1
2167,108.279,18,Bottle,0.3492,45,230,68,288,1334,
2167,108.279,18,knife,0.3337,1005,1349,1023,1440,1638,3
2168,108.320,18,Bottle,0.4645,31,226,55,289,1512,
2168,108.320,18,knife,0.3432,1005,1349,1023,1440,1638,3
2169,108.379,18,Bottle,0.5167,1925,987,1951,1003,416,1
2169,108.379,18,knife,0.3900,1004,1349,1023,1440,1729,3
2169,108.379,18,Bottle,0.3485,25,217,51,291,1924,
2170,108.420,18,knife,0.4085,1004,1348,1023,1440,1748,3
2171,108.479,18,Bottle,0.4814,14,224,37,289,1495,
2171,108.479,18,knife,0.4061,1003,1348,1023,1440,1840,3
2172,108.520,18,knife,0.3983,1004,1348,1023,1440,1748,3
2173,108.579,18,knife,0.3963,1000,1353,1024,1440,2088,3
2173,108.579,18,Bottle,0.3871,1924,987,1950,1003,416,1
2173,108.579,18,knife,0.2954,1793,1085,1878,1224,11815,1
2174,108.620,18,knife,0.3749,1004,1349,1023,1440,1729,3
2174,108.620,18,knife,0.2671,1793,1086,1878,1223,11645,1
2175,108.679,18,knife,0.3535,1004,1350,1022,1440,1620,3
2175,108.679,18,Bottle,0.3092,17,217,39,256,858,
2176,108.719,18,knife,0.3577,1004,1350,1022,1440,1620,3
2177,108.779,18,knife,0.3580,1004,1351,1022,1440,1602,3
2178,108.820,18,knife,0.3497,1004,1352,1022,1439,1566,3
2179,108.879,18,knife,0.3478,1004,1354,1021,1439,1445,3
2180,108.920,18,knife,0.3443,1005,1355,1021,1439,1344,3
2181,109.002,18,knife,0.3201,1005,1361,1021,1439,1248,3
2182,109.053,18,knife,0.3075,1005,1362,1021,1439,1232,3
2183,109.079,18,knife,0.3128,1005,1360,1021,1439,1264,3
2184,109.123,18,knife,0.3355,1005,1354,1022,1439,1445,3
2185,109.179,18,knife,0.2899,1005,1356,1021,1439,1328,3
2191,109.479,18,Bottle,0.2711,17,217,40,258,943,
2192,109.520,18,Bottle,0.2500,17,217,39,258,902,
2201,109.992,18,Bottle,0.3127,17,216,40,258,966,
2202,110.029,18,Bottle,0.2806,17,216,40,258,966,
2203,110.079,18,Bottle,0.3011,17,216,40,258,966,
2204,110.120,18,Bottle,0.2971,17,216,40,258,966,
2205,110.179,18,Bottle,0.2876,17,216,40,258,966,
2206,110.221,18,Bottle,0.2941,17,216,40,258,966,
2207,110.279,18,Bottle,0.3013,17,216,40,258,966,
2207,110.279,18,Cigarette,0.2938,1023,1348,1031,1363,120,3
2208,110.320,18,Bottle,0.2902,17,217,40,258,943,
2209,110.379,18,Bottle,0.2782,17,217,40,258,943,
2210,110.420,18,Bottle,0.2904,17,217,40,258,943,
2211,110.479,18,Cigarette,0.5162,599,501,610,505,44,10
2211,110.479,18,Bottle,0.2875,17,217,40,258,943,
2212,110.520,18,Bottle,0.2798,17,217,40,258,943,
2212,110.520,18,Cigarette,0.2713,600,501,610,505,40,10
2213,110.579,18,Cigarette,0.3609,602,502,610,506,32,10
2213,110.579,18,Bottle,0.2883,17,216,40,258,966,
2214,110.621,18,Bottle,0.2877,17,216,40,258,966,
2215,110.679,18,Bottle,0.2867,17,216,40,258,966,
2216,110.720,18,Bottle,0.2930,17,216,40,258,966,
2217,110.779,18,Bottle,0.2802,17,216,40,258,966,
2218,110.820,18,Bottle,0.2610,17,216,40,258,966,
2219,110.879,18,Bottle,0.2593,17,216,40,258,966,
2220,110.920,18,knife,0.2937,1001,1360,1022,1440,1680,3
2220,110.920,18,Bottle,0.2730,17,216,40,258,966,
2221,111.001,18,Bottle,0.2913,17,217,39,258,902,
2222,111.050,18,knife,0.3038,1002,1362,1022,1440,1560,3
2222,111.050,18,Bottle,0.2697,17,217,39,258,902,
2223,111.082,18,knife,0.3641,1002,1354,1023,1440,1806,3
2223,111.082,18,Bottle,0.2583,17,217,39,258,902,
2224,111.120,18,knife,0.3647,1002,1354,1023,1440,1806,3
2224,111.120,18,Bottle,0.2543,17,216,39,258,924,
2225,111.179,18,knife,0.3852,1001,1354,1023,1440,1892,3
2225,111.179,18,Bottle,0.2607,17,216,39,258,924,
2226,111.220,18,knife,0.3013,1002,1350,1022,1440,1800,3
2226,111.220,18,Bottle,0.2501,17,217,39,258,902,
2227,111.280,18,knife,0.2542,1002,1351,1021,1440,1691,3
2228,111.321,18,knife,0.2919,1003,1351,1021,1440,1602,3
2230,111.420,18,Cigarette,0.4608,528,463,536,466,24,10
2234,111.620,18,Bottle,0.2574,17,217,39,258,902,
2235,111.679,18,knife,0.2503,1004,1360,1019,1440,1200,3
2236,111.719,18,knife,0.2560,1003,1362,1019,1440,1248,3
2237,111.779,18,knife,0.2874,1003,1360,1019,1440,1280,3
2238,111.820,18,knife,0.2766,1004,1364,1018,1440,1064,3
2239,111.879,18,knife,0.2811,1003,1364,1018,1440,1140,3
2241,112.003,18,Bottle,0.4508,622,485,655,534,1617,10
2241,112.003,18,Bottle,0.3677,558,460,577,480,380,10
2242,112.056,18,Bottle,0.2590,1929,986,1949,1003,340,1
2243,112.079,18,Bottle,0.2922,1929,986,1949,1003,340,1
2244,112.120,18,Bottle,0.2647,1925,987,1949,1003,384,1
2245,112.180,18,Bottle,0.3018,1926,987,1949,1003,368,1
2246,112.222,18,Bottle,0.3423,1926,987,1949,1003,368,1
2265,113.180,18,knife,0.2587,1003,1369,1017,1439,980,3
2266,113.220,18,knife,0.2588,1003,1368,1018,1439,1065,3
2267,113.279,18,knife,0.2645,1003,1368,1018,1439,1065,3
2273,113.579,18,Bottle,0.3022,1755,1281,1784,1346,1885,1
2274,113.620,18,Bottle,0.3191,1755,1281,1784,1346,1885,1
2281,113.990,18,Bottle,0.2689,17,215,40,259,1012,
2282,114.032,18,Bottle,0.2645,17,215,40,259,1012,
2283,114.079,18,Bottle,0.2762,17,216,40,259,989,
2285,114.179,18,Bottle,0.2685,17,215,40,258,989,
2296,114.720,18,Bottle,0.2524,1756,1282,1787,1347,2015,1
2300,114.920,18,Bottle,0.6232,530,240,545,260,300,5647
2300,114.920,18,Bottle,0.4570,460,375,471,384,99,5647
2300,114.920,18,Bottle,0.3520,510,267,540,301,1020,5647
2301,114.993,18,Bottle,0.2844,17,216,39,258,924,
2302,115.042,18,Bottle,0.2874,17,216,39,258,924,
2303,115.079,18,Bottle,0.2705,17,216,39,258,924,
2304,115.120,18,Bottle,0.3179,17,216,39,258,924,
2305,115.180,18,Bottle,0.4512,385,255,413,287,896,5654
2305,115.180,18,Bottle,0.3313,17,216,39,258,924,
2306,115.220,18,Bottle,0.2607,17,216,39,258,924,
2307,115.280,18,Bottle,0.2700,17,216,39,258,924,
2308,115.320,18,Bottle,0.6603,2058,577,2112,670,5022,
2308,115.320,18,Bottle,0.2994,1755,1282,1786,1347,2015,1
2308,115.320,18,Bottle,0.2760,17,216,39,258,924,
2309,115.380,18,Bottle,0.5173,305,241,332,278,999,5667
2309,115.380,18,Bottle,0.3352,1755,1282,1786,1347,2015,1
2309,115.380,18,Bottle,0.2838,17,216,39,258,924,
2310,115.420,18,Bottle,0.2655,1755,1282,1785,1347,1950,1
2310,115.420,18,Bottle,0.2564,17,216,39,258,924,
2314,115.620,18,knife,0.2629,1005,1342,1025,1439,1940,3
2315,115.678,18,knife,0.2958,1000,1343,1027,1439,2592,3
2316,115.720,18,knife,0.3028,1000,1343,1027,1439,2592,3
2317,115.780,18,knife,0.3123,1000,1343,1027,1439,2592,3
2318,115.820,18,knife,0.3161,1000,1343,1027,1439,2592,3
2319,115.882,18,knife,0.3446,1001,1343,1028,1439,2592,3
2319,115.882,18,Bottle,0.2642,1754,1282,1785,1348,2046,1
2320,115.920,18,knife,0.3204,1001,1343,1027,1439,2496,3
2320,115.920,18,Bottle,0.2641,1754,1282,1785,1348,2046,1
2321,115.992,18,Bottle,0.4498,1755,1282,1785,1347,1950,1
2322,116.034,18,Bottle,0.4370,1754,1282,1783,1347,1885,1
2323,116.072,18,Bottle,0.4767,1754,1282,1783,1347,1885,1
2324,116.129,18,Bottle,0.4647,1754,1282,1783,1347,1885,1
2325,116.171,18,Bottle,0.4333,1755,1282,1783,1347,1820,1
2326,116.230,18,Bottle,0.4358,1755,1282,1784,1347,1885,1
2327,116.272,18,Bottle,0.4300,1755,1282,1784,1347,1885,1
2328,116.330,18,Bottle,0.4285,1755,1282,1784,1347,1885,1
2329,116.373,18,Bottle,0.4643,1754,1282,1783,1347,1885,1
2330,116.430,18,Bottle,0.4068,1755,1282,1784,1347,1885,1
2331,116.471,18,Bottle,0.3347,1755,1282,1784,1348,1914,1
2332,116.530,18,Bottle,0.3336,1755,1282,1784,1348,1914,1
2332,116.530,18,Bottle,0.2822,17,219,38,257,798,
2333,116.570,18,Bottle,0.3257,1755,1282,1784,1348,1914,1
2334,116.629,18,Bottle,0.3290,1755,1282,1784,1348,1914,1
2334,116.629,18,Bottle,0.3280,17,219,39,256,814,
2334,116.629,18,Bottle,0.3007,52,240,75,301,1403,
2335,116.670,18,Bottle,0.4168,42,227,69,298,1917,
2335,116.670,18,Bottle,0.3535,1755,1282,1784,1348,1914,1
2335,116.670,18,Bottle,0.2800,20,220,41,255,735,
2336,116.729,18,Bottle,0.4668,34,223,61,299,2052,
2336,116.729,18,Bottle,0.4201,1754,1281,1784,1346,1950,1
2336,116.729,18,Bottle,0.2560,20,220,39,259,741,
2337,116.770,18,Bottle,0.4591,32,227,56,297,1680,
2337,116.770,18,Bottle,0.4122,1754,1281,1784,1346,1950,1
2338,116.830,18,Bottle,0.5904,25,222,52,297,2025,
2338,116.830,18,Cigarette,0.3694,2506,599,2525,617,342,
2338,116.830,18,Cigarette,0.2888,1024,445,1043,469,456,5674
2338,116.830,18,Bottle,0.2751,1754,1282,1784,1347,1950,1
2339,116.870,18,Bottle,0.2583,1754,1282,1784,1347,1950,1
2340,116.929,18,Bottle,0.5749,925,410,954,461,1479,5674
2340,116.929,18,Bottle,0.2512,1754,1282,1784,1347,1950,1
2341,116.990,18,Bottle,0.3502,14,227,35,291,1344,
2345,117.180,18,Bottle,0.4584,2055,576,2109,681,5670,
2347,117.280,18,Bottle,0.5513,1960,540,2029,652,7728,
2354,117.620,18,Bottle,0.6129,728,270,745,296,442,5802
2355,117.680,18,Bottle,0.5542,690,269,705,292,345,5802
2356,117.720,18,Cigarette,0.2954,1491,574,1510,586,228,
2359,117.880,18,Bottle,0.3628,594,250,617,277,621,5802
2360,117.920,18,Cigarette,0.5407,1497,575,1514,586,187,
2363,118.070,18,knife,0.2716,1005,1367,1018,1439,936,3
2364,118.130,18,knife,0.2977,1005,1361,1020,1439,1170,3
2365,118.170,18,knife,0.2733,1005,1363,1019,1439,1064,3
2366,118.229,18,knife,0.3062,1005,1358,1020,1440,1230,3
2367,118.270,18,Bottle,0.3610,471,231,500,242,319,5802
2367,118.270,18,knife,0.2926,1004,1360,1020,1440,1280,3
2367,118.270,18,Bottle,0.2722,1755,1281,1784,1346,1885,1
2368,118.329,18,knife,0.2895,1005,1355,1021,1439,1344,3
2368,118.329,18,Bottle,0.2608,1755,1280,1784,1346,1914,1
2369,118.370,18,Bottle,0.2691,1755,1280,1784,1346,1914,1
2370,118.429,18,Bottle,0.2913,1755,1280,1784,1346,1914,1
2371,118.471,18,Cigarette,0.4732,1024,376,1041,397,357,
2371,118.471,18,Bottle,0.3002,1755,1280,1784,1346,1914,1
2376,118.731,18,Bottle,0.4107,1755,1281,1784,1346,1885,1
2376,118.731,18,Bottle,0.2902,342,338,353,347,99,5802
2377,118.770,18,Bottle,0.5857,1756,1280,1784,1346,1848,1
2377,118.770,18,Bottle,0.2502,287,242,294,276,238,5802
2378,118.830,18,Bottle,0.5925,1756,1280,1784,1346,1848,1
2378,118.830,18,Bottle,0.2796,710,289,729,312,437,5910
2379,118.870,18,Bottle,0.6244,1756,1281,1784,1345,1792,1
2379,118.870,18,knife,0.2744,1004,1344,1024,1439,1900,3
2380,118.930,18,Bottle,0.6299,644,286,670,322,936,5910
2380,118.930,18,knife,0.2969,1004,1344,1024,1439,1900,3
2381,118.993,18,Bottle,0.6117,616,290,636,319,580,5910
2381,118.993,18,Cigarette,0.3097,1812,1154,1819,1158,28,1
2382,119.040,18,Cigarette,0.3282,1812,1154,1818,1158,24,1
2382,119.040,18,knife,0.2827,1005,1342,1025,1439,1940,3
2383,119.079,18,Cigarette,0.2786,1812,1155,1818,1158,18,1
2383,119.079,18,knife,0.2631,1005,1342,1025,1440,1960,3
2384,119.120,18,knife,0.2610,1005,1342,1025,1440,1960,3
2385,119.180,18,Bottle,0.5165,528,266,547,305,741,5910
2385,119.180,18,Bottle,0.3192,1756,1280,1785,1347,1943,1
2385,119.180,18,Cigarette,0.2990,1812,1155,1819,1158,21,1
2385,119.180,18,Bottle,0.2530,523,327,535,340,156,5910
2386,119.220,18,Bottle,0.3677,1756,1280,1786,1347,2010,1
2386,119.220,18,knife,0.2508,1005,1343,1025,1440,1940,3
2387,119.279,18,Bottle,0.6401,480,279,499,318,741,5910
2387,119.279,18,Bottle,0.4364,1755,1280,1786,1346,2046,1
2388,119.320,18,Bottle,0.5566,465,271,473,306,280,5910
2388,119.320,18,Bottle,0.4199,1756,1280,1785,1346,1914,1
2389,119.380,18,Bottle,0.4424,1756,1280,1786,1346,1980,1
2390,119.420,18,Bottle,0.5301,1756,1280,1784,1346,1848,1
2390,119.420,18,Bottle,0.3015,434,266,455,295,609,5910
2391,119.480,18,Bottle,0.5177,1755,1279,1782,1345,1782,1
2391,119.480,18,Bottle,0.3247,417,258,434,293,595,5910
2391,119.480,18,knife,0.2560,1001,1344,1028,1440,2592,3
2392,119.520,18,Bottle,0.4825,1756,1279,1781,1345,1650,1
2393,119.580,18,Bottle,0.4477,1754,1278,1781,1344,1782,1
2394,119.620,18,Bottle,0.5314,1755,1279,1781,1344,1690,1
2394,119.620,18,knife,0.2617,1001,1344,1029,1439,2660,3
2395,119.679,18,Bottle,0.3172,1755,1278,1782,1344,1782,1
2395,119.679,18,knife,0.2894,1001,1343,1029,1439,2688,3
2396,119.721,18,knife,0.3001,1001,1343,1029,1439,2688,3
2397,119.779,18,knife,0.2909,1001,1344,1029,1439,2660,3
2398,119.820,18,Bottle,0.3126,1754,1279,1786,1345,2112,1
2398,119.820,18,knife,0.2690,1002,1344,1029,1439,2565,3
2404,120.120,18,Bottle,0.2938,1757,1284,1781,1349,1560,1
2405,120.180,18,Bottle,0.6077,1757,1285,1784,1350,1755,1
2406,120.220,18,Bottle,0.4145,1757,1286,1785,1351,1820,1
2407,120.279,18,Bottle,0.5246,1754,1287,1783,1351,1856,1
2408,120.320,18,Bottle,0.6519,1754,1286,1786,1351,2080,1
2409,120.379,18,Bottle,0.6960,1754,1287,1785,1352,2015,1
2410,120.421,18,Bottle,0.7593,1754,1287,1784,1352,1950,1
2411,120.480,18,Bottle,0.8170,1754,1287,1783,1352,1885,1
2412,120.520,18,Bottle,0.7468,1754,1287,1784,1351,1920,1
2412,120.520,18,knife,0.2853,1002,1344,1024,1440,2112,3
2413,120.579,18,Bottle,0.6128,1754,1287,1785,1352,2015,1
2414,120.620,18,Bottle,0.7038,1754,1287,1785,1352,2015,1
2414,120.620,18,Bottle,0.3802,148,242,159,256,154,6002
2414,120.620,18,Cigarette,0.3017,2249,441,2269,455,280,
2415,120.680,18,Bottle,0.5348,1754,1288,1785,1352,1984,1
2416,120.720,18,Bottle,0.5309,1753,1287,1785,1351,2048,1
2418,120.820,18,Bottle,0.2832,117,238,127,255,170,6002
2419,120.879,18,Bottle,0.2951,134,211,139,218,35,6002
2422,121.022,18,Bottle,0.2707,1036,588,1069,673,2805,
2422,121.022,18,knife,0.2622,1002,1367,1020,1440,1314,3
2424,121.121,18,knife,0.2897,1001,1366,1020,1440,1406,3
2425,121.179,18,knife,0.3054,1001,1361,1021,1440,1580,3
2426,121.221,18,knife,0.3605,1003,1347,1021,1440,1674,3
2427,121.279,18,knife,0.3303,1003,1349,1020,1440,1547,3
2428,121.321,18,Bottle,0.3998,16,216,40,256,960,
2428,121.321,18,knife,0.3995,1001,1357,1020,1440,1577,3
2428,121.321,18,Bottle,0.3363,51,227,79,282,1540,
2429,121.379,18,knife,0.3784,1002,1359,1020,1440,1458,3
2429,121.379,18,Bottle,0.2567,47,220,74,283,1701,
2430,121.420,18,knife,0.3624,1003,1348,1020,1440,1564,3
2430,121.420,18,Bottle,0.2687,39,228,65,284,1456,
2431,121.482,18,Bottle,0.3822,36,236,59,282,1058,
2431,121.482,18,knife,0.3534,1001,1359,1020,1440,1539,3
2431,121.482,18,Bottle,0.3499,16,217,39,256,897,
2432,121.522,18,knife,0.3720,1001,1358,1020,1440,1558,3
2432,121.522,18,Bottle,0.2947,30,240,52,283,946,
2433,121.579,18,Bottle,0.5901,28,223,50,283,1320,
2433,121.579,18,knife,0.3473,1003,1349,1019,1440,1456,3
2433,121.579,18,knife,0.2972,2085,470,2137,567,5044,
2434,121.620,18,Bottle,0.4302,21,222,44,282,1380,
2434,121.620,18,knife,0.3383,1003,1348,1019,1440,1472,3
2435,121.679,18,Bottle,0.3766,19,234,41,280,1012,6002
2435,121.679,18,knife,0.3570,1003,1349,1019,1440,1456,3
2436,121.720,18,knife,0.3591,1003,1349,1019,1440,1456,3
2436,121.720,18,Bottle,0.2627,14,244,34,279,700,
2437,121.780,18,Bottle,0.3390,11,231,31,279,960,
2437,121.780,18,knife,0.3265,1003,1352,1019,1440,1408,3
2438,121.821,18,knife,0.3369,1003,1352,1019,1440,1408,3
2439,121.879,18,knife,0.3382,1003,1353,1019,1440,1392,3
2441,121.979,18,knife,0.3051,1006,1358,1021,1440,1230,3
2442,122.020,18,knife,0.3454,1005,1354,1021,1440,1376,3
2443,122.079,18,knife,0.2964,1004,1356,1020,1440,1344,3
2444,122.120,18,Bottle,0.3062,29,305,49,364,1180,
2444,122.120,18,knife,0.2947,1004,1355,1020,1440,1360,3
2446,122.220,18,knife,0.2500,1003,1360,1022,1440,1520,3
2449,122.380,18,Bottle,0.2845,127,294,142,327,495,6038
2449,122.380,18,knife,0.2610,1004,1344,1023,1440,1824,3
2450,122.420,18,Bottle,0.3498,2001,387,2013,397,120,6020
2451,122.479,18,Bottle,0.3316,1997,485,2027,544,1770,6020
2452,122.521,18,Bottle,0.2660,2000,490,2030,548,1740,6020
2452,122.521,18,knife,0.2596,1004,1345,1023,1439,1786,3
2454,122.620,18,Bottle,0.2666,222,328,234,362,408,6038
2457,122.779,18,Cigarette,0.4557,1023,1346,1032,1359,117,3
2459,122.879,18,Bottle,0.5032,636,484,658,521,814,10
2459,122.879,18,Bottle,0.4106,1975,377,1983,385,64,6020
2460,122.922,18,Bottle,0.4947,636,485,658,521,792,10
2460,122.922,18,Bottle,0.3268,1954,485,1976,530,990,5093
2461,122.990,18,Bottle,0.2867,637,484,658,523,819,10
2461,122.990,18,Bottle,0.2552,1973,430,1994,466,756,5093
2462,123.024,18,knife,0.4359,1361,1257,1536,1376,20825,3
2463,123.081,18,Bottle,0.5792,635,485,659,522,888,10
2463,123.081,18,Bottle,0.3098,1965,379,1982,397,306,5093
2465,123.180,18,Cigarette,0.4642,1022,1348,1031,1363,135,3
2466,123.220,18,Cigarette,0.3905,1021,1345,1029,1360,120,3
2467,123.279,18,Bottle,0.6053,533,413,552,448,665,10
2468,123.321,18,Cigarette,0.7113,1018,1342,1027,1357,135,3
2468,123.321,18,knife,0.2614,1265,1373,1433,1435,10416,3
2469,123.379,18,Cigarette,0.6585,1018,1342,1026,1355,104,3
2470,123.420,18,Cigarette,0.2684,1018,1342,1026,1356,112,3
2471,123.479,18,Cigarette,0.5960,1018,1342,1026,1357,120,3
2472,123.520,18,Cigarette,0.4038,1018,1343,1026,1355,96,3
2473,123.579,18,Bottle,0.4046,960,534,983,558,552,6045
2480,123.921,18,Bottle,0.2624,638,485,658,523,760,10
2482,124.031,18,Cigarette,0.4050,1024,1342,1034,1355,130,3
2482,124.031,18,Bottle,0.3207,636,486,658,523,814,10
2483,124.081,18,Cigarette,0.4515,1024,1342,1034,1355,130,3
2484,124.121,18,Cigarette,0.4937,1025,1341,1035,1354,130,3
2487,124.281,18,knife,0.7101,2084,651,2090,679,168,6045
2488,124.321,18,Cigarette,0.5752,1031,1343,1040,1356,117,3
2488,124.321,18,Bottle,0.2854,2142,761,2191,863,4998,
2493,124.579,18,Cigarette,0.2633,1034,1344,1043,1361,153,3
2495,124.679,18,Cigarette,0.6882,1027,1347,1035,1358,88,3
2496,124.720,18,Cigarette,0.5000,1026,1348,1035,1360,108,3
2500,124.921,18,Cigarette,0.4385,1027,1349,1036,1362,117,3
2501,125.001,18,Cigarette,0.2592,1027,1349,1036,1364,135,3
2503,125.070,18,Cigarette,0.4419,1026,1349,1036,1364,150,3
2504,125.131,18,knife,0.4326,1785,1088,1885,1239,15100,1
2505,125.170,18,Cigarette,0.3748,1026,1345,1035,1360,135,3
2505,125.170,18,knife,0.2630,1785,1091,1886,1245,15554,1
2508,125.329,18,Cigarette,0.5555,1023,1346,1033,1362,160,3
2509,125.370,18,Cigarette,0.5652,1023,1347,1033,1363,160,3
2510,125.432,18,Cigarette,0.6748,1023,1347,1033,1363,160,3
2512,125.529,18,Cigarette,0.3490,1023,1347,1033,1365,180,3
2512,125.529,18,knife,0.2547,1785,1090,1885,1245,15500,1
2513,125.570,18,knife,0.3174,1784,1089,1885,1246,15857,1
2513,125.570,18,Cigarette,0.2587,1023,1348,1033,1366,180,3
2514,125.629,18,knife,0.3178,1784,1089,1885,1247,15958,1
2516,125.731,18,Cigarette,0.2667,1021,1349,1032,1369,220,3
2522,126.065,18,Cigarette,0.3612,1020,1351,1031,1373,242,3
2523,126.070,18,Cigarette,0.2770,1020,1354,1030,1372,180,3
2523,126.070,18,Bottle,0.2669,1755,1285,1787,1352,2144,1
2524,126.129,18,Bottle,0.3885,1754,1286,1787,1352,2178,1
2525,126.170,18,Cigarette,0.2580,1020,1354,1031,1373,209,3
2526,126.230,18,Cigarette,0.2808,1019,1355,1030,1375,220,3
2535,126.670,18,Cigarette,0.4271,2478,644,2515,692,1776,
2536,126.729,18,Cigarette,0.6866,2475,654,2499,685,744,
2537,126.770,18,Bottle,0.3279,1754,1288,1790,1353,2340,1
2538,126.829,18,Bottle,0.6256,1755,1288,1789,1353,2210,1
2538,126.829,18,Cigarette,0.2831,2520,593,2555,613,700,
2539,126.870,18,Bottle,0.5982,1755,1288,1789,1353,2210,1
2539,126.870,18,Bottle,0.3660,636,479,659,508,667,10
2539,126.870,18,Bottle,0.2622,1519,287,1535,335,768,
2540,126.930,18,Bottle,0.5938,1755,1288,1790,1354,2310,1
2540,126.930,18,Bottle,0.2734,1468,278,1492,331,1272,
2541,126.993,18,Bottle,0.7858,1755,1288,1789,1354,2244,1
2542,127.032,18,Bottle,0.7476,1755,1288,1789,1354,2244,1
2543,127.070,18,Bottle,0.6984,1755,1288,1789,1354,2244,1
2544,127.131,18,Bottle,0.5640,1755,1289,1789,1354,2210,1
2545,127.170,18,Bottle,0.4138,1755,1289,1789,1354,2210,1
2546,127.229,18,Bottle,0.3023,1755,1289,1791,1354,2340,1
2547,127.272,18,Cigarette,0.3451,2058,643,2088,691,1440,
2551,127.471,18,Bottle,0.5864,637,486,656,524,722,10
2552,127.532,18,Bottle,0.4945,637,486,656,523,703,10
2552,127.532,18,Bottle,0.2717,429,310,439,328,180,6087
2553,127.570,18,Bottle,0.4619,637,485,656,523,722,10
2554,127.629,18,Bottle,0.5815,637,486,656,523,703,10
2555,127.670,18,Bottle,0.3140,637,486,656,523,703,10
2557,127.770,18,Bottle,0.3064,638,484,656,523,702,10
2559,127.870,18,Cigarette,0.3805,1820,1061,1827,1066,35,1
2559,127.870,18,Cigarette,0.2933,582,362,596,379,238,
2561,127.974,18,Bottle,0.2583,17,218,40,259,943,
2562,128.029,18,Bottle,0.3887,748,356,759,378,242,6087
2563,128.071,18,Bottle,0.2544,638,487,660,525,836,10
2565,128.170,18,Bottle,0.5265,637,485,657,524,780,10
2565,128.170,18,Bottle,0.3712,1486,512,1541,610,5390,
2565,128.170,18,Cigarette,0.3235,814,395,830,415,320,6087
2570,128.429,18,Cigarette,0.2521,1059,438,1077,459,378,6087
2571,128.471,18,Bottle,0.2651,1753,1291,1794,1353,2542,1
2572,128.529,18,Bottle,0.2966,1753,1291,1791,1352,2318,1
2572,128.529,18,Bottle,0.2504,1854,1293,2049,1331,7410,
2573,128.570,18,knife,0.3081,1859,1289,1868,1326,333,6141
2574,128.629,18,Cigarette,0.5713,1845,1128,1861,1135,112,1
2574,128.629,18,Bottle,0.2775,1752,1291,1791,1352,2379,1
2578,128.830,18,Cigarette,0.5213,1523,576,1531,592,128,6087
2578,128.830,18,Bottle,0.3863,1753,1291,1794,1351,2460,1
2579,128.870,18,Bottle,0.3591,1754,1291,1789,1351,2100,1
2580,128.929,18,Bottle,0.5170,1754,1291,1789,1351,2100,1
2581,128.977,18,Bottle,0.5483,637,487,658,523,756,10
2581,128.977,18,Cigarette,0.4607,1020,1356,1030,1373,170,3
2582,129.031,18,Cigarette,0.6415,1019,1355,1029,1374,190,3
2582,129.031,18,Bottle,0.3983,637,487,658,523,756,10
2582,129.031,18,Bottle,0.2791,1848,623,1872,676,1272,6087
2583,129.070,18,Cigarette,0.3637,2500,562,2524,591,696,
2583,129.070,18,Cigarette,0.2557,1018,1354,1028,1372,180,3
2584,129.130,18,Cigarette,0.6622,1017,1354,1026,1372,162,3
2584,129.130,18,Bottle,0.4430,1987,783,2010,805,506,6087
2584,129.130,18,Bottle,0.3960,639,486,658,523,703,10
2585,129.170,18,Cigarette,0.6343,1016,1355,1026,1371,160,3
2585,129.170,18,Bottle,0.3831,638,485,658,524,780,10
2586,129.231,18,Bottle,0.4176,639,486,657,523,666,10
2587,129.270,18,Bottle,0.6499,639,486,658,523,703,10
2588,129.330,18,knife,0.4148,2495,569,2553,627,3364,
2589,129.371,18,Bottle,0.5263,638,486,657,523,703,10
2590,129.432,18,Bottle,0.5258,638,487,657,523,684,10
2591,129.470,18,Bottle,0.6312,638,487,657,523,684,10
2592,129.532,18,Bottle,0.5255,638,487,658,523,720,10
2592,129.532,18,Bottle,0.4306,1200,372,1216,390,288,6124
2593,129.570,18,Bottle,0.6490,638,486,657,523,703,10
2594,129.629,18,Bottle,0.6310,639,488,657,523,630,10
2594,129.629,18,Cigarette,0.3335,2251,481,2274,507,598,
2594,129.629,18,Bottle,0.2986,1206,406,1225,459,1007,6162
2595,129.670,18,Bottle,0.6232,638,487,657,523,684,10
2595,129.670,18,Cigarette,0.4434,1840,1067,1846,1074,42,1
2595,129.670,18,Bottle,0.3787,1173,400,1191,450,900,6162
2596,129.732,18,Cigarette,0.5808,1840,1064,1845,1072,40,1
2596,129.732,18,Bottle,0.3202,638,486,658,523,740,10
2597,129.771,18,Bottle,0.3992,638,486,658,523,740,10
2598,129.829,18,Bottle,0.4620,638,486,658,523,740,10
2599,129.871,18,Bottle,0.3467,639,486,658,523,703,10
2600,129.930,18,Bottle,0.5738,638,487,659,523,756,10
2602,130.023,18,Bottle,0.2969,638,488,658,523,700,10
2603,130.079,18,Bottle,0.3722,637,488,659,523,770,10
2604,130.120,18,Bottle,0.3925,895,425,907,455,360,6162
2605,130.181,18,Bottle,0.3985,638,488,658,523,700,10
2615,130.682,18,Bottle,0.4751,637,486,657,523,740,10
2616,130.720,18,Bottle,0.4008,637,486,657,523,740,10
2617,130.779,18,Bottle,0.6026,637,486,657,523,740,10
2617,130.779,18,Bottle,0.5536,700,279,711,300,231,6162
2617,130.779,18,Bottle,0.2644,330,341,335,365,120,6174
2618,130.821,18,Bottle,0.5828,638,487,658,523,720,10
2618,130.821,18,Bottle,0.2511,1720,512,1741,554,882,
2619,130.879,18,Bottle,0.4659,638,487,657,523,684,10
2620,130.919,18,Bottle,0.3780,637,486,657,523,740,10
2621,130.990,18,Bottle,0.2561,17,216,39,259,946,
2622,131.023,18,Bottle,0.2610,17,216,39,259,946,
2624,131.120,18,Bottle,0.2573,578,328,594,359,496,6162
2624,131.120,18,Bottle,0.2530,17,216,39,259,946,
2635,131.681,18,Bottle,0.3439,637,487,659,523,792,10
2636,131.720,18,Bottle,0.2592,637,486,659,523,814,10
2638,131.820,18,Bottle,0.4697,637,487,659,524,814,10
2639,131.881,18,Bottle,0.5649,637,487,659,523,792,10
2640,131.920,18,Bottle,0.3431,637,486,658,523,777,10
2640,131.920,18,Bottle,0.2863,326,225,346,245,400,6162
2642,132.025,18,Bottle,0.2781,560,453,576,496,688,10
2643,132.079,18,Bottle,0.4852,325,227,341,244,272,6162
2643,132.079,18,Bottle,0.2684,561,453,576,496,645,10
2644,132.120,18,Bottle,0.6318,560,453,575,494,615,10
2645,132.181,18,Bottle,0.5861,560,453,575,495,630,10
2646,132.220,18,Bottle,0.5570,561,453,575,496,602,10
2647,132.279,18,Bottle,0.3938,561,453,575,495,588,10
2648,132.320,18,Bottle,0.4015,561,453,575,495,588,10
2649,132.379,18,Bottle,0.5931,560,453,575,495,630,10
2650,132.420,18,Bottle,0.6869,638,488,659,523,735,10
2650,132.420,18,Bottle,0.2997,560,453,576,496,688,10
2651,132.480,18,Bottle,0.6876,638,488,659,523,735,10
2652,132.521,18,Cigarette,0.4149,1795,1070,1832,1104,1258,1
2654,132.624,18,Bottle,0.4921,560,453,575,494,615,10
2655,132.680,18,Bottle,0.5949,637,487,659,523,792,10
2655,132.680,18,Bottle,0.4538,560,453,575,495,630,10
2657,132.779,18,Bottle,0.4760,638,486,659,523,777,10
2658,132.820,18,Cigarette,0.3519,1790,1021,1810,1042,420,1
2659,132.879,18,Bottle,0.4932,560,453,575,495,630,10
2659,132.879,18,Cigarette,0.4709,1789,1019,1811,1038,418,1
2660,132.921,18,Bottle,0.4871,560,453,575,495,630,10
2661,132.990,18,Bottle,0.7996,638,486,659,522,756,10
2662,133.024,18,Bottle,0.4987,639,485,658,523,722,10
2662,133.024,18,knife,0.3120,1511,1414,1595,1437,1932,1
2663,133.080,18,Bottle,0.4961,639,485,658,523,722,10
2664,133.120,18,knife,0.6418,1440,1371,1535,1434,5985,1
2664,133.120,18,Bottle,0.4964,639,485,658,523,722,10
2665,133.180,18,knife,0.4361,1416,1359,1514,1421,6076,1
2665,133.180,18,Bottle,0.3187,639,485,659,522,740,10
2666,133.222,18,knife,0.4437,1405,1354,1510,1419,6825,1
2666,133.222,18,Cigarette,0.4039,1498,575,1514,586,176,
2666,133.222,18,knife,0.2741,1287,1278,1355,1440,11016,3
2667,133.279,18,Cigarette,0.4563,1497,575,1514,586,187,
2667,133.279,18,knife,0.3978,1401,1362,1492,1416,4914,1
2667,133.279,18,knife,0.3484,1288,1278,1355,1440,10854,3
2668,133.320,18,knife,0.6417,1396,1364,1501,1421,5985,1
2669,133.381,18,knife,0.6120,1405,1369,1510,1429,6300,1
2670,133.420,18,knife,0.6728,1425,1380,1535,1432,5720,1
2670,133.420,18,Cigarette,0.4676,1433,1313,1447,1328,210,1
2670,133.420,18,knife,0.2625,1287,1277,1356,1440,11247,3
2671,133.481,18,knife,0.5842,1444,1395,1556,1440,5040,1
2672,133.521,18,knife,0.4814,1450,1394,1536,1440,3956,1
2672,133.521,18,Bottle,0.2659,1218,433,1223,460,135,6262
2673,133.580,18,Bottle,0.7146,1224,370,1253,401,899,6262
2673,133.580,18,knife,0.5211,1449,1393,1536,1440,4089,1
2674,133.623,18,knife,0.4967,1449,1392,1536,1440,4176,1
2675,133.681,18,knife,0.5371,1450,1394,1536,1440,3956,1
2675,133.681,18,Bottle,0.2545,639,486,658,523,703,10
2676,133.721,18,knife,0.5225,1450,1394,1536,1440,3956,1
2676,133.721,18,Bottle,0.3706,638,487,657,523,684,10
2677,133.779,18,knife,0.3603,1449,1393,1536,1440,4089,1
2678,133.821,18,knife,0.4187,771,235,785,240,70,6124
2678,133.821,18,Bottle,0.3844,637,487,658,523,756,10
2679,133.879,18,Bottle,0.3600,638,488,658,523,700,10
2680,133.921,18,knife,0.3156,1450,1395,1536,1439,3784,1
2681,133.980,18,Cigarette,0.5723,453,448,462,452,36,6338
2681,133.980,18,Bottle,0.2821,636,487,657,525,798,10
2682,134.029,18,Bottle,0.3428,794,317,806,333,192,6124
2684,134.130,18,Cigarette,0.6663,1015,1355,1025,1370,150,3
2684,134.130,18,Bottle,0.3128,611,700,644,749,1617,10
2685,134.170,18,Bottle,0.4227,945,256,955,281,250,6262
2685,134.170,18,Cigarette,0.3033,1016,1355,1027,1371,176,3
2686,134.229,18,knife,0.5277,1509,1313,1524,1371,870,1
2687,134.270,18,Cigarette,0.2605,1020,1360,1029,1370,90,3
2689,134.370,18,knife,0.5030,1471,1120,1517,1183,2898,1
2689,134.370,18,knife,0.2816,1006,1358,1023,1439,1377,3
2689,134.370,18,Cigarette,0.2634,836,241,848,245,48,6262
2690,134.430,18,knife,0.3718,1005,1359,1023,1439,1440,3
2691,134.470,18,knife,0.4844,1497,1123,1526,1213,2610,1
2691,134.470,18,knife,0.4135,1004,1358,1023,1439,1539,3
2691,134.470,18,knife,0.3223,1449,1396,1536,1440,3828,1
2691,134.470,18,Bottle,0.2803,638,487,659,531,924,10
2692,134.532,18,knife,0.4050,1003,1359,1022,1439,1520,3
2692,134.532,18,Bottle,0.3826,832,219,853,241,462,6262
2692,134.532,18,knife,0.3255,1505,1122,1528,1199,1771,1
2693,134.571,18,knife,0.3920,1004,1360,1021,1439,1343,3
2693,134.571,18,knife,0.3421,1502,1123,1538,1198,2700,1
2693,134.571,18,Bottle,0.2680,1149,580,1212,678,6174,
2694,134.628,18,knife,0.3699,1004,1361,1019,1439,1170,3
2694,134.628,18,Bottle,0.2632,1222,576,1291,703,8763,
2695,134.670,18,knife,0.3150,1004,1363,1019,1439,1140,3
2696,134.731,18,knife,0.3129,1004,1362,1019,1439,1155,3
2696,134.731,18,Bottle,0.2805,637,488,660,525,851,10
2697,134.771,18,knife,0.3519,1002,1365,1017,1439,1110,3
2698,134.829,18,Bottle,0.4563,637,487,659,525,836,10
2698,134.829,18,Bottle,0.4062,714,297,745,329,992,6262
2698,134.829,18,knife,0.3237,1002,1364,1017,1439,1125,3
2698,134.829,18,Bottle,0.2791,1043,403,1080,469,2442,
2699,134.870,18,Bottle,0.4446,637,488,659,524,792,10
2699,134.870,18,knife,0.3010,1003,1366,1017,1439,1022,3
2699,134.870,18,Bottle,0.3000,1486,1192,1518,1280,2816,1
2699,134.870,18,Bottle,0.2809,1024,384,1056,464,2560,
2700,134.929,18,Bottle,0.4855,1488,1193,1516,1276,2324,1
2700,134.929,18,Cigarette,0.2984,1024,388,1042,412,432,
2700,134.929,18,knife,0.2650,1001,1367,1016,1439,1080,3
2701,134.975,18,Bottle,0.6269,95,331,97,344,26,6412
2701,134.975,18,knife,0.2652,998,1375,1015,1440,1105,3
2702,135.029,18,Bottle,0.4085,947,382,977,445,1890,
2702,135.029,18,Bottle,0.3556,1490,1191,1517,1283,2484,1
2702,135.029,18,knife,0.2931,998,1377,1014,1440,1008,3
2703,135.070,18,Bottle,0.8165,680,248,694,271,322,6124
2704,135.131,18,knife,0.2758,997,1368,1016,1440,1368,3
2705,135.171,18,Bottle,0.5902,679,248,690,269,231,6124
2707,135.270,18,knife,0.6610,1421,1018,1591,1163,24650,1
2707,135.270,18,Bottle,0.4735,835,227,843,241,112,6423
2708,135.330,18,knife,0.5030,1407,1031,1568,1132,16261,1
2709,135.370,18,Bottle,0.5625,661,288,667,315,162,6124
2709,135.370,18,Bottle,0.4530,541,275,566,303,700,6262
2709,135.370,18,knife,0.3404,1384,1026,1562,1118,16376,1
2710,135.429,18,knife,0.5503,1365,990,1588,1103,25199,1
2712,135.529,18,Bottle,0.5201,684,233,695,256,253,6124
2712,135.529,18,knife,0.2894,1345,998,1574,1054,12824,1
2713,135.570,18,knife,0.3607,1336,996,1588,1044,12096,1
2714,135.629,18,Bottle,0.6859,474,268,498,294,624,6262
2714,135.629,18,Cigarette,0.6037,1545,994,1559,1008,196,1
2716,135.732,18,Cigarette,0.6992,1539,988,1551,1002,168,1
2717,135.770,18,Cigarette,0.7516,1535,983,1547,998,180,1
2717,135.770,18,Cigarette,0.3058,1288,936,1305,979,731,
2718,135.830,18,Cigarette,0.6065,1529,979,1542,996,221,1
2718,135.830,18,knife,0.5410,1326,1364,1355,1440,2204,1
2719,135.871,18,knife,0.5605,1328,1364,1355,1440,2052,1
2719,135.871,18,Cigarette,0.5502,1524,975,1537,991,208,1
2720,135.929,18,knife,0.6614,1329,1364,1355,1440,1976,1
2720,135.929,18,Cigarette,0.6109,1519,974,1532,988,182,1
2721,135.990,18,Cigarette,0.6744,1516,970,1529,985,195,1
2721,135.990,18,knife,0.6727,1329,1366,1354,1440,1850,1
2721,135.990,18,Cigarette,0.4212,1298,908,1304,920,72,1
2721,135.990,18,Cigarette,0.2771,1502,959,1535,981,726,1
2722,136.021,18,Cigarette,0.7291,1512,969,1525,982,169,1
2722,136.021,18,knife,0.6612,1329,1367,1354,1440,1825,1
2723,136.079,18,Cigarette,0.6805,1508,968,1522,980,168,1
2723,136.079,18,knife,0.6696,1329,1368,1354,1440,1800,1
2724,136.120,18,knife,0.6841,1330,1368,1355,1440,1800,1
2724,136.120,18,knife,0.4262,1279,859,1312,906,1551,1
2724,136.120,18,Cigarette,0.4057,1504,966,1517,979,169,1
2725,136.182,18,knife,0.6453,1330,1368,1354,1440,1728,1
2725,136.182,18,Cigarette,0.2813,1500,969,1512,980,132,1
2726,136.222,18,knife,0.6340,1330,1368,1354,1440,1728,1
2727,136.280,18,knife,0.6505,1330,1367,1354,1440,1752,1
2727,136.280,18,Cigarette,0.5108,1284,930,1297,941,143,1
2728,136.321,18,knife,0.6249,1329,1366,1355,1440,1924,1
2729,136.380,18,knife,0.6159,1329,1364,1355,1440,1976,1
2729,136.380,18,knife,0.2942,1266,1281,1354,1438,13816,1
2730,136.424,18,knife,0.6306,1329,1364,1355,1440,1976,1
2730,136.424,18,knife,0.3679,1267,1281,1354,1437,13572,1
2731,136.481,18,knife,0.5905,1328,1363,1355,1440,2079,1
2731,136.481,18,Cigarette,0.3669,1013,1355,1023,1367,120,3
2732,136.521,18,Cigarette,0.3477,1013,1356,1023,1370,140,3
2732,136.521,18,knife,0.3363,1325,1364,1355,1440,2280,1
2733,136.581,18,knife,0.2734,1267,1281,1350,1436,12865,3
2734,136.620,18,knife,0.8109,1379,977,1471,1113,12512,1
2735,136.679,18,knife,0.7660,1385,974,1467,1103,10578,1
2735,136.679,18,Cigarette,0.3478,1015,1362,1027,1377,180,3
2736,136.720,18,knife,0.3062,1392,972,1465,1098,9198,1
2737,136.779,18,knife,0.2598,1405,973,1460,1106,7315,1
2738,136.820,18,knife,0.2584,1407,970,1472,1098,8320,1
2739,136.878,18,knife,0.3777,1398,967,1495,1100,12901,1
2740,136.920,18,knife,0.5868,1393,967,1499,1101,14204,1
2740,136.920,18,Bottle,0.2832,562,224,574,239,180,6124
2741,136.990,18,knife,0.4174,1392,972,1489,1108,13192,1
2741,136.990,18,knife,0.3821,2147,681,2222,704,1725,
2741,136.990,18,knife,0.2682,1005,1373,1018,1439,858,3
2742,137.022,18,knife,0.4038,1400,975,1480,1119,11520,1
2742,137.022,18,knife,0.2977,1003,1375,1017,1439,896,3
2743,137.079,18,Bottle,0.7331,814,483,829,524,615,6548
2743,137.079,18,knife,0.2657,1003,1373,1017,1439,924,3
2744,137.120,18,knife,0.2717,1004,1368,1017,1439,923,3
2745,137.179,18,Bottle,0.6747,2476,646,2514,716,2660,
2755,137.679,18,Bottle,0.5921,553,283,562,300,153,6124
2756,137.720,18,knife,0.2955,1465,1106,1498,1187,2673,1
2759,137.883,18,knife,0.5123,1331,1368,1354,1440,1656,1
2760,137.921,18,knife,0.3878,1333,1378,1355,1440,1364,1
2761,137.979,18,knife,0.2876,1334,1385,1355,1439,1134,1
2763,138.070,18,Bottle,0.3959,1285,1416,1308,1440,552,1
2763,138.070,18,knife,0.2676,1468,1116,1499,1192,2356,1
2764,138.129,18,Bottle,0.3956,1893,676,1911,726,900,6548
2765,138.170,18,knife,0.4091,1285,965,1491,1163,40788,1
2767,138.270,18,Bottle,0.5831,1313,1170,1352,1240,2730,1
2771,138.470,18,Cigarette,0.3089,46,294,73,351,1539,
2774,138.630,18,Cigarette,0.3276,1321,1159,1331,1180,210,1
2775,138.670,18,knife,0.6584,1272,994,1435,1165,27873,1
2779,138.871,18,Bottle,0.5189,561,452,576,497,675,10
2781,138.977,18,Bottle,0.3238,627,429,641,439,140,10
2782,139.029,18,Bottle,0.4521,168,363,174,378,90,6649
2783,139.070,18,Bottle,0.6597,92,255,102,271,160,6679
2783,139.070,18,Cigarette,0.2817,1310,1152,1317,1158,42,1
2784,139.129,18,knife,0.6222,1316,1366,1352,1440,2664,1
2785,139.171,18,Bottle,0.4867,84,251,94,270,190,6679
2785,139.171,18,knife,0.3794,1314,1362,1353,1440,3042,1
2789,139.371,18,Bottle,0.5889,246,373,252,390,102,6649
2790,139.429,18,Cigarette,0.3270,2507,615,2544,640,925,
2790,139.429,18,Bottle,0.2557,47,229,68,292,1323,
2792,139.529,18,Bottle,0.3247,41,230,64,293,1449,
2793,139.571,18,Bottle,0.3517,39,231,62,294,1449,
2795,139.671,18,knife,0.5060,1259,825,1405,999,25404,1
2795,139.671,18,Bottle,0.4084,33,229,56,290,1403,
2795,139.671,18,Bottle,0.2561,18,219,36,262,774,
2796,139.729,18,knife,0.5578,1265,825,1408,998,24739,1
2796,139.729,18,Bottle,0.4545,29,218,53,289,1704,
2797,139.773,18,Bottle,0.4518,28,222,51,289,1541,
2797,139.773,18,knife,0.3973,1275,828,1413,998,23460,1
2798,139.829,18,Bottle,0.4971,637,488,659,524,792,10
2798,139.829,18,Bottle,0.4734,26,220,49,289,1587,
2798,139.829,18,Cigarette,0.3527,1271,840,1287,852,192,1
2798,139.829,18,knife,0.3373,1280,836,1407,989,19431,1
2798,139.829,18,Cigarette,0.3350,1269,839,1282,843,52,1
2799,139.870,18,Bottle,0.5537,637,488,659,524,792,10
2799,139.870,18,Bottle,0.5474,22,218,46,286,1632,
2799,139.870,18,knife,0.5207,1280,845,1409,988,18447,1
2800,139.929,18,knife,0.6132,1278,863,1418,996,18620,1
2800,139.929,18,Bottle,0.3687,17,220,41,288,1632,
2801,139.975,18,Bottle,0.4756,377,271,400,291,460,6649
2801,139.975,18,Bottle,0.4614,15,232,37,288,1232,
2801,139.975,18,Bottle,0.3286,1325,1360,1360,1440,2800,1
2802,140.029,18,knife,0.4914,1333,1367,1359,1440,1898,1
2802,140.029,18,Bottle,0.4060,13,229,34,287,1218,
2802,140.029,18,Cigarette,0.3931,991,1378,1013,1391,286,
2803,140.070,18,Bottle,0.2804,1279,931,1416,1003,9864,1
2803,140.070,18,Bottle,0.2510,1292,1420,1314,1440,440,1
2804,140.130,18,Cigarette,0.2950,1308,985,1317,991,54,1
2804,140.130,18,Cigarette,0.2712,985,1363,1024,1374,429,
2807,140.270,18,Cigarette,0.4093,2479,645,2519,691,1840,
2808,140.329,18,Bottle,0.7401,560,453,575,497,660,10
2811,140.470,18,knife,0.3339,1274,951,1465,1037,16426,1
2812,140.529,18,knife,0.3146,1346,1410,1353,1439,203,1
2812,140.529,18,knife,0.2846,1317,951,1464,1032,11907,1
2815,140.670,18,Bottle,0.4000,1290,1414,1307,1440,442,1
2815,140.670,18,knife,0.3595,1309,958,1459,1031,10950,1
2815,140.670,18,Bottle,0.2690,1819,439,1867,504,3120,6728
2816,140.729,18,Bottle,0.3966,1290,1415,1305,1440,375,1
2817,140.771,18,Bottle,0.3973,1288,1414,1303,1440,390,1
2818,140.829,18,knife,0.2933,1296,944,1397,1005,6161,1
2819,140.871,18,Bottle,0.3682,1287,1417,1307,1440,460,1
2820,140.929,18,Bottle,0.3342,1288,1415,1304,1440,400,1
2822,141.031,18,Bottle,0.4408,1289,1415,1306,1440,425,1
2825,141.171,18,Bottle,0.4429,629,482,652,515,759,10
2825,141.171,18,Cigarette,0.2834,1292,978,1316,987,216,1
2826,141.229,18,knife,0.4663,1323,986,1431,1045,6372,1
2826,141.229,18,Bottle,0.4201,1290,1423,1308,1439,288,3
2826,141.229,18,Bottle,0.2823,629,481,652,515,782,10
2826,141.229,18,knife,0.2683,1279,1284,1359,1439,12400,1
2827,141.271,18,Cigarette,0.2792,1293,978,1310,989,187,
2828,141.329,18,Bottle,0.3758,630,481,652,513,704,10
2829,141.370,18,Bottle,0.5719,630,480,655,516,900,10
2829,141.370,18,Bottle,0.5055,550,534,565,563,435,10
2830,141.429,18,Bottle,0.7267,629,480,654,523,1075,10
2830,141.429,18,Bottle,0.3047,550,474,578,524,1400,10
2831,141.471,18,Bottle,0.5110,543,531,553,567,360,10
2832,141.529,18,Bottle,0.3379,551,533,566,563,450,10
2833,141.573,18,Cigarette,0.4711,1336,951,1343,957,42,1
2833,141.573,18,Bottle,0.2807,546,533,566,566,660,10
2834,141.629,18,knife,0.6114,1311,909,1446,1037,17280,1
2834,141.629,18,Bottle,0.4670,631,480,656,515,875,10
2834,141.629,18,Bottle,0.3310,1267,379,1276,402,207,6728
2834,141.629,18,Bottle,0.2976,548,534,568,565,620,10
2835,141.670,18,Bottle,0.7009,1377,328,1387,359,310,6728
2835,141.670,18,knife,0.6974,1318,892,1446,1038,18688,1
2835,141.670,18,Bottle,0.5463,631,479,655,512,792,10
2835,141.670,18,Bottle,0.5344,548,535,569,565,630,10
2836,141.729,18,Bottle,0.5088,632,479,657,515,900,10
2836,141.729,18,knife,0.3908,1321,894,1459,1044,20700,1
2836,141.729,18,Bottle,0.2619,552,535,568,565,480,10
2837,141.770,18,knife,0.3332,1300,911,1457,1045,21038,1
2838,141.829,18,Bottle,0.2771,551,502,563,522,240,10
2839,141.871,18,Bottle,0.3232,1286,366,1289,395,87,6728
2841,141.976,18,knife,0.2555,1288,1043,1456,1106,10584,1
2843,142.070,18,Cigarette,0.2842,1497,575,1515,587,216,
2844,142.129,18,Cigarette,0.3259,1496,575,1514,586,198,
2845,142.170,18,Bottle,0.3806,551,534,564,566,416,10
2847,142.270,18,Cigarette,0.4527,2502,601,2524,617,352,
2848,142.330,18,Cigarette,0.4330,2495,600,2513,614,252,
2851,142.470,18,knife,0.3377,1374,994,1502,1209,27520,1
2852,142.529,18,Bottle,0.2503,1032,405,1050,448,774,6728
2853,142.570,18,Cigarette,0.2745,1577,1214,1582,1227,65,1
2853,142.570,18,knife,0.2653,1374,1025,1493,1211,22134,1
2854,142.629,18,Bottle,0.7486,1005,381,1025,420,780,6728
2855,142.670,18,Bottle,0.7125,1000,378,1014,418,560,6728
2855,142.670,18,Cigarette,0.4575,2073,620,2107,644,816,
2855,142.670,18,Cigarette,0.3374,1589,1213,1599,1219,60,1
2855,142.670,18,Bottle,0.3287,2030,578,2110,734,12480,
2856,142.729,18,Bottle,0.4890,987,375,1002,416,615,6728
2857,142.770,18,Bottle,0.7278,963,375,983,413,760,6728
2857,142.770,18,knife,0.4698,1598,1146,1638,1218,2880,1
2857,142.770,18,Bottle,0.3323,1395,1198,1424,1278,2320,1
2858,142.829,18,knife,0.6027,1599,1150,1640,1219,2829,1
2858,142.829,18,Bottle,0.4646,956,373,972,411,608,6728
2858,142.829,18,Cigarette,0.3210,654,517,657,528,33,10
2858,142.829,18,Cigarette,0.3130,1617,1003,1634,1014,187,1
2859,142.871,18,Bottle,0.7872,940,391,952,433,504,6728
2859,142.871,18,Cigarette,0.2894,1621,1005,1637,1016,176,1
2859,142.871,18,knife,0.2848,1416,1028,1506,1228,18000,1
2860,142.929,18,knife,0.3917,1420,979,1536,1231,29232,1
2862,143.029,18,knife,0.3463,1283,1290,1360,1435,11165,3
2863,143.070,18,knife,0.2922,1282,1289,1359,1436,11319,3
2863,143.070,18,knife,0.2842,1538,1116,1570,1208,2944,1
2864,143.130,18,knife,0.3689,1276,1286,1356,1440,12320,3
2864,143.130,18,knife,0.3664,1331,1382,1356,1440,1450,3
2865,143.170,18,knife,0.3946,1332,1382,1355,1440,1334,3
2865,143.170,18,knife,0.2583,1275,1288,1349,1437,11026,3
2866,143.229,18,knife,0.3219,1333,1379,1358,1440,1525,3
2866,143.229,18,Bottle,0.3201,576,447,603,497,1350,10
2867,143.270,18,knife,0.5810,1332,1378,1358,1440,1612,3
2868,143.329,18,knife,0.6476,1332,1378,1358,1440,1612,3
2869,143.370,18,knife,0.6094,1332,1378,1357,1440,1550,3
2869,143.370,18,Bottle,0.2795,251,326,263,350,288,6856
2870,143.429,18,knife,0.6343,1329,1372,1357,1439,1876,3
2871,143.470,18,knife,0.6494,1325,1365,1354,1439,2146,3
2872,143.529,18,Bottle,0.3472,635,483,654,509,494,10
2872,143.529,18,knife,0.2542,1323,1362,1354,1440,2418,3
2873,143.570,18,knife,0.3916,1370,1399,1491,1436,4477,1
2874,143.630,18,knife,0.4962,1377,1396,1489,1440,4928,1
2875,143.671,18,knife,0.4686,1387,1396,1505,1439,5074,1
2876,143.729,18,knife,0.4355,1393,1397,1518,1439,5250,1
2877,143.771,18,knife,0.5145,1394,1397,1524,1439,5460,1
2878,143.829,18,knife,0.4973,1394,1398,1525,1439,5371,1
2878,143.829,18,Cigarette,0.4661,1015,1359,1025,1368,90,3
2879,143.871,18,knife,0.4695,1394,1398,1524,1438,5200,1
2879,143.871,18,Cigarette,0.4134,1016,1358,1024,1367,72,3
2880,143.933,18,Cigarette,0.5329,1016,1359,1025,1368,81,3
2880,143.933,18,knife,0.3774,1394,1399,1522,1437,4864,1
2881,143.976,18,Cigarette,0.5584,1015,1359,1024,1368,81,3
2881,143.976,18,Bottle,0.4098,635,483,658,511,644,10
2881,143.976,18,knife,0.4057,1330,1372,1356,1439,1742,3
2881,143.976,18,Bottle,0.2794,669,283,679,311,280,6888
2882,144.029,18,Cigarette,0.3137,1014,1359,1024,1369,100,3
2883,144.071,18,Bottle,0.7670,139,323,155,352,464,6894
2883,144.071,18,Bottle,0.5306,130,244,175,362,5310,6894
2884,144.129,18,Bottle,0.4618,143,248,187,368,5280,
2885,144.170,18,Bottle,0.6824,163,328,178,358,450,6894
2885,144.170,18,Bottle,0.6565,2477,644,2522,686,1890,
2885,144.170,18,Cigarette,0.3351,1710,1150,1719,1155,45,1
2887,144.270,18,Cigarette,0.4399,2490,606,2508,631,450,
2888,144.330,18,Bottle,0.2734,200,341,209,366,225,6894
2890,144.430,18,Bottle,0.3413,226,345,236,373,280,6894
2893,144.570,18,Bottle,0.4413,273,354,285,382,336,6894
2893,144.570,18,Bottle,0.3575,272,347,292,382,700,6894
2894,144.629,18,Bottle,0.4129,288,352,310,386,748,6894
2895,144.671,18,Bottle,0.3949,292,260,302,266,60,6894
2898,144.829,18,Bottle,0.3144,1927,593,1990,678,5355,
2898,144.829,18,Bottle,0.2523,383,258,394,276,198,6894
2899,144.870,18,Bottle,0.2947,1985,518,2005,549,620,
2900,144.931,18,Bottle,0.3084,555,596,598,646,2150,10
2901,144.976,18,Bottle,0.3229,447,373,464,404,527,6894
2901,144.976,18,Bottle,0.2543,477,311,487,340,290,6894
2902,145.029,18,Bottle,0.3287,458,377,491,405,924,6894
2906,145.229,18,Bottle,0.5250,597,395,612,431,540,6894
2907,145.270,18,knife,0.3638,1337,1386,1352,1440,810,3
2909,145.370,18,Bottle,0.5809,699,281,714,300,285,6894
2913,145.570,18,Bottle,0.4860,839,297,850,312,165,6894
2915,145.670,18,knife,0.3607,948,465,963,498,495,6894
2916,145.729,18,knife,0.6092,1887,518,1899,565,564,6991
2917,145.771,18,knife,0.6862,1946,540,1957,579,429,6991
2918,145.829,18,knife,0.7422,2003,554,2015,593,468,6991
2919,145.870,18,knife,0.4322,1151,502,1165,535,462,6894
2922,146.029,18,Bottle,0.4188,224,409,240,437,448,7016
2923,146.070,18,Bottle,0.6526,235,411,251,437,416,7016
2924,146.129,18,Bottle,0.7002,246,413,260,437,336,7016
2925,146.170,18,Bottle,0.4770,257,413,270,438,325,7016
2925,146.170,18,Bottle,0.3957,222,349,253,370,651,7016
2926,146.229,18,Bottle,0.2915,268,412,279,439,297,7016
2927,146.271,18,Cigarette,0.3042,575,443,579,449,24,10
2927,146.271,18,Bottle,0.2793,278,411,293,440,435,7016
2927,146.271,18,Bottle,0.2585,283,474,293,494,200,7016
2928,146.329,18,Bottle,0.5070,284,409,303,443,646,7016
2928,146.329,18,Bottle,0.3706,1106,407,1135,473,1914,
2929,146.370,18,Bottle,0.4381,293,415,316,445,690,7016
2929,146.370,18,knife,0.3888,2086,461,2105,509,912,7083
2930,146.429,18,Bottle,0.5329,658,343,671,369,338,7036
2930,146.429,18,Bottle,0.4927,2078,565,2088,587,220,7083
2931,146.471,18,Bottle,0.7142,653,344,663,370,260,7036
2931,146.471,18,knife,0.4348,1834,646,1846,676,360,6894
2931,146.471,18,knife,0.3997,1335,1349,1350,1377,420,3
2932,146.529,18,Bottle,0.3896,543,538,555,579,492,10
2932,146.529,18,Cigarette,0.2778,1024,602,1041,620,306,
2933,146.570,18,Bottle,0.4958,313,350,345,372,704,7016
2933,146.570,18,Cigarette,0.4162,974,532,985,540,88,6888
2933,146.570,18,Bottle,0.3870,1026,470,1088,611,8742,
2933,146.570,18,knife,0.3240,1944,673,1960,701,448,6894
2933,146.570,18,Bottle,0.3062,357,463,366,490,243,7016
2933,146.570,18,Bottle,0.2808,543,538,554,578,440,10
2933,146.570,18,Bottle,0.2782,568,267,593,296,725,7036
2934,146.629,18,Bottle,0.5977,325,348,356,371,713,7016
2934,146.629,18,Bottle,0.4997,543,538,555,578,480,10
2934,146.629,18,Bottle,0.2550,2057,450,2079,467,374,7083
2935,146.671,18,Bottle,0.5449,2022,552,2048,569,442,6894
2935,146.671,18,Bottle,0.3722,954,362,976,408,1012,6888
2936,146.736,18,Bottle,0.3851,400,472,411,495,253,7016
2936,146.736,18,knife,0.2642,1397,1235,1421,1293,1392,1
2937,146.770,18,Bottle,0.7549,414,466,429,499,495,7016
2937,146.770,18,Bottle,0.5701,2067,556,2084,576,340,7083
2937,146.770,18,Cigarette,0.3714,1310,1152,1316,1157,30,3
2938,146.829,18,Bottle,0.8547,2055,551,2074,571,380,7083
2939,146.870,18,Bottle,0.5230,445,468,457,498,360,7016
2939,146.870,18,Bottle,0.5093,758,244,765,263,133,6998
2939,146.870,18,Bottle,0.3404,2022,554,2049,568,378,7128
2940,146.929,18,Bottle,0.3624,440,425,460,461,720,7016
2943,147.071,18,Bottle,0.6474,2007,426,2028,446,420,7128
2945,147.173,18,Bottle,0.2566,1994,424,2022,448,672,7128
2947,147.270,18,Bottle,0.8093,2015,535,2035,557,440,7128
2947,147.270,18,Bottle,0.4720,22,218,47,285,1675,
2948,147.329,18,Bottle,0.3535,22,225,43,282,1197,
2949,147.370,18,Bottle,0.6909,1868,675,1893,705,750,6888
2950,147.429,18,Bottle,0.2843,1930,690,1954,719,696,6888
2951,147.470,18,knife,0.4603,2018,627,2032,649,308,6888
2952,147.529,18,knife,0.2963,2061,795,2094,810,495,6888
2953,147.570,18,Bottle,0.3181,566,338,572,361,138,6864
2954,147.629,18,Bottle,0.4972,1925,511,1940,535,360,7128
2954,147.629,18,Bottle,0.3883,339,346,362,372,598,7155
2956,147.733,18,Bottle,0.3337,1923,500,1938,535,525,7128
2956,147.733,18,Bottle,0.2645,729,450,744,482,480,7203
2957,147.771,18,Bottle,0.6171,753,452,766,484,416,7203
2957,147.771,18,Bottle,0.5727,1963,531,1985,549,396,7128
2957,147.771,18,Bottle,0.5069,1920,503,1935,534,465,7128
2958,147.829,18,Bottle,0.8025,1955,520,1973,544,432,7128
2958,147.829,18,Bottle,0.6006,1919,503,1935,534,496,7128
2959,147.871,18,Bottle,0.6151,726,480,736,513,330,7203
2959,147.871,18,Bottle,0.5946,730,371,744,412,574,7203
2959,147.871,18,Bottle,0.5169,802,458,815,490,416,7203
2959,147.871,18,Bottle,0.2560,731,390,744,412,286,7203
2960,147.930,18,Bottle,0.2554,826,460,844,493,594,7203
2961,147.976,18,Bottle,0.8261,774,488,784,520,320,7016
2962,148.011,18,Bottle,0.2510,809,528,859,577,2450,7203
2963,148.071,18,Bottle,0.3263,905,467,925,505,760,7203
2964,148.129,18,Bottle,0.8079,854,497,863,532,315,7203
2964,148.129,18,Bottle,0.6319,932,472,948,509,592,7203
2965,148.170,18,Bottle,0.7669,877,500,889,536,432,7203
2965,148.170,18,Bottle,0.5841,882,501,888,536,210,7203
2965,148.170,18,Bottle,0.5270,958,474,977,513,741,7203
2966,148.237,18,Bottle,0.8169,901,503,916,541,570,7203
2967,148.270,18,Bottle,0.7157,929,507,944,545,570,7203
2967,148.270,18,Bottle,0.6028,990,424,1010,460,720,7203
2967,148.270,18,knife,0.4918,1280,1395,1305,1439,1100,3
2967,148.270,18,Bottle,0.4379,929,393,941,438,540,7203
2967,148.270,18,knife,0.2677,1278,1271,1349,1440,11999,3
2968,148.329,18,Bottle,0.3409,1043,488,1054,526,418,7203
2968,148.329,18,Bottle,0.3043,956,512,971,549,555,7203
2969,148.370,18,Bottle,0.6033,987,519,999,554,420,7203
2969,148.370,18,Bottle,0.2660,1282,1399,1306,1440,984,3
2972,148.529,18,knife,0.2509,1330,1366,1357,1440,1998,3
2975,148.671,18,Bottle,0.5395,158,388,181,415,621,7155
2975,148.671,18,Bottle,0.2671,1160,548,1174,587,546,7203
2976,148.735,18,Bottle,0.2774,1192,556,1204,593,444,7203
2981,148.991,18,Bottle,0.7243,1426,427,1442,461,544,7257
2982,149.029,18,Bottle,0.3684,1379,591,1395,627,576,7203
2982,149.029,18,Bottle,0.3150,1281,1420,1295,1440,280,3
2983,149.079,18,Bottle,0.4941,1412,598,1428,635,592,7203
2983,149.079,18,Bottle,0.3544,1281,1420,1295,1440,280,3
2983,149.079,18,Cigarette,0.2999,1017,1358,1026,1368,90,3
2984,149.119,18,Bottle,0.6587,1447,606,1463,643,592,7203
2984,149.119,18,Bottle,0.3650,1281,1420,1296,1439,285,3
2985,149.179,18,Bottle,0.5723,1481,616,1498,652,612,7203
2985,149.179,18,Bottle,0.4706,1281,1421,1297,1439,288,3
2986,149.221,18,Bottle,0.5562,1516,622,1533,659,629,7203
2986,149.221,18,Bottle,0.3365,1281,1420,1297,1440,320,3
2986,149.221,18,Bottle,0.3280,1503,451,1555,492,2132,7016
2987,149.261,18,Bottle,0.6763,1555,626,1569,667,574,7203
2987,149.261,18,Bottle,0.5069,1280,1421,1300,1439,360,3
2987,149.261,18,Bottle,0.3940,1540,458,1588,498,1920,7016
2987,149.261,18,Bottle,0.2822,1555,708,1574,744,684,7203
2987,149.261,18,Cigarette,0.2587,1008,1359,1025,1377,306,3
2988,149.319,18,Bottle,0.7238,1588,639,1605,675,612,7203
2988,149.319,18,Bottle,0.4883,1280,1422,1304,1439,408,3
2988,149.319,18,Bottle,0.3963,1684,586,1716,626,1280,7203
2988,149.319,18,Bottle,0.3437,1593,716,1607,748,448,7203
2988,149.319,18,Cigarette,0.3263,1008,1359,1026,1379,360,3
2989,149.379,18,Bottle,0.6608,1625,646,1642,683,629,7203
2989,149.379,18,Cigarette,0.4985,1009,1358,1026,1379,357,3
2989,149.379,18,Bottle,0.4945,1717,602,1732,656,810,7203
2989,149.379,18,Bottle,0.4482,1282,1422,1303,1440,378,3
2989,149.379,18,Bottle,0.4285,1722,595,1752,633,1140,7203
2989,149.379,18,Bottle,0.2595,1525,1028,1599,1158,9620,1
2990,149.421,18,Bottle,0.3104,1283,1422,1304,1440,378,3
2990,149.421,18,Cigarette,0.2774,1009,1358,1027,1378,360,3
2991,149.461,18,Bottle,0.6972,1699,663,1716,702,663,7203
2991,149.461,18,Bottle,0.2973,1282,1423,1303,1440,357,3
2991,149.461,18,Bottle,0.2794,1808,643,1820,687,528,7203
2992,149.520,18,Bottle,0.4432,1736,675,1756,711,720,7203
2993,149.560,18,Bottle,0.6370,1776,685,1793,721,612,7257
2994,149.620,18,Bottle,0.4153,1812,695,1832,731,720,7203
2995,149.660,18,Bottle,0.4673,1283,1419,1307,1440,504,3
2995,149.660,18,Bottle,0.4414,1852,704,1870,740,648,7016
2996,149.719,18,Bottle,0.6561,1975,664,1994,728,1216,7257
2996,149.719,18,Bottle,0.6193,1890,713,1908,749,648,7257
2997,149.760,18,Bottle,0.3982,1283,1412,1307,1440,672,3
2997,149.760,18,Cigarette,0.3962,1010,1359,1027,1377,306,3
2998,149.822,18,Bottle,0.7469,2053,691,2076,759,1564,7203
2998,149.822,18,Cigarette,0.4672,1010,1358,1027,1377,323,3
2998,149.822,18,Bottle,0.4160,1967,733,1986,768,665,7203
2998,149.822,18,Bottle,0.3021,1923,747,1955,778,992,7016
2999,149.861,18,Bottle,0.6880,2005,743,2023,779,648,7016
2999,149.861,18,Cigarette,0.4868,1011,1358,1026,1377,285,3
3000,149.920,18,Cigarette,0.3257,1011,1359,1026,1377,270,3
3004,150.119,18,Cigarette,0.2937,1011,1359,1027,1376,272,3
3018,150.819,18,Cigarette,0.5905,639,427,655,431,64,10
3019,150.861,18,Cigarette,0.2641,640,427,660,431,80,10
3020,150.920,18,Cigarette,0.2707,641,427,661,432,100,10
3029,151.370,18,Bottle,0.3881,2050,578,2112,672,5828,
3042,152.025,18,Cigarette,0.3461,1019,1372,1027,1388,128,3
3042,152.025,18,Bottle,0.2697,1541,996,1632,1144,13468,1
3043,152.060,18,Bottle,0.5120,1538,995,1633,1146,14345,1
3045,152.160,18,Bottle,0.2883,1540,998,1635,1145,13965,1
3048,152.319,18,Bottle,0.2957,545,538,555,577,390,10
3049,152.361,18,Bottle,0.3007,545,538,555,577,390,10
3054,152.619,18,Bottle,0.5548,546,556,556,579,230,10
3055,152.661,18,Bottle,0.3576,546,556,555,580,216,10
3056,152.720,18,Bottle,0.3314,546,555,555,580,225,10
3057,152.763,18,Bottle,0.3488,546,555,555,580,225,10
3059,152.860,18,Cigarette,0.3366,2478,646,2515,690,1628,
3061,152.992,18,Cigarette,0.4394,1010,1359,1021,1375,176,3
3061,152.992,18,knife,0.2979,982,1362,1008,1440,2028,3
3062,153.030,18,knife,0.2831,984,1360,1009,1440,2000,3
3063,153.077,18,Cigarette,0.2505,2483,666,2550,693,1809,
3066,153.210,18,Cigarette,0.3636,2473,657,2521,683,1248,
3066,153.210,18,Cigarette,0.3355,1024,389,1034,415,260,
3070,153.410,18,Cigarette,0.4282,2088,546,2100,577,372,
3070,153.410,18,Bottle,0.3263,829,234,843,248,196,7407
3072,153.510,18,Bottle,0.2632,756,231,765,263,288,7407
3075,153.669,18,Bottle,0.4280,324,226,350,243,442,7414
3075,153.669,18,Bottle,0.3946,1877,766,2037,1004,38080,
3076,153.710,18,Bottle,0.6634,326,226,342,242,256,7414
3076,153.710,18,Bottle,0.2861,325,224,357,242,576,7414
3077,153.770,18,Bottle,0.5065,1820,810,1975,1012,31310,
3077,153.770,18,knife,0.3360,2143,768,2176,862,3102,
3078,153.810,18,Bottle,0.6376,1928,748,1953,821,1825,
3078,153.810,18,Bottle,0.4666,324,222,343,242,380,7414
3078,153.810,18,Bottle,0.4636,1794,826,1940,1011,27010,
3079,153.870,18,Bottle,0.3422,1971,835,2029,888,3074,7441
3080,153.910,18,Cigarette,0.2880,253,338,264,344,66,7414
3080,153.910,18,Bottle,0.2746,1875,749,1890,794,675,7441
3081,153.977,18,Bottle,0.4149,224,281,239,306,375,7414
3082,154.013,18,Bottle,0.6673,209,278,225,306,448,7414
3083,154.070,18,Bottle,0.4882,1864,839,1931,902,4221,7441
3083,154.070,18,Bottle,0.2535,1798,747,1819,803,1176,7441
3084,154.111,18,Bottle,0.3759,1352,1411,1368,1439,448,1
3085,154.169,18,Bottle,0.3967,1859,674,1925,719,2970,7441
3085,154.169,18,Bottle,0.3661,1803,840,1877,909,5106,7441
3086,154.210,18,Bottle,0.6615,1774,844,1846,912,4896,7441
3087,154.271,18,Bottle,0.4925,1675,748,1695,805,1140,7441
3087,154.271,18,Bottle,0.2565,1351,1411,1366,1439,420,1
3088,154.310,18,Bottle,0.4354,1351,1411,1365,1439,392,1
3089,154.369,18,Bottle,0.5150,1610,746,1636,807,1586,7441
3089,154.369,18,Bottle,0.4132,1351,1411,1366,1439,420,1
3091,154.469,18,Bottle,0.5404,1547,746,1571,809,1512,7441
3091,154.469,18,Bottle,0.2607,1349,1412,1363,1439,378,1
3093,154.570,18,Bottle,0.6921,1465,749,1501,843,3384,
3097,154.769,18,knife,0.4341,61,227,64,231,12,7414
3097,154.769,18,knife,0.3157,1398,880,1444,908,1288,1
3098,154.810,18,Bottle,0.4754,1361,863,1407,913,2300,1
3098,154.810,18,Bottle,0.3515,51,271,71,322,1020,7414
3098,154.810,18,Bottle,0.2963,1298,755,1319,815,1260,7441
3099,154.869,18,Bottle,0.7624,1320,865,1368,917,2496,1
3101,154.977,18,Bottle,0.3508,2474,651,2511,715,2368,
3103,155.069,18,Cigarette,0.2669,1252,693,1281,721,812,7441
3104,155.110,18,Bottle,0.4383,1112,871,1142,924,1590,7441
3104,155.110,18,Bottle,0.3706,1114,869,1162,934,3120,7441
3104,155.110,18,Bottle,0.3025,1037,773,1093,864,5096,7441
3106,155.210,18,Bottle,0.3211,1536,1000,1638,1144,14688,1
3106,155.210,18,Bottle,0.3099,1024,872,1058,941,2346,7441
3109,155.370,18,Bottle,0.3925,888,894,934,959,2990,7441
3110,155.410,18,Bottle,0.3858,840,906,886,963,2622,7441
3110,155.410,18,Bottle,0.3382,801,786,825,855,1656,7441
3111,155.469,18,Bottle,0.3994,752,790,781,862,2088,7441
3111,155.469,18,Bottle,0.3266,795,915,839,970,2420,7441
3113,155.569,18,Bottle,0.2771,667,798,701,864,2244,7441
3115,155.670,18,Bottle,0.3315,575,803,595,859,1120,7441
3118,155.810,18,Cigarette,0.3443,1011,1350,1020,1365,135,3
3119,155.869,18,Cigarette,0.5517,1011,1350,1021,1365,150,3
3120,155.910,18,Cigarette,0.3529,1011,1350,1020,1366,144,3
3121,155.977,18,Cigarette,0.5423,1011,1351,1020,1365,126,3
3122,156.010,18,Bottle,0.4054,287,1082,316,1135,1537,7441
3122,156.010,18,Cigarette,0.3631,1011,1351,1020,1366,135,3
3123,156.069,18,Cigarette,0.3452,1011,1351,1020,1366,135,3
3124,156.110,18,Bottle,0.6973,210,1081,237,1139,1566,7441
3124,156.110,18,Bottle,0.2563,192,820,214,864,968,7441
3125,156.169,18,Bottle,0.4921,150,822,180,925,3090,7441
3125,156.169,18,Bottle,0.4182,153,822,177,864,1008,7441
3125,156.169,18,Cigarette,0.3204,1010,1351,1020,1368,170,3
3125,156.169,18,Bottle,0.2761,142,966,175,1010,1452,7441
3125,156.169,18,Bottle,0.2713,16,220,38,260,880,
3126,156.210,18,Bottle,0.4743,118,827,145,897,1890,7441
3126,156.210,18,Bottle,0.4020,17,219,38,261,882,
3126,156.210,18,Cigarette,0.2976,1010,1352,1020,1369,170,3
3127,156.269,18,Bottle,0.4453,2065,576,2113,667,4368,
3127,156.269,18,Cigarette,0.3617,1010,1353,1020,1369,160,3
3127,156.269,18,Bottle,0.3299,59,924,102,1011,3741,7441
3127,156.269,18,Bottle,0.2749,87,250,111,292,1008,
3128,156.310,18,Cigarette,0.3050,1010,1353,1020,1369,160,3
3128,156.310,18,Bottle,0.2882,88,247,113,292,1125,
3128,156.310,18,Bottle,0.2505,0,917,30,1023,3180,7441
3129,156.369,18,Cigarette,0.3325,1010,1353,1020,1369,160,3
3130,156.410,18,Bottle,0.4929,1352,1412,1367,1439,405,1
3131,156.469,18,Bottle,0.4902,1352,1412,1367,1439,405,1
3131,156.469,18,Cigarette,0.2870,1010,1356,1019,1370,126,3
3131,156.469,18,Bottle,0.2698,547,556,554,578,154,10
3132,156.510,18,Bottle,0.6208,116,956,236,1184,27360,7441
3132,156.510,18,Bottle,0.4067,1352,1412,1367,1439,405,1
3132,156.510,18,Cigarette,0.4047,1010,1357,1019,1370,117,3
3132,156.510,18,Bottle,0.3917,16,219,37,259,840,
3132,156.510,18,Bottle,0.2683,547,556,554,578,154,10
3133,156.569,18,Cigarette,0.4606,1010,1356,1020,1370,140,3
3133,156.569,18,Bottle,0.4527,16,219,37,260,861,
3133,156.569,18,Bottle,0.3390,1352,1412,1368,1439,432,1
3133,156.569,18,Bottle,0.3280,53,246,77,291,1080,
3134,156.610,18,Cigarette,0.5562,1010,1357,1019,1370,117,3
3134,156.610,18,Bottle,0.4617,47,220,74,290,1890,
3134,156.610,18,Bottle,0.3469,16,216,38,260,968,
3135,156.669,18,Bottle,0.5783,42,215,70,290,2100,
3135,156.669,18,Cigarette,0.5313,1010,1357,1019,1370,117,3
3135,156.669,18,Bottle,0.4166,16,216,38,260,968,
3135,156.669,18,Bottle,0.3302,1539,998,1634,1138,13300,1
3136,156.710,18,Bottle,0.6371,38,222,65,290,1836,
3136,156.710,18,Cigarette,0.6084,1010,1357,1020,1370,130,3
3136,156.710,18,Bottle,0.4858,16,217,36,259,840,
3137,156.769,18,Bottle,0.6643,32,239,57,287,1200,
3137,156.769,18,Cigarette,0.5166,1010,1357,1019,1370,117,3
3137,156.769,18,Bottle,0.4615,17,217,37,259,840,
3138,156.811,18,Bottle,0.6950,29,222,54,288,1650,
3138,156.811,18,Cigarette,0.5821,1010,1357,1020,1370,130,3
3138,156.811,18,Cigarette,0.4464,22,1031,33,1069,418,
3138,156.811,18,Bottle,0.2862,93,278,119,334,1456,
3139,156.870,18,Bottle,0.6663,87,279,111,338,1416,
3139,156.870,18,Cigarette,0.5914,1010,1357,1020,1370,130,3
3139,156.870,18,Bottle,0.5149,27,214,51,285,1704,7544
3140,156.910,18,Cigarette,0.6085,1010,1357,1019,1371,126,3
3141,156.975,18,Cigarette,0.6397,1010,1357,1020,1371,140,3
3141,156.975,18,Bottle,0.2525,71,282,92,332,1050,
3142,157.010,18,Cigarette,0.5875,1010,1357,1020,1371,140,3
3142,157.010,18,Bottle,0.5143,11,216,34,286,1610,
3142,157.010,18,Bottle,0.4977,64,280,83,329,931,
3142,157.010,18,Bottle,0.2884,126,286,148,335,1078,
3143,157.069,18,Cigarette,0.6667,1010,1357,1020,1371,140,3
3143,157.069,18,Bottle,0.5092,58,280,77,329,931,
3144,157.110,18,Bottle,0.7167,51,282,70,328,874,
3144,157.110,18,Cigarette,0.6670,1010,1357,1020,1371,140,3
3145,157.170,18,Cigarette,0.7063,1010,1357,1020,1371,140,3
3145,157.170,18,Bottle,0.4027,44,279,65,326,987,
3146,157.211,18,Cigarette,0.6818,1010,1357,1020,1371,140,3
3146,157.211,18,Bottle,0.2846,39,281,59,327,920,
3147,157.270,18,Cigarette,0.6963,1010,1357,1020,1370,130,3
3147,157.270,18,Bottle,0.3898,32,283,49,326,731,
3148,157.310,18,Cigarette,0.7360,1010,1357,1020,1371,140,3
3148,157.310,18,Cigarette,0.3036,1497,575,1514,587,204,
3149,157.369,18,Cigarette,0.6759,1011,1357,1020,1371,126,3
3149,157.369,18,Cigarette,0.3794,1496,575,1514,585,180,
3149,157.369,18,Bottle,0.2704,69,282,88,331,931,
3150,157.410,18,Cigarette,0.7566,1011,1357,1021,1371,140,3
3150,157.410,18,Bottle,0.2615,645,348,657,378,360,7536
3150,157.410,18,Cigarette,0.2529,1497,575,1514,586,187,
3151,157.469,18,Cigarette,0.7747,1011,1357,1020,1372,135,3
3152,157.510,18,Cigarette,0.7846,1011,1357,1020,1372,135,3
3153,157.569,18,Cigarette,0.7717,1011,1357,1020,1372,135,3
3153,157.569,18,Bottle,0.6543,523,290,546,324,782,7536
3153,157.569,18,Bottle,0.4010,523,287,532,299,108,7536
3154,157.610,18,Cigarette,0.7272,1010,1357,1021,1372,165,3
3155,157.669,18,Cigarette,0.7263,1010,1357,1021,1372,165,3
3155,157.669,18,Bottle,0.3802,480,233,500,242,180,7536
3156,157.710,18,Cigarette,0.7745,1011,1357,1021,1371,140,3
3156,157.710,18,Bottle,0.6100,522,281,531,304,207,7536
3156,157.710,18,Bottle,0.4537,464,282,486,314,704,7536
3157,157.769,18,Cigarette,0.6457,1011,1357,1021,1372,150,3
3157,157.769,18,Bottle,0.6242,449,280,463,311,434,7536
3157,157.769,18,Bottle,0.5029,503,277,512,301,216,7536
3158,157.810,18,Cigarette,0.5652,1011,1357,1021,1372,150,3
3159,157.869,18,Cigarette,0.5869,1011,1357,1021,1372,150,3
3160,157.910,18,Cigarette,0.6009,1011,1357,1021,1371,140,3
3161,157.993,18,Cigarette,0.7637,1010,1358,1021,1373,165,3
3162,158.030,18,Cigarette,0.7889,1010,1357,1021,1374,187,3
3162,158.030,18,knife,0.2532,2143,676,2227,706,2520,
3163,158.060,18,Cigarette,0.7869,1010,1357,1021,1374,187,3
3163,158.060,18,Bottle,0.6832,934,377,944,408,310,7553
3164,158.119,18,Cigarette,0.7860,1010,1357,1021,1374,187,3
3164,158.119,18,Bottle,0.6355,910,373,920,404,310,7553
3165,158.160,18,Cigarette,0.8055,1011,1357,1021,1373,160,3
3165,158.160,18,Bottle,0.5579,887,371,896,399,252,7553
3166,158.219,18,Cigarette,0.6697,1011,1357,1021,1372,150,3
3166,158.219,18,knife,0.2687,1396,1400,1528,1440,5280,1
3167,158.261,18,Cigarette,0.6562,1011,1357,1021,1372,150,3
3167,158.261,18,Bottle,0.5130,295,264,316,290,546,7536
3167,158.261,18,Bottle,0.3334,2044,576,2107,708,8316,
3168,158.319,18,Cigarette,0.8283,1010,1357,1021,1373,176,3
3169,158.360,18,Cigarette,0.6608,1011,1357,1021,1372,150,3
3169,158.360,18,knife,0.2603,1369,1396,1483,1437,4674,1
3170,158.423,18,Cigarette,0.8172,1011,1358,1021,1373,150,3
3171,158.460,18,Cigarette,0.6953,1011,1357,1021,1372,150,3
3171,158.460,18,Cigarette,0.2997,1551,1011,1564,1033,286,1
3172,158.520,18,Cigarette,0.7949,1011,1358,1021,1372,140,3
3172,158.520,18,Cigarette,0.3174,1551,1011,1564,1031,260,1
3172,158.520,18,Bottle,0.2906,548,600,600,648,2496,10
3173,158.560,18,Cigarette,0.8262,1010,1358,1020,1372,140,3
3173,158.560,18,Bottle,0.6127,548,596,600,649,2756,10
3173,158.560,18,Bottle,0.2615,0,193,20,284,1820,
3174,158.620,18,Cigarette,0.7110,1011,1357,1021,1372,150,3
3174,158.620,18,Bottle,0.5460,548,597,601,646,2597,10
3175,158.660,18,Cigarette,0.7246,1011,1357,1021,1372,150,3
3176,158.719,18,Cigarette,0.5373,1010,1358,1021,1373,165,3
3176,158.719,18,Bottle,0.2514,548,596,602,646,2700,10
3177,158.760,18,Cigarette,0.6303,1010,1358,1021,1372,154,3
3178,158.820,18,Cigarette,0.5973,1009,1358,1021,1373,180,3
3179,158.860,18,Cigarette,0.4513,1010,1358,1020,1371,130,3
3180,158.920,18,Cigarette,0.5044,1010,1358,1021,1372,154,3
3181,158.979,18,Cigarette,0.6879,1010,1358,1020,1370,120,3
3181,158.979,18,Bottle,0.3077,1500,477,1535,590,3955,
3182,159.015,18,Cigarette,0.6472,1010,1358,1020,1369,110,3
3183,159.069,18,Cigarette,0.6348,1011,1358,1020,1369,99,3
3184,159.110,18,Cigarette,0.6082,1011,1358,1020,1369,99,3
3185,159.169,18,Cigarette,0.3800,1011,1358,1020,1369,99,3
3186,159.210,18,Cigarette,0.5763,1010,1358,1020,1370,120,3
3186,159.210,18,Cigarette,0.2616,2521,610,2546,637,675,
3187,159.269,18,Cigarette,0.6018,1010,1358,1020,1370,120,3
3188,159.310,18,Cigarette,0.6312,1010,1358,1020,1370,120,3
3188,159.310,18,Bottle,0.3734,1615,576,1645,637,1830,
3188,159.310,18,Bottle,0.3017,1642,576,1675,640,2112,
3189,159.370,18,Cigarette,0.4572,1010,1358,1020,1371,130,3
3190,159.411,18,Cigarette,0.4855,1010,1358,1020,1371,130,3
3191,159.470,18,Cigarette,0.5826,1010,1358,1020,1371,130,3
3192,159.510,18,Cigarette,0.4754,1010,1358,1020,1370,120,3
3193,159.569,18,Cigarette,0.4633,1010,1358,1020,1370,120,3
3194,159.610,18,Bottle,0.7813,1948,566,1968,592,520,7611
3194,159.610,18,Cigarette,0.5070,1010,1358,1020,1371,130,3
3195,159.670,18,Cigarette,0.5150,1010,1358,1020,1371,130,3
3195,159.670,18,Bottle,0.3977,61,239,86,305,1650,
3195,159.670,18,Cigarette,0.3636,1929,590,1943,600,140,7611
3195,159.670,18,Bottle,0.3304,17,217,39,258,902,
3196,159.711,18,Cigarette,0.6042,1010,1358,1020,1371,130,3
3196,159.711,18,Cigarette,0.5419,1928,590,1943,602,180,7611
3196,159.711,18,Bottle,0.3498,57,226,83,305,2054,
3197,159.769,18,Cigarette,0.5903,1010,1358,1020,1371,130,3
3197,159.769,18,Cigarette,0.3682,1927,575,1943,597,352,7611
3198,159.810,18,Cigarette,0.6107,1011,1358,1020,1369,99,3
3199,159.869,18,Cigarette,0.3972,1010,1358,1020,1370,120,3
3200,159.910,18,Cigarette,0.6422,1011,1358,1020,1370,108,3
3200,159.910,18,Bottle,0.2711,37,230,62,302,1800,
3201,159.976,18,Bottle,0.5702,1947,568,1957,579,110,7611
3201,159.976,18,Cigarette,0.5071,1010,1358,1019,1371,117,3
3201,159.976,18,Bottle,0.4806,1955,476,1972,515,663,7611
3202,160.013,18,Cigarette,0.6284,1010,1358,1020,1371,130,3
3203,160.069,18,Cigarette,0.5718,1010,1358,1020,1372,140,3
3203,160.069,18,Bottle,0.5079,36,243,42,253,60,7659
3203,160.069,18,Bottle,0.3555,1944,444,1957,451,91,7651
3203,160.069,18,Bottle,0.3041,1971,444,1988,466,374,7651
3204,160.110,18,Cigarette,0.4513,1010,1358,1020,1371,130,3
3205,160.170,18,Cigarette,0.6403,1011,1358,1020,1371,117,3
3206,160.210,18,Cigarette,0.4386,1010,1358,1020,1371,130,3
3206,160.210,18,Bottle,0.4154,1925,575,1945,602,540,7611
3207,160.269,18,Cigarette,0.3480,1010,1358,1020,1371,130,3
3207,160.269,18,Bottle,0.3228,1918,569,1938,598,580,7611
3207,160.269,18,Cigarette,0.3050,1900,509,1905,513,20,7611
3208,160.310,18,Bottle,0.5861,1908,568,1926,595,486,7611
3208,160.310,18,Cigarette,0.3918,1010,1358,1019,1371,117,3
3209,160.369,18,Bottle,0.7964,1894,568,1916,594,572,7611
3209,160.369,18,Cigarette,0.3830,1010,1358,1019,1371,117,3
3210,160.410,18,Bottle,0.2664,1657,487,1672,514,405,7651
3211,160.470,18,Bottle,0.4000,1616,478,1629,505,351,7651
3211,160.470,18,Cigarette,0.2678,1010,1358,1019,1372,126,3
3212,160.510,18,Bottle,0.6957,1575,470,1589,497,378,7651
3212,160.510,18,Bottle,0.5130,1844,586,1849,592,30,7611
3213,160.569,18,Cigarette,0.5825,1010,1358,1020,1371,130,3
3213,160.569,18,Bottle,0.3309,1833,571,1839,588,102,7611
3214,160.610,18,Cigarette,0.5894,1011,1358,1020,1371,117,3
3214,160.610,18,Bottle,0.3001,1496,454,1510,481,378,7651
3215,160.670,18,Cigarette,0.5058,1010,1358,1020,1370,120,3
3215,160.670,18,Bottle,0.3008,1456,447,1471,474,405,7651
3216,160.710,18,Cigarette,0.3311,1496,575,1514,586,198,
3216,160.710,18,Bottle,0.2647,1418,441,1431,466,325,7651
3217,160.770,18,knife,0.5927,1805,457,1830,469,300,7611
3217,160.770,18,Cigarette,0.3679,1010,1358,1020,1371,130,3
3217,160.770,18,Bottle,0.3274,1380,434,1394,461,378,7651
3218,160.810,18,Cigarette,0.2938,1010,1358,1020,1371,130,3
3219,160.873,18,Bottle,0.4677,1304,419,1320,447,448,7651
3219,160.873,18,Cigarette,0.3011,1010,1357,1020,1370,130,3
3220,160.910,18,Cigarette,0.3063,1010,1357,1020,1371,140,3
3221,160.976,18,Bottle,0.3071,1235,407,1248,433,338,7651
3222,161.010,18,Cigarette,0.5818,1011,1357,1020,1369,108,3
3222,161.010,18,Bottle,0.3164,1800,562,1811,584,242,7611
3223,161.070,18,Cigarette,0.5159,1010,1356,1020,1370,140,3
3223,161.070,18,Bottle,0.3234,1093,351,1114,393,882,7651
3223,161.070,18,Bottle,0.2747,1164,394,1179,423,435,7651
3224,161.111,18,Cigarette,0.3106,1010,1357,1020,1373,160,3
3224,161.111,18,knife,0.2622,1268,1396,1452,1436,7360,3
3225,161.171,18,Cigarette,0.4348,1010,1358,1020,1371,130,3
3225,161.171,18,knife,0.3924,1272,1395,1452,1436,7380,3
3225,161.171,18,Bottle,0.3214,1030,345,1050,382,740,7651
3225,161.171,18,Bottle,0.3091,1099,383,1114,412,435,7651
3226,161.210,18,Cigarette,0.5815,1009,1357,1020,1371,154,3
3226,161.210,18,knife,0.4047,1269,1396,1452,1436,7320,3
3227,161.270,18,knife,0.2666,1268,1397,1451,1438,7503,3
3228,161.310,18,knife,0.2735,1265,1398,1453,1436,7144,3
3229,161.369,18,Cigarette,0.3748,1010,1358,1019,1370,108,3
3231,161.470,18,Bottle,0.4740,99,234,123,289,1320,
3231,161.470,18,Cigarette,0.3003,1727,549,1744,562,221,7611
3232,161.510,18,Bottle,0.4919,94,235,117,288,1219,
3232,161.510,18,Cigarette,0.3080,1724,548,1743,563,285,
3232,161.510,18,Cigarette,0.2717,1010,1358,1018,1371,104,3
3233,161.569,18,Bottle,0.4900,91,234,114,286,1196,
3233,161.569,18,Cigarette,0.3604,1010,1357,1019,1371,126,3
3233,161.569,18,Cigarette,0.3566,1728,550,1745,565,255,
3234,161.610,18,Bottle,0.3557,85,223,109,287,1536,
3234,161.610,18,Cigarette,0.3255,1010,1358,1019,1370,108,3
3235,161.670,18,Bottle,0.5901,1697,544,1702,561,85,7611
3235,161.670,18,Bottle,0.4521,755,391,762,406,105,7651
3236,161.716,18,Bottle,0.3012,74,233,94,285,1040,
3240,161.911,18,Bottle,0.5182,58,214,83,285,1775,
3242,162.021,18,Cigarette,0.4725,1662,537,1678,552,240,7611
3244,162.120,18,Bottle,0.5874,0,280,33,365,2805,
3244,162.120,18,Cigarette,0.3939,1008,1353,1017,1370,153,3
3245,162.160,18,Cigarette,0.5699,1008,1352,1017,1369,153,3
3245,162.160,18,Bottle,0.4518,577,448,596,480,608,10
3246,162.220,18,Cigarette,0.3843,1531,1098,1547,1102,64,1
3246,162.220,18,Cigarette,0.3608,1007,1353,1016,1368,135,3
3247,162.260,18,Bottle,0.5340,573,447,592,479,608,10
3247,162.260,18,Cigarette,0.3685,1531,1098,1548,1101,51,1
3247,162.260,18,Cigarette,0.2680,1007,1353,1016,1368,135,3
3248,162.319,18,Cigarette,0.3072,1007,1352,1016,1369,153,3
3248,162.319,18,Cigarette,0.2585,1531,1098,1548,1102,68,1
3249,162.360,18,Cigarette,0.4081,1008,1353,1016,1369,128,3
3252,162.519,18,Cigarette,0.5609,1008,1352,1016,1369,136,3
3252,162.519,18,Bottle,0.3780,1651,521,1678,547,702,7611
3253,162.560,18,Cigarette,0.5711,1008,1352,1016,1370,144,3
3253,162.560,18,knife,0.2620,1273,1397,1452,1438,7339,3
3254,162.620,18,Cigarette,0.7397,1007,1352,1015,1370,144,3
3254,162.620,18,Bottle,0.4290,1617,524,1648,542,558,7611
3255,162.660,18,Cigarette,0.2971,1622,523,1637,540,255,7611
3255,162.660,18,knife,0.2942,1615,396,1641,406,260,7611
3256,162.720,18,Cigarette,0.4356,1620,522,1637,542,340,7611
3256,162.720,18,Cigarette,0.3255,1544,1107,1548,1118,44,1
3257,162.760,18,knife,0.5127,1610,396,1638,404,224,7611
3257,162.760,18,Cigarette,0.4134,1621,524,1637,542,288,7611
3257,162.760,18,Cigarette,0.3935,1543,1107,1548,1120,65,1
3258,162.820,18,knife,0.4777,1610,395,1637,404,243,7611
3258,162.820,18,Cigarette,0.3183,1621,526,1634,543,221,7611
3259,162.861,18,Cigarette,0.3843,1621,526,1633,544,216,7611
3259,162.861,18,knife,0.3530,1610,395,1634,403,192,7611
3260,162.920,18,Cigarette,0.5824,1004,1354,1014,1371,170,3
3262,163.038,18,Cigarette,0.3877,1004,1353,1014,1370,170,3
3263,163.060,18,Cigarette,0.3294,1004,1353,1014,1370,170,3
3266,163.220,18,Cigarette,0.5159,1004,1354,1014,1370,160,3
3268,163.319,18,Cigarette,0.6596,1005,1353,1014,1369,144,3
3269,163.360,18,Cigarette,0.3315,1006,1353,1015,1368,135,3
3270,163.420,18,Cigarette,0.4832,1006,1353,1015,1367,126,3
3271,163.460,18,Cigarette,0.6009,1006,1353,1016,1370,170,3
3272,163.520,18,Cigarette,0.5173,1006,1352,1016,1369,170,3
3273,163.560,18,Cigarette,0.3535,1007,1353,1016,1369,144,3
3274,163.620,18,Cigarette,0.3625,1007,1352,1016,1366,126,3
3275,163.660,18,Cigarette,0.6963,1006,1352,1015,1370,162,3
3276,163.719,18,Cigarette,0.5921,1006,1353,1015,1367,126,3
3277,163.760,18,Cigarette,0.6169,1006,1353,1015,1367,126,3
3278,163.820,18,Cigarette,0.5980,1006,1352,1015,1367,135,3
3279,163.860,18,Cigarette,0.5973,1007,1353,1014,1365,84,3
3281,163.992,18,Cigarette,0.2984,1005,1353,1014,1365,108,3
3284,164.110,18,Bottle,0.5810,123,223,134,246,253,7772
3285,164.171,18,Cigarette,0.3327,1005,1353,1014,1370,153,3
3287,164.271,18,Cigarette,0.2655,1607,510,1621,531,294,7611
3288,164.311,18,Cigarette,0.2728,1578,1033,1610,1098,2080,1
3289,164.370,18,Cigarette,0.3426,1579,1031,1611,1093,1984,1
3290,164.411,18,Cigarette,0.4409,1579,1030,1611,1094,2048,1
3291,164.470,18,Cigarette,0.6059,1580,1030,1610,1088,1740,1
3291,164.470,18,Cigarette,0.2556,1496,575,1515,585,190,
3292,164.510,18,Cigarette,0.6242,1577,1029,1611,1092,2142,1
3293,164.570,18,Cigarette,0.8252,168,319,175,329,70,7815
3293,164.570,18,Cigarette,0.6280,1578,1028,1611,1089,2013,1
3294,164.610,18,Cigarette,0.3238,1029,604,1048,617,247,
3294,164.610,18,Cigarette,0.2779,1025,603,1041,618,240,
3295,164.669,18,Cigarette,0.4009,1572,1027,1615,1092,2795,1
3296,164.710,18,Cigarette,0.5612,202,324,209,333,63,7815
3296,164.710,18,Cigarette,0.5368,1571,1028,1615,1095,2948,1
3296,164.710,18,Cigarette,0.4284,1559,1104,1569,1117,130,1
3297,164.769,18,knife,0.3356,1447,1101,1495,1216,5520,1
3297,164.769,18,Cigarette,0.2693,2249,441,2269,455,280,
3297,164.769,18,Bottle,0.2639,1126,577,1165,638,2379,
3299,164.870,18,Cigarette,0.5362,1005,1353,1014,1367,126,3
3299,164.870,18,knife,0.2866,1443,1056,1536,1127,6603,1
3299,164.870,18,Cigarette,0.2620,2248,441,2269,455,294,
3301,164.976,18,Cigarette,0.6666,1006,1353,1014,1367,112,3
3302,165.013,18,Cigarette,0.4323,1006,1353,1014,1367,112,3
3303,165.069,18,Bottle,0.3796,1427,642,1459,706,2048,
3304,165.111,18,Bottle,0.3611,1457,588,1517,720,7920,
3307,165.270,18,knife,0.3448,1379,1402,1492,1439,4181,1
3308,165.310,18,knife,0.3946,1389,1403,1522,1440,4921,1
3309,165.369,18,knife,0.4758,1398,1403,1529,1440,4847,1
3310,165.411,18,Bottle,0.4826,1415,421,1468,485,3392,
3310,165.411,18,knife,0.4764,1403,1404,1529,1440,4536,1
3310,165.411,18,Cigarette,0.3190,1006,1353,1015,1366,117,3
3311,165.470,18,knife,0.4874,1404,1404,1527,1440,4428,1
3312,165.510,18,knife,0.4661,1404,1404,1528,1440,4464,1
3312,165.510,18,Bottle,0.3282,545,597,579,688,3094,10
3312,165.510,18,Bottle,0.2946,1496,577,1536,748,6840,
3313,165.569,18,knife,0.4767,1403,1404,1530,1439,4445,1
3314,165.611,18,knife,0.4925,1403,1404,1531,1439,4480,1
3315,165.671,18,knife,0.4928,1403,1402,1530,1439,4699,1
3316,165.717,18,Cigarette,0.5395,614,374,622,381,56,10
3316,165.717,18,knife,0.4698,1403,1402,1530,1439,4699,1
3317,165.769,18,knife,0.4312,1403,1402,1530,1439,4699,1
3318,165.810,18,knife,0.3107,1403,1403,1531,1439,4608,1
3322,166.010,18,Cigarette,0.2546,1007,1353,1015,1365,96,3
3323,166.070,18,Cigarette,0.2744,1007,1353,1015,1365,96,3
3323,166.070,18,Cigarette,0.2587,568,551,577,554,27,10
3324,166.110,18,Cigarette,0.3209,1006,1353,1015,1365,108,3
3324,166.110,18,Bottle,0.2674,547,584,573,658,1924,10
3325,166.170,18,Bottle,0.3814,531,524,586,651,6985,10
3325,166.170,18,Bottle,0.3707,549,579,575,656,2002,10
3325,166.170,18,Cigarette,0.3306,1006,1353,1015,1365,108,3
3326,166.211,18,Bottle,0.3391,546,577,575,654,2233,10
3327,166.270,18,Bottle,0.4682,544,576,579,653,2695,10
3327,166.270,18,Bottle,0.2856,537,528,594,649,6897,10
3328,166.314,18,Bottle,0.2974,547,576,581,647,2414,10
3329,166.369,18,Bottle,0.3198,546,576,583,647,2627,
3332,166.511,18,Bottle,0.5639,1252,487,1279,555,1836,7815
3332,166.511,18,knife,0.2620,1403,1405,1522,1440,4165,1
3333,166.569,18,knife,0.2812,1403,1405,1525,1440,4270,1
3334,166.611,18,knife,0.2678,1403,1404,1530,1440,4572,1
3336,166.710,18,Cigarette,0.4401,1006,1353,1015,1366,117,3
3336,166.710,18,Bottle,0.2760,1469,531,1503,607,2584,7815
3338,166.810,18,Cigarette,0.5003,1006,1353,1015,1365,108,3
3339,166.869,18,Cigarette,0.4497,1006,1353,1015,1365,108,3
3340,166.911,18,Cigarette,0.4452,1006,1353,1015,1365,108,3
3341,166.976,18,Cigarette,0.4159,1007,1353,1015,1366,104,3
3341,166.976,18,Bottle,0.2834,1777,715,1792,741,390,7815
3342,167.013,18,Cigarette,0.4215,1007,1353,1015,1366,104,3
3342,167.013,18,knife,0.2806,1448,1116,1535,1221,9135,1
3343,167.069,18,Cigarette,0.3896,1007,1353,1015,1366,104,3
3343,167.069,18,knife,0.2689,1448,1114,1535,1220,9222,1
3344,167.111,18,Cigarette,0.3991,1007,1353,1015,1366,104,3
3344,167.111,18,knife,0.3270,1449,1128,1534,1219,7735,1
3345,167.170,18,knife,0.5034,1557,1123,1597,1173,2000,1
3345,167.170,18,Bottle,0.4083,2022,600,2036,680,1120,7815
3345,167.170,18,Cigarette,0.4040,1007,1353,1015,1366,104,3
3346,167.211,18,Cigarette,0.4499,1007,1353,1015,1367,112,3
3346,167.211,18,knife,0.3216,2061,794,2092,810,496,7815
3346,167.211,18,knife,0.2575,1561,1121,1605,1171,2200,1
3347,167.269,18,Cigarette,0.4958,1007,1353,1015,1367,112,3
3348,167.310,18,Cigarette,0.4420,1007,1353,1015,1367,112,3
3349,167.369,18,Cigarette,0.4446,1007,1353,1015,1367,112,3
3350,167.411,18,Cigarette,0.4138,1007,1353,1015,1367,112,3
3351,167.469,18,Cigarette,0.3776,1007,1353,1015,1367,112,3
3352,167.511,18,Cigarette,0.3747,1007,1353,1015,1367,112,3
3353,167.569,18,knife,0.2552,1403,1405,1521,1439,4012,1
3355,167.669,18,Cigarette,0.6237,1006,1353,1016,1369,160,3
3356,167.710,18,Cigarette,0.5847,1006,1353,1016,1369,160,3
3357,167.769,18,Cigarette,0.5454,1006,1352,1016,1369,170,3
3358,167.811,18,Cigarette,0.4727,1006,1352,1016,1369,170,3
3359,167.870,18,Cigarette,0.7232,1006,1353,1016,1370,170,3
3360,167.910,18,Cigarette,0.6190,1006,1352,1016,1369,170,3
3361,167.978,18,Cigarette,0.4224,1006,1352,1016,1369,170,3
3361,167.978,18,Cigarette,0.3538,2499,618,2531,642,768,
3362,168.015,18,Bottle,0.7536,1824,425,1840,440,240,7959
3362,168.015,18,Cigarette,0.4437,1006,1352,1016,1369,170,3
3362,168.015,18,knife,0.4377,1564,1126,1608,1176,2200,1
3363,168.072,18,Cigarette,0.7495,1006,1352,1016,1369,170,3
3363,168.072,18,knife,0.3665,1563,1127,1607,1176,2156,1
3364,168.110,18,Cigarette,0.7794,1006,1352,1016,1369,170,3
3364,168.110,18,Bottle,0.7395,1680,447,1704,485,912,7959
3364,168.110,18,Bottle,0.6187,1688,447,1704,474,432,7959
3364,168.110,18,knife,0.2958,1563,1126,1605,1176,2100,1
3365,168.173,18,Bottle,0.7175,1646,439,1670,476,888,7959
3365,168.173,18,Cigarette,0.7135,1006,1352,1016,1369,170,3
3365,168.173,18,knife,0.3025,1563,1126,1604,1176,2050,1
3366,168.211,18,Cigarette,0.7787,1006,1352,1015,1369,153,3
3366,168.211,18,knife,0.3632,1563,1126,1606,1176,2150,1
3367,168.269,18,Cigarette,0.7692,1006,1352,1016,1369,170,3
3367,168.269,18,knife,0.4350,1563,1126,1606,1176,2150,1
3368,168.310,18,Cigarette,0.7908,1006,1352,1015,1369,153,3
3368,168.310,18,knife,0.4250,1563,1126,1606,1176,2150,1
3369,168.370,18,Cigarette,0.7258,1006,1352,1015,1368,144,3
3369,168.370,18,knife,0.4974,1565,1126,1607,1176,2100,1
3370,168.410,18,Cigarette,0.7240,1006,1353,1015,1368,135,3
3370,168.410,18,knife,0.5291,1566,1124,1610,1176,2288,1
3370,168.410,18,Bottle,0.4906,2038,608,2105,731,8241,
3371,168.469,18,Cigarette,0.7543,1005,1353,1015,1368,150,3
3371,168.469,18,knife,0.4565,1566,1124,1610,1175,2244,1
3372,168.511,18,Cigarette,0.5839,1006,1353,1015,1368,135,3
3372,168.511,18,knife,0.4125,1567,1124,1610,1175,2193,1
3373,168.569,18,Cigarette,0.6808,1006,1353,1015,1368,135,3
3373,168.569,18,knife,0.4070,1568,1125,1610,1175,2100,1
3374,168.610,18,Cigarette,0.6461,1006,1353,1015,1368,135,3
3374,168.610,18,knife,0.4477,1568,1125,1610,1176,2142,1
3375,168.670,18,Bottle,0.6518,1944,550,1970,598,1248,7969
3375,168.670,18,Cigarette,0.4183,1006,1353,1015,1368,135,3
3375,168.670,18,knife,0.3268,1568,1125,1610,1175,2100,1
3376,168.711,18,Bottle,0.4927,47,297,59,318,252,7968
3376,168.711,18,knife,0.2988,1569,1125,1611,1175,2100,1
3378,168.811,18,Bottle,0.6584,61,299,76,320,315,7968
3378,168.811,18,Bottle,0.3423,1944,453,1955,468,165,7969
3379,168.869,18,knife,0.2769,1426,1313,1448,1351,836,1
3380,168.911,18,knife,0.2655,1426,1313,1448,1358,990,1
3381,168.978,18,Cigarette,0.4915,1005,1354,1015,1369,150,3
3382,169.018,18,Cigarette,0.4648,1005,1354,1015,1369,150,3
3382,169.018,18,knife,0.3841,1489,961,1535,1076,5290,1
3382,169.018,18,knife,0.2768,1403,1405,1522,1439,4046,1
3383,169.069,18,Bottle,0.5959,2031,578,2107,683,7980,
3383,169.069,18,knife,0.5076,1487,953,1535,1078,6000,1
3383,169.069,18,Cigarette,0.3603,1005,1354,1015,1369,150,3
3383,169.069,18,knife,0.2969,1403,1405,1526,1439,4182,1
3384,169.110,18,Cigarette,0.5621,1005,1354,1014,1369,135,3
3384,169.110,18,knife,0.4979,1485,953,1535,1081,6400,1
3384,169.110,18,knife,0.3116,1403,1405,1529,1440,4410,1
3384,169.110,18,Bottle,0.2887,2007,576,2076,674,6762,
3385,169.169,18,Cigarette,0.5238,1005,1354,1014,1368,126,3
3385,169.169,18,knife,0.4985,1484,956,1534,1081,6250,1
3385,169.169,18,knife,0.2700,1403,1406,1527,1440,4216,1
3386,169.210,18,Cigarette,0.5461,1005,1354,1014,1368,126,3
3386,169.210,18,knife,0.5030,1481,945,1535,1083,7452,1
3386,169.210,18,Bottle,0.4126,116,305,146,331,780,7968
3386,169.210,18,knife,0.3057,1403,1406,1534,1440,4454,1
3387,169.269,18,Cigarette,0.5007,1005,1354,1015,1368,140,3
3387,169.269,18,knife,0.3314,1475,938,1535,1091,9180,1
3387,169.269,18,knife,0.3059,1403,1406,1532,1440,4386,1
3388,169.311,18,Cigarette,0.3425,1005,1353,1015,1368,150,3
3388,169.311,18,knife,0.2800,1403,1406,1527,1440,4216,1
3389,169.370,18,Cigarette,0.4490,1006,1353,1015,1368,135,3
3389,169.370,18,Bottle,0.3171,160,312,177,335,391,7968
3390,169.411,18,knife,0.7263,1511,1368,1527,1403,560,1
3390,169.411,18,knife,0.6653,206,430,214,445,120,7968
3390,169.411,18,Cigarette,0.4260,1005,1353,1015,1367,140,3
3390,169.411,18,knife,0.2683,1404,1406,1523,1440,4046,1
3391,169.469,18,knife,0.6443,1511,1367,1528,1404,629,1
3391,169.469,18,Cigarette,0.5054,1006,1353,1015,1367,126,3
3391,169.469,18,knife,0.3864,219,435,226,447,84,7968
3391,169.469,18,knife,0.2997,1404,1407,1521,1440,3861,1
3392,169.511,18,knife,0.6037,1511,1364,1528,1405,697,1
3392,169.511,18,Cigarette,0.5468,1005,1353,1015,1367,140,3
3392,169.511,18,Bottle,0.4358,873,327,882,340,117,7959
3392,169.511,18,knife,0.3226,231,438,243,458,240,7968
3392,169.511,18,knife,0.2610,1404,1408,1519,1440,3680,1
3393,169.570,18,knife,0.7186,1510,1365,1528,1405,720,1
3393,169.570,18,Cigarette,0.5640,1005,1353,1015,1367,140,3
3393,169.570,18,knife,0.4467,245,442,257,465,276,7968
3393,169.570,18,knife,0.3060,1404,1408,1520,1440,3712,1
3394,169.610,18,knife,0.7187,257,444,269,466,264,7968
3394,169.610,18,knife,0.6843,1510,1365,1528,1404,702,1
3394,169.610,18,Cigarette,0.5615,1005,1353,1015,1367,140,3
3394,169.610,18,knife,0.2971,1404,1408,1520,1440,3712,1
3395,169.669,18,knife,0.6126,1511,1365,1528,1404,663,1
3395,169.669,18,Cigarette,0.5856,1005,1353,1015,1368,150,3
3395,169.669,18,knife,0.3232,1404,1407,1520,1440,3828,1
3396,169.711,18,Cigarette,0.5429,1005,1353,1015,1368,150,3
3396,169.711,18,knife,0.4385,286,451,300,479,392,7968
3396,169.711,18,knife,0.4128,1511,1366,1528,1404,646,1
3396,169.711,18,Cigarette,0.2715,1567,1205,1576,1210,45,1
3396,169.711,18,knife,0.2710,1404,1407,1520,1440,3828,1
3397,169.769,18,knife,0.5037,300,455,313,482,351,7968
3397,169.769,18,knife,0.3068,1511,1369,1526,1403,510,1
3397,169.769,18,Cigarette,0.2779,1005,1354,1014,1368,126,3
3397,169.769,18,knife,0.2764,1404,1407,1519,1440,3795,1
3398,169.811,18,knife,0.4212,316,460,330,486,364,7968
3398,169.811,18,knife,0.2577,1404,1407,1520,1440,3828,1
3399,169.870,18,Cigarette,0.4653,326,458,329,470,36,7968
3400,169.911,18,knife,0.3665,1478,937,1536,1100,9454,1
3402,170.018,18,knife,0.3737,1479,935,1536,1092,8949,1
3403,170.069,18,Bottle,0.3502,1954,491,1964,502,110,10
3404,170.110,18,Bottle,0.5695,1428,431,1469,530,4059,
3406,170.211,18,knife,0.4929,1485,948,1535,1081,6650,1
3407,170.269,18,knife,0.4643,1485,949,1535,1080,6550,1
3407,170.269,18,Cigarette,0.3009,1496,575,1515,588,247,
3408,170.310,18,Cigarette,0.4753,1496,575,1514,586,198,
3408,170.310,18,Cigarette,0.2597,2248,441,2268,456,300,
3409,170.369,18,Cigarette,0.2691,1496,575,1515,586,209,
3410,170.410,18,Bottle,0.5285,784,277,800,296,304,7969
3410,170.410,18,knife,0.3236,1489,958,1535,1079,5566,1
3411,170.469,18,Cigarette,0.6665,1006,1352,1016,1368,160,3
3411,170.469,18,knife,0.3860,1491,962,1534,1078,4988,1
3411,170.469,18,Bottle,0.3492,759,274,775,291,272,7969
3412,170.510,18,Cigarette,0.7198,1007,1352,1016,1368,144,3
3412,170.510,18,Bottle,0.5283,1354,436,1365,471,385,8030
3413,170.569,18,Cigarette,0.7868,1007,1352,1016,1368,144,3
3413,170.569,18,Bottle,0.4564,1274,446,1289,466,300,8030
3413,170.569,18,Bottle,0.4428,1325,430,1333,464,272,8030
3413,170.569,18,Bottle,0.3560,672,576,700,619,1204,
3414,170.610,18,Cigarette,0.7660,1007,1352,1016,1368,144,3
3414,170.610,18,Bottle,0.3911,661,526,676,562,540,7968
3414,170.610,18,knife,0.2789,1403,1405,1532,1439,4386,1
3415,170.669,18,Cigarette,0.8130,1007,1352,1017,1368,160,3
3415,170.669,18,knife,0.2996,1403,1405,1533,1439,4420,1
3416,170.710,18,Cigarette,0.7861,1007,1352,1016,1368,144,3
3416,170.710,18,knife,0.2951,1403,1405,1533,1439,4420,1
3417,170.769,18,Cigarette,0.8095,1007,1352,1016,1368,144,3
3417,170.769,18,Bottle,0.4520,662,341,674,380,468,7969
3417,170.769,18,Bottle,0.3752,1164,423,1178,435,168,8030
3417,170.769,18,knife,0.3057,1403,1405,1533,1439,4420,1
3418,170.813,18,Cigarette,0.7954,1006,1352,1016,1368,160,3
3418,170.813,18,Bottle,0.5647,604,305,614,328,230,7969
3418,170.813,18,Bottle,0.3336,1137,417,1150,431,182,8030
3418,170.813,18,knife,0.2990,1403,1405,1531,1439,4352,1
3419,170.870,18,Cigarette,0.7863,1006,1352,1016,1368,160,3
3419,170.870,18,knife,0.2865,1403,1405,1532,1439,4386,1
3420,170.910,18,Cigarette,0.7501,1005,1353,1015,1369,160,3
3421,170.976,18,Bottle,0.3897,1102,386,1134,451,2080,
3421,170.976,18,Cigarette,0.3214,1007,1353,1016,1367,126,3
3422,171.011,18,Bottle,0.5444,1724,505,1775,625,6120,
3422,171.011,18,Cigarette,0.4731,1006,1353,1015,1369,144,3
3422,171.011,18,Bottle,0.2717,1024,576,1069,706,5850,
3422,171.011,18,knife,0.2672,1402,1405,1533,1440,4585,1
3423,171.069,18,knife,0.2695,1402,1405,1534,1440,4620,1
3423,171.069,18,Cigarette,0.2564,1006,1354,1014,1367,104,3
3424,171.110,18,knife,0.2821,1402,1405,1533,1440,4585,1
3424,171.110,18,Bottle,0.2594,944,302,953,333,279,8030
3424,171.110,18,Bottle,0.2589,944,381,948,401,80,8030
3424,171.110,18,Cigarette,0.2528,1005,1353,1014,1367,126,3
3425,171.171,18,knife,0.3137,1402,1405,1533,1440,4585,1
3425,171.171,18,Cigarette,0.2952,1034,435,1054,452,340,7968
3425,171.171,18,Bottle,0.2919,922,305,931,338,297,8030
3426,171.211,18,Bottle,0.3881,981,362,990,391,261,8030
3426,171.211,18,knife,0.3002,1403,1405,1534,1440,4585,1
3427,171.269,18,knife,0.3376,1403,1405,1535,1440,4620,1
3428,171.311,18,knife,0.3396,1403,1405,1535,1440,4620,1
3429,171.369,18,Cigarette,0.3525,1003,1354,1013,1371,170,3
3429,171.369,18,knife,0.3238,1403,1405,1535,1440,4620,1
3430,171.410,18,Cigarette,0.5359,1003,1354,1012,1371,153,3
3430,171.410,18,Bottle,0.3935,808,352,816,379,216,8030
3430,171.410,18,knife,0.3387,1403,1404,1535,1440,4752,1
3431,171.469,18,Cigarette,0.6333,1002,1354,1012,1370,160,3
3431,171.469,18,Bottle,0.3330,1419,446,1460,554,4428,
3431,171.469,18,knife,0.3203,1403,1405,1534,1440,4585,1
3432,171.511,18,Cigarette,0.5734,1002,1355,1012,1371,160,3
3432,171.511,18,knife,0.3002,1403,1405,1535,1440,4620,1
3432,171.511,18,Bottle,0.3002,1455,1022,1575,1241,26280,1
3433,171.570,18,Cigarette,0.5382,1002,1355,1012,1371,160,3
3433,171.570,18,Bottle,0.4399,1362,517,1427,542,1625,7968
3433,171.570,18,Bottle,0.3362,1362,498,1400,540,1596,7968
3433,171.570,18,Bottle,0.3043,1453,1029,1579,1240,26586,1
3433,171.570,18,knife,0.3029,1403,1405,1535,1440,4620,1
3434,171.610,18,Cigarette,0.5125,1002,1355,1012,1371,160,3
3434,171.610,18,Bottle,0.3144,1453,1026,1573,1242,25920,1
3434,171.610,18,knife,0.3030,1403,1405,1534,1440,4585,1
3435,171.669,18,Cigarette,0.5034,1002,1355,1012,1371,160,3
3435,171.669,18,Bottle,0.2963,1453,1030,1577,1248,27032,1
3435,171.669,18,knife,0.2938,1403,1405,1533,1440,4550,1
3436,171.711,18,knife,0.6889,1460,1035,1571,1255,24420,1
3436,171.711,18,Cigarette,0.4785,1002,1355,1012,1371,160,3
3436,171.711,18,knife,0.2919,1461,1149,1535,1259,8140,1
3436,171.711,18,Bottle,0.2714,1281,1413,1298,1440,459,3
3437,171.769,18,Bottle,0.5660,1686,780,1718,864,2688,
3437,171.769,18,Cigarette,0.5233,1002,1354,1012,1372,180,3
3437,171.769,18,Bottle,0.2643,1280,1414,1297,1440,442,3
3437,171.769,18,knife,0.2564,1403,1406,1532,1440,4386,1
3438,171.810,18,Cigarette,0.5314,1002,1354,1012,1372,180,3
3438,171.810,18,Bottle,0.3327,1729,645,1762,726,2673,7968
3438,171.810,18,Bottle,0.3039,1280,1414,1297,1440,442,3
3438,171.810,18,knife,0.3002,1403,1406,1533,1440,4420,1
3438,171.810,18,Cigarette,0.2854,1506,429,1528,445,352,
3438,171.810,18,Bottle,0.2835,1623,578,1653,614,1080,7968
3438,171.810,18,Bottle,0.2644,1505,349,1527,421,1584,
3439,171.869,18,Cigarette,0.5401,1002,1354,1012,1372,180,3
3439,171.869,18,Bottle,0.5109,1810,774,1866,902,7168,
3439,171.869,18,knife,0.3500,1403,1406,1534,1440,4454,1
3439,171.869,18,Bottle,0.3093,1280,1414,1297,1440,442,3
3440,171.911,18,knife,0.3129,1403,1406,1535,1440,4488,1
3440,171.911,18,Bottle,0.2988,1837,820,1862,864,1100,
3440,171.911,18,Cigarette,0.2751,1002,1354,1012,1372,180,3
3441,171.976,18,Cigarette,0.5454,1002,1356,1012,1372,160,3
3441,171.976,18,Bottle,0.3940,1794,581,1843,629,2352,7968
3442,172.011,18,Bottle,0.7646,1921,710,1951,760,1500,7968
3442,172.011,18,Bottle,0.6712,1834,598,1864,660,1860,7968
3442,172.011,18,Cigarette,0.6217,1539,1009,1546,1015,42,1
3443,172.070,18,Bottle,0.6632,1972,723,1998,768,1170,7968
3443,172.070,18,Bottle,0.3545,1445,1061,1584,1280,30441,1
3443,172.070,18,Cigarette,0.3114,1539,1009,1545,1015,36,1
3444,172.111,18,Bottle,0.5638,2021,729,2051,780,1530,7968
3444,172.111,18,Bottle,0.3744,1444,1063,1585,1289,31866,1
3444,172.111,18,Cigarette,0.2552,1001,1356,1012,1372,176,3
3448,172.311,18,Bottle,0.3411,1966,784,2048,958,14268,
3448,172.311,18,knife,0.3183,1444,1076,1583,1299,30997,1
3449,172.369,18,knife,0.3503,1412,1313,1448,1349,1296,1
3450,172.410,18,knife,0.3084,1411,1312,1446,1350,1330,1
3451,172.469,18,knife,0.3790,1410,1313,1447,1350,1369,1
3451,172.469,18,Cigarette,0.3048,1002,1356,1011,1372,144,3
3452,172.511,18,knife,0.4475,1410,1313,1447,1349,1332,1
3452,172.511,18,Cigarette,0.2831,1002,1356,1011,1372,144,3
3453,172.569,18,knife,0.5599,1411,1313,1447,1348,1260,1
3453,172.569,18,Cigarette,0.2842,1002,1356,1011,1370,126,3
3454,172.611,18,Cigarette,0.4206,1189,655,1200,688,363,
3454,172.611,18,knife,0.2843,1410,1313,1447,1348,1295,1
3454,172.611,18,Cigarette,0.2751,1002,1356,1011,1370,126,3
3455,172.671,18,Cigarette,0.4945,1236,661,1246,698,370,
3455,172.671,18,Cigarette,0.4038,1002,1355,1011,1372,153,3
3456,172.711,18,Cigarette,0.4326,1001,1356,1011,1372,160,3
3457,172.769,18,Cigarette,0.2957,1001,1356,1011,1372,160,3
3458,172.810,18,knife,0.3202,1403,1313,1448,1358,2025,1
3459,172.869,18,knife,0.3464,1404,1313,1447,1357,1892,1
3459,172.869,18,Bottle,0.3263,59,233,80,292,1239,
3459,172.869,18,Cigarette,0.2740,1001,1355,1012,1371,176,3
3459,172.869,18,Bottle,0.2649,80,255,103,310,1265,
3460,172.910,18,knife,0.2875,1401,1410,1535,1440,4020,1
3460,172.910,18,Bottle,0.2773,55,245,77,292,1034,
3461,172.975,18,Bottle,0.4713,48,235,73,290,1375,
3461,172.975,18,Cigarette,0.3175,1002,1356,1011,1371,135,3
3461,172.975,18,knife,0.3058,1403,1407,1534,1440,4323,1
3462,173.014,18,Cigarette,0.5006,1002,1355,1012,1371,160,3
3463,173.069,18,Cigarette,0.6180,1927,805,1954,826,567,
3463,173.069,18,Cigarette,0.4297,1002,1355,1012,1371,160,3
3464,173.110,18,Cigarette,0.6296,1981,813,2011,844,930,
3464,173.110,18,Cigarette,0.5189,1002,1355,1013,1371,176,3
3465,173.169,18,Cigarette,0.5470,1003,1353,1013,1370,170,3
3466,173.211,18,Cigarette,0.6569,1002,1354,1013,1371,187,3
3467,173.269,18,Cigarette,0.5991,1002,1354,1013,1370,176,3
3467,173.269,18,Cigarette,0.5592,1508,1027,1535,1070,1161,1
3467,173.269,18,Bottle,0.4921,1007,289,1035,325,1008,8155
3468,173.311,18,Cigarette,0.5968,1002,1354,1013,1370,176,3
3469,173.369,18,Cigarette,0.6575,1003,1354,1014,1370,176,3
3470,173.411,18,Cigarette,0.5554,1002,1354,1013,1370,176,3
3471,173.469,18,Cigarette,0.6285,1002,1354,1013,1370,176,3
3471,173.469,18,Bottle,0.4723,1187,327,1218,379,1612,8155
3472,173.511,18,Cigarette,0.6286,1002,1354,1013,1370,176,3
3473,173.569,18,Cigarette,0.6256,1002,1354,1013,1370,176,3
3473,173.569,18,Bottle,0.5420,1283,341,1312,394,1537,8155
3474,173.611,18,Cigarette,0.6343,1002,1354,1013,1370,176,3
3474,173.611,18,Bottle,0.5362,1331,352,1357,405,1378,8155
3475,173.671,18,Cigarette,0.6267,1002,1354,1013,1370,176,3
3476,173.713,18,Cigarette,0.5948,1002,1354,1013,1369,165,3
3477,173.769,18,Cigarette,0.6144,1003,1354,1013,1370,160,3
3478,173.811,18,Cigarette,0.6079,1003,1354,1013,1370,160,3
3478,173.811,18,knife,0.5062,1486,967,1534,1067,4800,1
3479,173.870,18,Cigarette,0.5816,1002,1354,1013,1369,165,3
3479,173.870,18,knife,0.4933,1486,967,1534,1067,4800,1
3480,173.910,18,Cigarette,0.6595,1002,1354,1013,1371,187,3
3480,173.910,18,knife,0.5568,1487,966,1533,1067,4646,1
3481,173.975,18,Cigarette,0.6347,1003,1354,1012,1369,135,3
3481,173.975,18,knife,0.2701,1487,962,1533,1069,4922,1
3481,173.975,18,knife,0.2559,1404,1406,1529,1440,4250,1
3482,174.011,18,Cigarette,0.6157,1003,1354,1013,1369,150,3
3482,174.011,18,knife,0.2640,1404,1406,1529,1440,4250,1
3483,174.069,18,Cigarette,0.6160,1003,1354,1012,1369,135,3
3483,174.069,18,Bottle,0.2626,390,281,416,357,1976,
3483,174.069,18,knife,0.2538,1404,1406,1528,1439,4092,1
3484,174.111,18,Cigarette,0.5944,1003,1354,1013,1370,160,3
3485,174.169,18,Cigarette,0.6434,1003,1354,1013,1370,160,3
3486,174.211,18,Cigarette,0.7369,1003,1354,1013,1370,160,3
3486,174.211,18,Bottle,0.4130,353,278,378,354,1900,
3487,174.269,18,Cigarette,0.6922,1003,1354,1013,1370,160,3
3488,174.311,18,Cigarette,0.6556,1003,1354,1013,1370,160,3
3488,174.311,18,Bottle,0.4883,333,276,355,348,1584,
3489,174.369,18,Cigarette,0.6242,1003,1354,1013,1370,160,3
3489,174.369,18,Bottle,0.3138,2138,766,2186,864,4704,
3490,174.411,18,Cigarette,0.4415,1004,1354,1013,1369,135,3
3490,174.411,18,Bottle,0.3218,309,279,332,345,1518,
3491,174.469,18,Bottle,0.5955,300,285,322,344,1298,
3491,174.469,18,Cigarette,0.4377,1004,1354,1013,1369,135,3
3492,174.511,18,Cigarette,0.4147,1004,1354,1013,1369,135,3
3492,174.511,18,Bottle,0.3192,290,281,312,343,1364,
3493,174.570,18,Bottle,0.3461,277,280,299,339,1298,
3493,174.570,18,Cigarette,0.3231,1004,1354,1013,1369,135,3
3494,174.611,18,Bottle,0.6501,268,268,293,339,1775,
3494,174.611,18,Cigarette,0.3094,1004,1354,1013,1369,135,3
3495,174.670,18,knife,0.2770,1407,1311,1448,1356,1845,1
3495,174.670,18,Cigarette,0.2758,1004,1354,1013,1369,135,3
3495,174.670,18,Bottle,0.2641,260,295,280,338,860,
3496,174.711,18,Cigarette,0.2728,1004,1354,1013,1369,135,3
3497,174.769,18,Cigarette,0.4699,1004,1354,1013,1369,135,3
3497,174.769,18,knife,0.2511,1407,1312,1448,1354,1722,1
3498,174.811,18,knife,0.4706,1406,1312,1447,1354,1722,1
3498,174.811,18,Cigarette,0.4656,1004,1354,1013,1369,135,3
3499,174.869,18,Cigarette,0.4353,1004,1354,1013,1369,135,3
3499,174.869,18,Bottle,0.2970,48,235,70,292,1254,
3500,174.910,18,Cigarette,0.4494,1004,1354,1013,1369,135,3
3501,174.993,18,Cigarette,0.2525,1004,1354,1013,1369,135,3
3502,175.035,18,knife,0.3236,1562,1154,1608,1219,2990,1
3502,175.035,18,Cigarette,0.2505,1004,1354,1013,1369,135,3
3503,175.060,18,knife,0.3065,1562,1148,1609,1214,3102,1
3503,175.060,18,Cigarette,0.3064,1004,1354,1013,1369,135,3
3504,175.119,18,knife,0.4457,1563,1138,1612,1208,3430,1
3504,175.119,18,Cigarette,0.2814,1004,1355,1014,1369,140,3
3511,175.461,18,Cigarette,0.4588,1004,1355,1014,1370,150,3
3512,175.520,18,Cigarette,0.4281,1004,1355,1014,1370,150,3
3513,175.561,18,Cigarette,0.4577,1004,1355,1014,1370,150,3
3514,175.619,18,Cigarette,0.5639,1004,1355,1014,1370,150,3
3515,175.660,18,Cigarette,0.4541,1005,1355,1014,1370,135,3
3515,175.660,18,knife,0.3551,1484,952,1533,1066,5586,1
3515,175.660,18,knife,0.2654,1408,1314,1447,1357,1677,1
3516,175.721,18,knife,0.3796,1483,951,1533,1066,5750,1
3516,175.721,18,knife,0.3251,1411,1315,1446,1354,1365,1
3517,175.761,18,knife,0.4981,1412,1315,1445,1350,1155,1
3517,175.761,18,Cigarette,0.3249,1005,1355,1015,1369,140,3
3517,175.761,18,knife,0.3024,1482,958,1533,1067,5559,1
3518,175.821,18,Cigarette,0.4990,1006,1355,1015,1369,126,3
3518,175.821,18,knife,0.3160,1482,959,1533,1067,5508,1
3518,175.821,18,knife,0.2541,1413,1314,1446,1350,1188,1
3519,175.862,18,Cigarette,0.4139,1006,1355,1015,1370,135,3
3519,175.862,18,knife,0.3122,1415,1314,1445,1350,1080,1
3520,175.920,18,Cigarette,0.3426,1006,1355,1015,1369,126,3
3520,175.920,18,Bottle,0.2900,58,230,80,305,1650,
3521,175.996,18,Bottle,0.2904,17,220,38,256,756,
3521,175.996,18,knife,0.2802,1484,964,1534,1073,5450,1
3525,176.161,18,knife,0.2954,1411,1313,1448,1347,1258,1
3525,176.161,18,Bottle,0.2694,18,220,39,256,756,
3526,176.219,18,Bottle,0.3732,35,229,55,303,1480,
3526,176.219,18,Cigarette,0.2560,1006,1354,1016,1370,160,3
3528,176.320,18,Bottle,0.2829,33,230,52,304,1406,
3530,176.420,18,knife,0.3620,1410,1312,1448,1348,1368,1
3531,176.461,18,knife,0.6499,1409,1312,1448,1351,1521,1
3531,176.461,18,Bottle,0.2640,35,222,64,301,2291,
3531,176.461,18,Bottle,0.2566,10,240,32,305,1430,
3532,176.519,18,knife,0.6512,1408,1312,1449,1354,1722,1
3532,176.519,18,Bottle,0.3287,2,239,26,304,1560,
3532,176.519,18,Bottle,0.3283,15,233,32,304,1207,
3532,176.519,18,knife,0.2583,1447,1179,1529,1282,8446,1
3533,176.560,18,knife,0.6687,1407,1312,1448,1354,1722,1
3533,176.560,18,Bottle,0.3242,17,230,32,303,1095,
3533,176.560,18,knife,0.2735,1448,1180,1529,1283,8343,1
3533,176.560,18,Bottle,0.2694,42,217,70,291,2072,
3533,176.560,18,Cigarette,0.2544,1005,1354,1015,1370,160,3
3534,176.620,18,knife,0.6729,1407,1312,1449,1354,1764,1
3534,176.620,18,knife,0.2654,1448,1185,1526,1285,7800,1
3534,176.620,18,Cigarette,0.2511,1006,1354,1015,1369,135,3
3535,176.661,18,knife,0.7965,1406,1312,1447,1355,1763,1
3535,176.661,18,Bottle,0.3003,27,218,56,293,2175,
3535,176.661,18,Cigarette,0.2908,1006,1354,1015,1369,135,3
3536,176.719,18,knife,0.6298,1404,1312,1448,1357,1980,1
3536,176.719,18,Cigarette,0.4605,1006,1354,1015,1370,144,3
3536,176.719,18,knife,0.2901,1448,1188,1526,1285,7566,1
3537,176.760,18,knife,0.5783,1403,1313,1449,1358,2070,1
3537,176.760,18,Cigarette,0.4549,1005,1354,1015,1370,160,3
3537,176.760,18,Bottle,0.2948,11,201,51,302,4040,
3537,176.760,18,knife,0.2933,1447,1188,1528,1283,7695,1
3538,176.819,18,Cigarette,0.4472,1005,1354,1015,1370,160,3
3538,176.819,18,knife,0.3306,1402,1312,1448,1358,2116,1
3539,176.860,18,Cigarette,0.4192,1005,1355,1015,1370,150,3
3540,176.919,18,Cigarette,0.3546,1005,1354,1015,1370,160,3
3540,176.919,18,Bottle,0.2630,9,218,34,290,1800,
3542,177.047,18,knife,0.3982,1443,1052,1546,1253,20703,1
3542,177.047,18,knife,0.3555,1446,1155,1531,1260,8925,1
3542,177.047,18,Bottle,0.2660,0,214,24,289,1800,
3543,177.071,18,knife,0.5057,2524,604,2555,647,1333,
3543,177.071,18,knife,0.5036,1444,1150,1534,1254,9360,1
3544,177.113,18,knife,0.3996,1443,1148,1534,1251,9373,1
3546,177.210,18,Bottle,0.2663,19,219,40,255,756,
3547,177.270,18,knife,0.3251,1395,1312,1446,1363,2601,1
3548,177.311,18,knife,0.4530,1395,1314,1445,1363,2450,1
3549,177.369,18,knife,0.3503,1396,1315,1445,1363,2352,1
3550,177.411,18,knife,0.3225,1396,1314,1445,1363,2401,1
3551,177.469,18,knife,0.3377,1399,1314,1445,1362,2208,1
3552,177.510,18,knife,0.3543,1482,954,1534,1070,6032,1
3553,177.570,18,knife,0.3302,1481,959,1534,1070,5883,1
3554,177.613,18,knife,0.2671,1481,961,1533,1071,5720,1
3555,177.670,18,knife,0.4386,1412,1314,1446,1347,1122,1
3556,177.710,18,knife,0.3708,1413,1314,1446,1347,1089,1
3557,177.771,18,knife,0.4090,1485,957,1534,1077,5880,1
3562,178.041,18,knife,0.3150,1407,1312,1448,1354,1722,1
3563,178.060,18,knife,0.4420,1409,1312,1449,1349,1480,1
3563,178.060,18,Cigarette,0.2907,1005,1355,1014,1370,135,3
3564,178.119,18,knife,0.4720,1408,1313,1449,1350,1517,1
3564,178.119,18,Cigarette,0.2774,1005,1355,1014,1370,135,3
3565,178.161,18,knife,0.5273,1407,1312,1449,1352,1680,1
3565,178.161,18,Cigarette,0.3523,1004,1354,1014,1372,180,3
3566,178.219,18,knife,0.8255,1407,1312,1447,1356,1760,1
3566,178.219,18,Cigarette,0.4062,1004,1354,1014,1372,180,3
3567,178.260,18,knife,0.7631,1407,1311,1447,1355,1760,1
3567,178.260,18,Cigarette,0.4471,1004,1354,1014,1372,180,3
3568,178.320,18,knife,0.8128,1407,1311,1447,1355,1760,1
3568,178.320,18,Cigarette,0.3991,1004,1355,1014,1372,170,3
3569,178.360,18,knife,0.7342,1407,1311,1447,1354,1720,1
3569,178.360,18,Cigarette,0.3774,1004,1355,1014,1372,170,3
3570,178.420,18,knife,0.6635,1406,1311,1448,1354,1806,1
3570,178.420,18,Cigarette,0.3624,1004,1354,1014,1372,180,3
3571,178.461,18,knife,0.6284,1406,1311,1448,1354,1806,1
3571,178.461,18,Cigarette,0.3080,1004,1355,1014,1371,160,3
3572,178.520,18,knife,0.6534,1405,1311,1447,1356,1890,1
3573,178.560,18,knife,0.5800,1403,1310,1449,1357,2162,1
3574,178.620,18,knife,0.5596,1403,1309,1448,1358,2205,1
3575,178.660,18,knife,0.4416,1402,1310,1448,1358,2208,1
3576,178.720,18,Cigarette,0.3660,1004,1354,1014,1371,170,3
3580,178.919,18,Cigarette,0.2592,1004,1354,1014,1371,170,3
3581,178.992,18,Cigarette,0.4059,1005,1354,1014,1370,144,3
3582,179.030,18,Cigarette,0.4879,1005,1355,1014,1369,126,3
3583,179.070,18,Cigarette,0.4634,1005,1355,1014,1369,126,3
3583,179.070,18,knife,0.2945,1398,1313,1448,1363,2500,1
3584,179.110,18,Cigarette,0.3772,1005,1355,1014,1370,135,3
3585,179.170,18,Cigarette,0.3782,1005,1355,1014,1370,135,3
3585,179.170,18,knife,0.3437,1399,1314,1447,1361,2256,1
3586,179.211,18,Cigarette,0.4073,1005,1355,1014,1370,135,3
3587,179.270,18,Cigarette,0.4098,1005,1355,1014,1370,135,3
3588,179.310,18,Cigarette,0.3481,1005,1355,1014,1370,135,3
3589,179.369,18,Cigarette,0.4164,1005,1355,1014,1370,135,3
3589,179.369,18,knife,0.3111,1405,1313,1447,1357,1848,1
3590,179.410,18,Cigarette,0.3906,1005,1355,1014,1369,126,3
3590,179.410,18,knife,0.3433,1407,1313,1447,1354,1640,1
3591,179.469,18,knife,0.3752,1407,1313,1447,1354,1640,1
3591,179.469,18,Cigarette,0.3177,1005,1355,1014,1370,135,3
3592,179.511,18,knife,0.4960,1407,1313,1448,1355,1722,1
3592,179.511,18,Cigarette,0.3749,1005,1355,1014,1369,126,3
3593,179.570,18,knife,0.6612,1405,1313,1448,1357,1892,1
3593,179.570,18,Cigarette,0.4624,1005,1355,1014,1370,135,3
3594,179.610,18,knife,0.5981,1405,1313,1448,1357,1892,1
3594,179.610,18,Cigarette,0.4394,1005,1355,1014,1370,135,3
3595,179.670,18,knife,0.5911,1406,1312,1447,1355,1763,1
3595,179.670,18,Cigarette,0.5130,1005,1355,1014,1370,135,3
3596,179.710,18,knife,0.7318,1405,1312,1447,1357,1890,1
3596,179.710,18,Cigarette,0.5514,1005,1355,1014,1370,135,3
3597,179.770,18,knife,0.6532,1405,1312,1447,1355,1806,1
3597,179.770,18,Cigarette,0.5086,1005,1355,1014,1370,135,3
3598,179.822,18,Cigarette,0.4883,1004,1354,1014,1370,160,3
3598,179.822,18,knife,0.2726,1405,1311,1447,1357,1932,1
3599,179.869,18,knife,0.4753,1406,1310,1449,1353,1849,1
3599,179.869,18,Cigarette,0.4366,1004,1354,1014,1370,160,3
3600,179.910,18,Cigarette,0.3534,1004,1354,1014,1371,170,3
3601,179.992,18,Cigarette,0.3606,1004,1355,1014,1370,150,3
3602,180.041,18,Cigarette,0.3464,1004,1355,1014,1370,150,3
3603,180.060,18,Cigarette,0.3475,1004,1354,1014,1369,150,3
3604,180.120,18,Cigarette,0.5181,1004,1354,1014,1371,170,3
3605,180.161,18,knife,0.5229,1405,1312,1448,1357,1935,1
3605,180.161,18,Cigarette,0.5114,1004,1354,1014,1371,170,3
3606,180.222,18,knife,0.7497,1404,1312,1447,1358,1978,1
3606,180.222,18,Cigarette,0.4462,1004,1354,1014,1370,160,3
3607,180.261,18,knife,0.7456,1403,1311,1447,1358,2068,1
3607,180.261,18,Cigarette,0.3630,1004,1354,1014,1370,160,3
3608,180.320,18,knife,0.6050,1403,1311,1447,1359,2112,1
3609,180.360,18,knife,0.4730,1402,1311,1447,1358,2115,1
3610,180.421,18,knife,0.4241,1401,1311,1447,1360,2254,1
3612,180.519,18,knife,0.2867,1460,1069,1577,1270,23517,1
3616,180.719,18,knife,0.3682,1456,1162,1532,1256,7144,1
3617,180.761,18,Cigarette,0.2765,1004,1355,1013,1370,135,3
3619,180.860,18,Cigarette,0.2753,1004,1355,1013,1370,135,3
3620,180.920,18,Cigarette,0.2607,1004,1355,1013,1370,135,3
3625,181.160,18,Cigarette,0.3436,1004,1355,1013,1370,135,3
3629,181.360,18,knife,0.3409,1401,1313,1447,1360,2162,1
3629,181.360,18,Cigarette,0.3219,1004,1355,1013,1370,135,3
3630,181.419,18,Cigarette,0.3152,1004,1355,1013,1370,135,3
3631,181.460,18,knife,0.3737,1400,1313,1447,1360,2209,1
3631,181.460,18,Cigarette,0.2604,1004,1355,1013,1370,135,3
3633,181.560,18,Cigarette,0.2576,1004,1355,1013,1370,135,3
3637,181.761,18,knife,0.3082,1402,1310,1449,1359,2303,1
3638,181.820,18,knife,0.3844,1460,1055,1571,1240,20535,1
3638,181.820,18,Cigarette,0.3054,1003,1355,1013,1371,160,3
3639,181.860,18,knife,0.4030,1460,1067,1573,1236,19097,1
3639,181.860,18,Cigarette,0.2849,1003,1356,1013,1371,150,3
3640,181.920,18,knife,0.4625,1460,1075,1573,1267,21696,1
3640,181.920,18,Cigarette,0.2830,1003,1356,1013,1371,150,3
3641,181.994,18,knife,0.7106,1459,1075,1575,1272,22852,1
3641,181.994,18,Cigarette,0.3007,1003,1355,1013,1371,160,3
3642,182.041,18,knife,0.6738,1458,1075,1577,1274,23681,1
3642,182.041,18,Cigarette,0.2993,1003,1355,1013,1371,160,3
3643,182.060,18,knife,0.7757,1457,1072,1576,1273,23919,1
3643,182.060,18,Cigarette,0.2649,1003,1355,1013,1371,160,3
3644,182.120,18,knife,0.6687,1455,1070,1576,1271,24321,1
3644,182.120,18,Cigarette,0.3741,1003,1355,1013,1372,170,3
3645,182.160,18,knife,0.6112,1455,1070,1572,1269,23283,1
3645,182.160,18,Cigarette,0.4170,1003,1355,1013,1372,170,3
3646,182.220,18,knife,0.8410,1454,1058,1574,1265,24840,1
3646,182.220,18,Cigarette,0.3598,1003,1355,1013,1372,170,3
3646,182.220,18,knife,0.3039,1453,1113,1534,1264,12231,1
3647,182.260,18,knife,0.8153,1453,1052,1574,1260,25168,1
3647,182.260,18,Cigarette,0.3741,1003,1355,1013,1372,170,3
3647,182.260,18,Cigarette,0.3268,2522,608,2551,626,522,
3647,182.260,18,knife,0.3123,1451,1119,1533,1261,11644,1
3648,182.319,18,knife,0.4100,1451,1148,1533,1257,8938,1
3648,182.319,18,Cigarette,0.3135,1003,1355,1013,1372,170,3
3648,182.319,18,knife,0.2944,1450,1052,1564,1254,23028,1
3649,182.361,18,knife,0.4814,1448,1154,1533,1255,8585,1
3649,182.361,18,Cigarette,0.3186,1003,1355,1013,1372,170,3
3650,182.419,18,knife,0.5200,1447,1147,1534,1251,9048,1
3650,182.419,18,Cigarette,0.3562,1003,1355,1013,1372,170,3
3651,182.460,18,knife,0.5730,1444,1149,1534,1248,8910,1
3651,182.460,18,Cigarette,0.3011,1003,1355,1013,1372,170,3
3651,182.460,18,knife,0.2953,1447,1035,1558,1247,23532,1
3652,182.519,18,Cigarette,0.2944,1003,1355,1013,1372,170,3
3653,182.560,18,Cigarette,0.3296,1003,1355,1013,1372,170,3
3654,182.619,18,Cigarette,0.4940,1003,1355,1013,1372,170,3
3654,182.619,18,Bottle,0.3010,2474,663,2508,703,1360,
3655,182.660,18,Cigarette,0.4953,1003,1355,1013,1372,170,3
3655,182.660,18,Bottle,0.2835,1394,509,1415,567,1218,
3656,182.719,18,Cigarette,0.5760,1003,1355,1012,1372,153,3
3657,182.761,18,Cigarette,0.5118,1003,1355,1013,1372,170,3
3658,182.819,18,Cigarette,0.5828,1003,1355,1013,1372,170,3
3659,182.860,18,Cigarette,0.5884,1003,1355,1013,1372,170,3
3660,182.920,18,Cigarette,0.5466,1003,1355,1013,1372,170,3
3660,182.920,18,Bottle,0.2743,1677,576,1702,643,1675,
3661,182.981,18,Cigarette,0.4535,1003,1355,1013,1371,160,3
3662,183.020,18,Cigarette,0.4795,1003,1355,1013,1371,160,3
3662,183.020,18,knife,0.3581,1400,1319,1442,1360,1722,1
3663,183.069,18,Cigarette,0.4413,1004,1355,1013,1371,144,3
3663,183.069,18,knife,0.4203,1399,1316,1445,1361,2070,1
3664,183.111,18,Cigarette,0.4683,1004,1355,1013,1370,135,3
3664,183.111,18,knife,0.4204,1400,1315,1446,1360,2070,1
3665,183.170,18,Cigarette,0.6125,1004,1354,1013,1371,153,3
3665,183.170,18,knife,0.5780,1399,1314,1446,1360,2162,1
3665,183.170,18,knife,0.2625,1439,920,1604,1235,51975,1
3666,183.210,18,Cigarette,0.4866,1004,1354,1013,1370,144,3
3667,183.270,18,Cigarette,0.5149,1004,1354,1013,1370,144,3
3668,183.310,18,Cigarette,0.5848,1003,1354,1013,1370,160,3
3669,183.370,18,Cigarette,0.6518,1003,1354,1013,1371,170,3
3670,183.411,18,Cigarette,0.6419,1003,1354,1013,1371,170,3
3671,183.474,18,Cigarette,0.7991,1003,1354,1012,1371,153,3
3672,183.511,18,Cigarette,0.6208,1003,1354,1013,1370,160,3
3673,183.571,18,Cigarette,0.5124,1003,1354,1013,1370,160,3
3674,183.610,18,Cigarette,0.5038,1003,1354,1013,1370,160,3
3675,183.671,18,Cigarette,0.4168,1003,1354,1013,1371,170,3
3676,183.713,18,Cigarette,0.3113,1003,1354,1013,1371,170,3
3677,183.770,18,Cigarette,0.5532,1003,1354,1013,1371,170,3
3678,183.813,18,Cigarette,0.3080,1003,1354,1013,1371,170,3
3679,183.870,18,Cigarette,0.2902,1003,1354,1013,1371,170,3
3680,183.911,18,Cigarette,0.3265,1003,1354,1013,1371,170,3
3680,183.911,18,knife,0.2586,1403,1311,1448,1358,2115,1
3681,183.977,18,Cigarette,0.2515,1003,1354,1013,1371,170,3
3682,184.017,18,knife,0.4670,1395,1312,1447,1364,2704,1
3682,184.017,18,Cigarette,0.3139,1003,1354,1013,1370,160,3
3683,184.071,18,Cigarette,0.4651,1003,1354,1013,1370,160,3
3683,184.071,18,knife,0.4437,1395,1312,1447,1364,2704,1
3684,184.111,18,knife,0.5659,1396,1312,1447,1363,2601,1
3684,184.111,18,Cigarette,0.5161,1003,1354,1013,1371,170,3
3685,184.169,18,Cigarette,0.4815,1003,1354,1013,1371,170,3
3685,184.169,18,knife,0.2848,1397,1312,1448,1363,2601,1
3686,184.210,18,Cigarette,0.5869,1003,1354,1013,1371,170,3
3687,184.269,18,Cigarette,0.5770,1003,1354,1013,1370,160,3
3687,184.269,18,knife,0.3762,1402,1312,1447,1358,2070,1
3688,184.310,18,Cigarette,0.4898,1003,1354,1013,1370,160,3
3688,184.310,18,knife,0.3922,1402,1311,1447,1358,2115,1
3689,184.371,18,knife,0.6726,1403,1313,1447,1358,1980,1
3689,184.371,18,Cigarette,0.5104,1003,1354,1013,1370,160,3
3690,184.410,18,Cigarette,0.4497,1003,1354,1013,1370,160,3
3690,184.410,18,knife,0.4388,1403,1312,1448,1358,2070,1
3691,184.469,18,Cigarette,0.5257,1003,1354,1013,1370,160,3
3691,184.469,18,knife,0.2655,1403,1405,1536,1440,4655,1
3692,184.510,18,Cigarette,0.4162,1003,1354,1013,1370,160,3
3692,184.510,18,knife,0.2502,1403,1405,1536,1440,4655,1
3693,184.569,18,Cigarette,0.5154,1004,1354,1013,1370,144,3
3693,184.569,18,knife,0.4453,1406,1312,1447,1356,1804,1
3694,184.610,18,Cigarette,0.4908,1004,1354,1013,1370,144,3
3695,184.672,18,Cigarette,0.5401,1004,1354,1013,1370,144,3
3696,184.712,18,Cigarette,0.5274,1004,1354,1013,1370,144,3
3697,184.770,18,Cigarette,0.5995,1004,1354,1013,1370,144,3
3698,184.810,18,Cigarette,0.7734,1004,1354,1013,1371,153,3
3699,184.870,18,Cigarette,0.8009,1004,1354,1013,1371,153,3
3699,184.870,18,Bottle,0.3752,718,248,741,299,1173,
3699,184.870,18,Cigarette,0.3154,1559,1180,1582,1200,460,1
3700,184.911,18,Cigarette,0.8169,1004,1354,1013,1370,144,3
3700,184.911,18,Cigarette,0.4799,1553,1179,1578,1198,475,1
3701,184.993,18,Cigarette,0.7621,1004,1354,1013,1371,153,3
3701,184.993,18,Cigarette,0.3243,1552,1177,1574,1197,440,1
3702,185.038,18,Cigarette,0.7141,1004,1355,1013,1370,135,3
3703,185.060,18,Cigarette,0.7287,1004,1355,1013,1370,135,3
3704,185.122,18,Cigarette,0.6285,1004,1355,1014,1370,150,3
3705,185.160,18,Cigarette,0.6428,1004,1355,1014,1371,160,3
3706,185.219,18,Cigarette,0.6834,1004,1354,1014,1370,160,3
3707,185.260,18,Cigarette,0.6745,1004,1354,1014,1370,160,3
3708,185.322,18,Cigarette,0.6883,1004,1354,1014,1370,160,3
3709,185.360,18,Cigarette,0.6931,1004,1354,1014,1370,160,3
3710,185.421,18,Cigarette,0.6824,1004,1354,1014,1370,160,3
3711,185.460,18,Cigarette,0.6650,1004,1354,1014,1370,160,3
3712,185.522,18,Cigarette,0.7282,1004,1354,1014,1370,160,3
3713,185.560,18,Cigarette,0.7232,1004,1354,1014,1370,160,3
3714,185.620,18,Cigarette,0.7157,1004,1354,1014,1370,160,3
3715,185.660,18,Cigarette,0.6160,1004,1354,1014,1370,160,3
3716,185.721,18,Cigarette,0.6048,1004,1354,1014,1370,160,3
3717,185.761,18,Cigarette,0.5936,1004,1354,1014,1370,160,3
3718,185.819,18,Cigarette,0.5678,1004,1354,1014,1370,160,3
3719,185.861,18,Cigarette,0.5644,1004,1354,1014,1370,160,3
3720,185.919,18,Cigarette,0.5561,1004,1354,1014,1370,160,3
3721,185.993,18,Cigarette,0.6383,1004,1354,1014,1370,160,3
3721,185.993,18,knife,0.4314,1458,1147,1536,1253,8268,1
3722,186.043,18,Cigarette,0.6766,1004,1354,1014,1370,160,3
3722,186.043,18,knife,0.4454,1458,1135,1536,1258,9594,1
3722,186.043,18,knife,0.3496,1460,1040,1562,1258,22236,1
3723,186.060,18,Cigarette,0.6641,1004,1354,1014,1370,160,3
3723,186.060,18,knife,0.4678,1460,1043,1566,1261,23108,1
3723,186.060,18,knife,0.3557,1457,1138,1536,1263,9875,1
3724,186.122,18,Cigarette,0.6604,1004,1354,1014,1371,170,3
3724,186.122,18,knife,0.3851,1460,1040,1570,1265,24750,1
3724,186.122,18,knife,0.2965,1403,1406,1533,1440,4420,1
3725,186.160,18,Cigarette,0.6620,1004,1354,1014,1371,170,3
3726,186.222,18,Bottle,0.6728,1991,762,2037,864,4692,
3726,186.222,18,Cigarette,0.6559,1004,1354,1014,1371,170,3
3726,186.222,18,Bottle,0.2806,1991,734,2032,790,2296,
3726,186.222,18,Bottle,0.2790,1283,1411,1300,1440,493,3
3727,186.261,18,Cigarette,0.6109,1004,1354,1014,1371,170,3
3727,186.261,18,knife,0.5224,1458,1060,1579,1276,26136,1
3727,186.261,18,Bottle,0.2797,1977,771,2026,864,4557,
3727,186.261,18,Bottle,0.2786,1283,1411,1300,1440,493,3
3728,186.322,18,Cigarette,0.6351,1004,1354,1014,1371,170,3
3728,186.322,18,Bottle,0.3149,1283,1411,1299,1440,464,3
3729,186.362,18,Cigarette,0.5767,1004,1354,1014,1371,170,3
3729,186.362,18,Bottle,0.2829,1952,749,1997,864,5175,
3729,186.362,18,knife,0.2665,1406,1311,1448,1356,1890,1
3730,186.419,18,Bottle,0.6250,1943,751,1988,863,5040,
3730,186.419,18,Cigarette,0.5448,1004,1355,1014,1371,160,3
3730,186.419,18,knife,0.4187,1405,1311,1447,1358,1974,1
3730,186.419,18,knife,0.2883,1460,1067,1572,1282,24080,1
3731,186.462,18,Cigarette,0.6388,1004,1354,1014,1371,170,3
3731,186.462,18,Bottle,0.5506,1282,1411,1299,1440,493,3
3731,186.462,18,knife,0.5260,1405,1311,1448,1357,1978,1
3731,186.462,18,Cigarette,0.3876,1934,829,1954,861,640,
3731,186.462,18,Cigarette,0.2614,2507,652,2552,678,1170,
3732,186.523,18,Cigarette,0.6409,1004,1354,1014,1371,170,3
3732,186.523,18,Bottle,0.5226,1282,1411,1299,1440,493,3
3732,186.523,18,knife,0.4201,1405,1311,1448,1357,1978,1
3733,186.560,18,Cigarette,0.6414,1004,1354,1014,1371,170,3
3733,186.560,18,knife,0.6314,1404,1311,1448,1358,2068,1
3733,186.560,18,Bottle,0.5247,1282,1411,1299,1440,493,3
3734,186.622,18,Cigarette,0.6395,1004,1354,1014,1371,170,3
3734,186.622,18,Bottle,0.5219,1282,1411,1299,1440,493,3
3734,186.622,18,knife,0.3243,1403,1311,1447,1359,2112,1
3735,186.661,18,Cigarette,0.6368,1004,1354,1014,1371,170,3
3735,186.661,18,Bottle,0.5309,1957,832,1999,874,1764,8410
3735,186.661,18,Bottle,0.5266,1282,1411,1299,1440,493,3
3736,186.721,18,Bottle,0.6899,1952,836,1986,877,1394,8410
3736,186.721,18,Cigarette,0.6279,1004,1354,1014,1371,170,3
3736,186.721,18,Bottle,0.5192,1282,1411,1299,1440,493,3
3736,186.721,18,knife,0.2643,1401,1311,1447,1361,2300,1
3737,186.760,18,Bottle,0.6994,1937,837,1971,878,1394,8410
3737,186.760,18,Cigarette,0.6201,1004,1355,1014,1371,160,3
3737,186.760,18,Bottle,0.5232,1282,1411,1299,1440,493,3
3738,186.820,18,Bottle,0.7861,1921,838,1956,880,1470,8410
3738,186.820,18,Cigarette,0.5750,1004,1354,1014,1371,170,3
3739,186.861,18,Bottle,0.7895,1902,842,1938,883,1476,8410
3739,186.861,18,Cigarette,0.5749,1004,1354,1014,1371,170,3
3740,186.919,18,Bottle,0.8189,1883,836,1920,886,1850,8410
3740,186.919,18,Cigarette,0.5753,1004,1354,1014,1371,170,3
3740,186.919,18,Bottle,0.2934,2473,653,2515,722,2898,
3741,186.991,18,Bottle,0.7806,1864,841,1902,887,1748,8410
3741,186.991,18,Cigarette,0.6119,1004,1354,1014,1370,160,3
3742,187.033,18,Bottle,0.7714,1844,840,1882,888,1824,8410
3742,187.033,18,Cigarette,0.6366,1004,1354,1014,1370,160,3
3742,187.033,18,Bottle,0.2693,1787,778,1802,818,600,8410
3743,187.070,18,Bottle,0.8681,1829,840,1865,887,1692,8410
3743,187.070,18,Cigarette,0.6234,1004,1354,1014,1370,160,3
3743,187.070,18,Cigarette,0.2933,1551,1181,1568,1192,187,1
3743,187.070,18,Bottle,0.2778,1282,1411,1299,1440,493,3
3744,187.110,18,Bottle,0.8107,1807,842,1848,889,1927,8410
3744,187.110,18,Cigarette,0.6237,1004,1354,1014,1370,160,3
3744,187.110,18,Cigarette,0.6056,1554,1178,1570,1189,176,1
3744,187.110,18,Bottle,0.2828,1282,1411,1299,1440,493,3
3745,187.170,18,Cigarette,0.6251,1004,1354,1014,1370,160,3
3745,187.170,18,Cigarette,0.5935,1555,1176,1570,1187,165,1
3745,187.170,18,Bottle,0.5462,1788,842,1826,890,1824,8410
3745,187.170,18,Bottle,0.2926,1282,1411,1299,1440,493,3
3746,187.210,18,knife,0.6466,1405,1312,1447,1357,1890,1
3746,187.210,18,Cigarette,0.6252,1004,1354,1014,1370,160,3
3746,187.210,18,Bottle,0.4351,1766,842,1807,889,1927,8410
3746,187.210,18,Bottle,0.2925,1282,1411,1299,1440,493,3
3747,187.271,18,Cigarette,0.6196,1004,1354,1014,1370,160,3
3747,187.271,18,knife,0.4542,1402,1312,1448,1359,2162,1
3747,187.271,18,Bottle,0.2817,1282,1411,1299,1440,493,3
3748,187.311,18,Cigarette,0.6202,1004,1354,1014,1370,160,3
3748,187.311,18,Cigarette,0.2930,1558,1174,1574,1184,160,1
3748,187.311,18,Bottle,0.2578,1282,1411,1299,1440,493,3
3749,187.370,18,Cigarette,0.6021,1004,1354,1014,1370,160,3
3749,187.370,18,Cigarette,0.4556,1772,978,1780,986,64,8410
3749,187.370,18,knife,0.3621,1404,1312,1448,1358,2024,1
3750,187.411,18,Cigarette,0.5785,1004,1354,1014,1371,170,3
3750,187.411,18,knife,0.4991,1404,1312,1448,1358,2024,1
3751,187.471,18,Cigarette,0.5597,1004,1354,1014,1371,170,3
3751,187.471,18,Bottle,0.4241,1623,771,1639,813,672,8410
3752,187.510,18,Cigarette,0.5704,1004,1354,1014,1370,160,3
3753,187.569,18,Cigarette,0.6084,1004,1354,1014,1370,160,3
3754,187.610,18,Cigarette,0.6090,1004,1354,1014,1370,160,3
3754,187.610,18,Cigarette,0.5806,1672,977,1686,989,168,8410
3755,187.669,18,Cigarette,0.5503,1004,1354,1015,1371,187,3
3755,187.669,18,Cigarette,0.4562,1524,957,1532,970,104,1
3756,187.710,18,Cigarette,0.5295,1004,1354,1014,1371,170,3
3757,187.770,18,Cigarette,0.5114,1004,1354,1014,1371,170,3
3758,187.810,18,Cigarette,0.5073,1004,1354,1014,1371,170,3
3759,187.870,18,Cigarette,0.5728,1004,1354,1014,1371,170,3
3759,187.870,18,Bottle,0.2506,1282,1411,1300,1440,522,3
3760,187.910,18,Cigarette,0.5123,1004,1354,1014,1371,170,3
3760,187.910,18,Cigarette,0.3037,1559,968,1569,977,90,1
3761,187.976,18,Cigarette,0.6861,1004,1354,1014,1371,170,3
3761,187.976,18,Cigarette,0.3138,1536,967,1554,979,216,1
3761,187.976,18,Bottle,0.2828,1449,1035,1587,1273,32844,1
3762,188.011,18,Cigarette,0.6827,1004,1354,1014,1371,170,3
3762,188.011,18,Bottle,0.3149,1511,576,1536,637,1525,
3762,188.011,18,Bottle,0.2741,1455,1029,1587,1269,31680,1
3763,188.070,18,Cigarette,0.6708,1004,1354,1014,1371,170,3
3763,188.070,18,knife,0.3054,1402,1309,1449,1359,2350,1
3764,188.111,18,Cigarette,0.7161,1004,1354,1014,1371,170,3
3765,188.171,18,Cigarette,0.6790,1004,1355,1014,1371,160,3
3766,188.210,18,Cigarette,0.6788,1004,1355,1014,1371,160,3
3766,188.210,18,knife,0.2739,1404,1309,1449,1358,2205,1
3767,188.271,18,Cigarette,0.6792,1004,1355,1014,1371,160,3
3768,188.311,18,Cigarette,0.6946,1004,1354,1014,1371,170,3
3769,188.369,18,Cigarette,0.6680,1004,1354,1014,1371,170,3
3770,188.411,18,Cigarette,0.6697,1004,1354,1014,1371,170,3
3771,188.470,18,Cigarette,0.6106,1004,1354,1014,1371,170,3
3771,188.470,18,Cigarette,0.3363,1563,1182,1579,1193,176,1
3772,188.511,18,Cigarette,0.6718,1004,1354,1014,1371,170,3
3772,188.511,18,Cigarette,0.2631,1565,1182,1579,1190,112,1
3773,188.570,18,Cigarette,0.6139,1004,1354,1014,1371,170,3
3774,188.610,18,Cigarette,0.6102,1004,1354,1014,1371,170,3
3774,188.610,18,knife,0.2573,1446,924,1475,937,377,1
3775,188.671,18,Cigarette,0.6111,1004,1354,1014,1371,170,3
3775,188.671,18,knife,0.4605,1425,922,1454,935,377,1
3775,188.671,18,Bottle,0.3010,1025,447,1049,519,1728,
3776,188.711,18,Cigarette,0.6216,1004,1354,1014,1371,170,3
3776,188.711,18,knife,0.3415,1400,921,1433,932,363,1
3777,188.772,18,Cigarette,0.6232,1004,1354,1014,1371,170,3
3777,188.772,18,Cigarette,0.2694,1397,921,1410,929,104,1
3778,188.810,18,Cigarette,0.6244,1004,1354,1014,1371,170,3
3779,188.870,18,Cigarette,0.6181,1004,1354,1014,1371,170,3
3780,188.910,18,Cigarette,0.6627,1004,1354,1014,1371,170,3
3781,188.976,18,Cigarette,0.7035,1004,1354,1014,1371,170,3
3782,189.012,18,Cigarette,0.7182,1004,1354,1014,1371,170,3
3783,189.070,18,Cigarette,0.7216,1004,1354,1014,1371,170,3
3784,189.111,18,Cigarette,0.7161,1004,1354,1014,1371,170,3
3784,189.111,18,Cigarette,0.3251,1547,1178,1568,1196,378,1
3785,189.170,18,Cigarette,0.6994,1004,1354,1014,1371,170,3
3785,189.170,18,Bottle,0.3029,2007,576,2112,729,16065,
3786,189.211,18,knife,0.8042,2203,539,2249,637,4508,
3786,189.211,18,Cigarette,0.7521,1004,1354,1014,1371,170,3
3786,189.211,18,Cigarette,0.4024,1045,640,1076,668,868,8410
3787,189.270,18,Cigarette,0.7519,1004,1354,1014,1371,170,3
3787,189.270,18,Bottle,0.3104,18,214,40,256,924,
3788,189.311,18,Cigarette,0.7106,1004,1354,1014,1371,170,3
3788,189.311,18,knife,0.3099,1447,1138,1536,1265,11303,1
3789,189.369,18,Cigarette,0.7508,1004,1354,1014,1371,170,3
3790,189.411,18,Cigarette,0.7507,1004,1354,1014,1371,170,3
3790,189.411,18,knife,0.4892,1454,1061,1576,1264,24766,1
3791,189.470,18,Cigarette,0.7522,1004,1354,1014,1371,170,3
3791,189.470,18,Cigarette,0.4812,934,625,964,647,660,8410
3792,189.511,18,Cigarette,0.7524,1004,1354,1014,1371,170,3
3792,189.511,18,knife,0.4808,1403,1312,1447,1358,2024,1
3792,189.511,18,knife,0.3062,1450,1059,1536,1269,18060,1
3793,189.570,18,Cigarette,0.7555,1004,1354,1014,1371,170,3
3793,189.570,18,knife,0.6754,1403,1312,1447,1358,2024,1
3793,189.570,18,knife,0.3062,1451,1062,1536,1268,17510,1
3794,189.611,18,Cigarette,0.7495,1004,1354,1014,1371,170,3
3794,189.611,18,knife,0.6536,1403,1312,1447,1359,2068,1
3794,189.611,18,knife,0.3161,1452,1104,1536,1265,13524,1
3795,189.669,18,Cigarette,0.7823,1004,1354,1014,1371,170,3
3795,189.669,18,knife,0.4469,1402,1311,1447,1358,2115,1
3795,189.669,18,knife,0.2625,1451,1056,1536,1264,17680,1
3796,189.710,18,Cigarette,0.7960,1004,1354,1013,1371,153,3
3796,189.710,18,knife,0.5702,1455,1052,1571,1259,24012,1
3796,189.710,18,knife,0.5027,1401,1310,1448,1360,2350,1
3796,189.710,18,knife,0.2913,1451,1109,1536,1260,12835,1
3797,189.770,18,Cigarette,0.8106,1004,1354,1013,1371,153,3
3797,189.770,18,knife,0.6915,1400,1311,1448,1360,2352,1
3797,189.770,18,knife,0.2533,1454,1047,1571,1256,24453,1
3798,189.813,18,Cigarette,0.8082,1004,1354,1013,1371,153,3
3798,189.813,18,knife,0.7380,1399,1310,1448,1361,2499,1
3799,189.870,18,Cigarette,0.8100,1004,1354,1013,1371,153,3
3800,189.910,18,Cigarette,0.8068,1004,1354,1013,1371,153,3
3801,189.976,18,Cigarette,0.7542,1004,1354,1013,1371,153,3
3802,190.012,18,Cigarette,0.5894,1004,1354,1014,1371,170,3
3802,190.012,18,Bottle,0.4018,655,813,694,843,1170,8410
3803,190.069,18,Cigarette,0.7549,1005,1354,1014,1371,153,3
3804,190.110,18,Cigarette,0.6885,1006,1354,1014,1372,144,3
3805,190.170,18,Cigarette,0.6947,1006,1355,1015,1372,153,3
3805,190.170,18,Bottle,0.3780,1282,1411,1300,1440,522,3
3806,190.210,18,Cigarette,0.5929,1006,1355,1015,1372,153,3
3806,190.210,18,Bottle,0.2987,574,801,593,816,285,8410
3807,190.269,18,Cigarette,0.7298,1004,1354,1014,1371,170,3
3808,190.311,18,Cigarette,0.5066,1005,1354,1014,1369,135,3
3809,190.369,18,Cigarette,0.4978,1005,1352,1014,1370,162,3
3810,190.410,18,Cigarette,0.4789,1005,1352,1015,1369,170,3
3811,190.469,18,Cigarette,0.4643,1005,1352,1015,1369,170,3
3812,190.511,18,Cigarette,0.7080,1005,1352,1015,1369,170,3
3812,190.511,18,knife,0.4661,1402,1313,1447,1358,2025,1
3813,190.569,18,knife,0.6909,1403,1313,1448,1358,2025,1
3813,190.569,18,Cigarette,0.6122,509,542,546,570,1036,8410
3813,190.569,18,Cigarette,0.5862,1005,1352,1015,1369,170,3
3814,190.611,18,Bottle,0.5802,398,630,410,654,288,8410
3814,190.611,18,Cigarette,0.5668,1005,1352,1015,1369,170,3
3814,190.611,18,knife,0.5144,1403,1313,1448,1358,2025,1
3815,190.671,18,Cigarette,0.5651,1005,1352,1015,1370,180,3
3815,190.671,18,Bottle,0.4126,1282,1412,1301,1440,532,3
3815,190.671,18,knife,0.3653,1401,1313,1448,1358,2115,1
3815,190.671,18,Cigarette,0.3129,478,531,516,564,1254,8410
3815,190.671,18,Bottle,0.2866,407,626,419,656,360,8410
3816,190.710,18,Cigarette,0.5636,1005,1353,1015,1370,170,3
3816,190.710,18,Bottle,0.3827,1282,1411,1302,1440,580,3
3816,190.710,18,Bottle,0.3061,383,606,403,654,960,8410
3817,190.771,18,Cigarette,0.6054,452,531,486,560,986,8410
3817,190.771,18,Cigarette,0.4963,1005,1353,1015,1370,170,3
3817,190.771,18,Bottle,0.4253,398,614,408,642,280,8410
3817,190.771,18,Bottle,0.3543,1282,1410,1302,1440,600,3
3818,190.810,18,Cigarette,0.4451,1005,1352,1015,1370,180,3
3818,190.810,18,Bottle,0.3473,85,280,105,327,940,
3818,190.810,18,knife,0.2576,1403,1405,1533,1439,4420,1
3819,190.870,18,Cigarette,0.5346,1005,1352,1015,1370,180,3
3819,190.870,18,knife,0.4296,1404,1313,1446,1358,1890,1
3819,190.870,18,knife,0.4280,1449,1147,1533,1257,9240,1
3819,190.870,18,Bottle,0.3311,333,562,360,592,810,8410
3819,190.870,18,Bottle,0.3022,333,614,351,661,846,8410
3819,190.870,18,Bottle,0.2545,1282,1411,1301,1440,551,3
3820,190.910,18,knife,0.5920,1454,1038,1574,1265,27240,1
3820,190.910,18,knife,0.5126,1450,1143,1532,1261,9676,1
3820,190.910,18,Cigarette,0.4887,1005,1352,1015,1370,180,3
3821,190.977,18,Cigarette,0.4846,1005,1353,1015,1370,170,3
3821,190.977,18,knife,0.4023,1452,1131,1536,1268,11508,1
3822,191.014,18,Cigarette,0.4594,1005,1353,1015,1370,170,3
3822,191.014,18,knife,0.2924,1453,1129,1536,1271,11786,1
3823,191.071,18,Cigarette,0.5736,380,509,418,542,1254,8410
3823,191.071,18,Cigarette,0.5285,1005,1353,1015,1370,170,3
3823,191.071,18,knife,0.3755,1454,1121,1536,1275,12628,1
3824,191.110,18,Cigarette,0.5777,1005,1353,1015,1371,180,3
3824,191.110,18,knife,0.4691,1457,1159,1535,1277,9204,1
3825,191.170,18,Cigarette,0.5970,1004,1353,1015,1370,187,3
3825,191.170,18,knife,0.4800,1456,1161,1535,1279,9322,1
3825,191.170,18,Cigarette,0.2802,358,500,397,536,1404,8410
3826,191.211,18,Cigarette,0.5635,1005,1353,1015,1370,170,3
3826,191.211,18,knife,0.3270,1455,1162,1535,1277,9200,1
3826,191.211,18,Cigarette,0.3228,345,503,384,533,1170,8410
3827,191.270,18,Cigarette,0.5613,1005,1353,1015,1370,170,3
3827,191.270,18,Bottle,0.3803,1890,613,1919,679,1914,8483
3827,191.270,18,knife,0.2838,1454,1163,1535,1276,9153,1
3828,191.311,18,Cigarette,0.5655,1005,1353,1015,1370,170,3
3829,191.371,18,Cigarette,0.7075,317,490,352,522,1120,8410
3829,191.371,18,Cigarette,0.5620,1005,1353,1015,1370,170,3
3829,191.371,18,Cigarette,0.4030,1547,1194,1568,1211,357,1
3830,191.410,18,Cigarette,0.5993,1005,1353,1015,1370,170,3
3830,191.410,18,Cigarette,0.3018,1544,1188,1569,1206,450,1
3830,191.410,18,Bottle,0.2723,1283,1411,1300,1440,493,3
3831,191.469,18,Cigarette,0.6013,1005,1353,1015,1370,170,3
3831,191.469,18,Bottle,0.2790,1283,1411,1300,1440,493,3
3832,191.511,18,Cigarette,0.5870,1005,1353,1015,1370,170,3
3832,191.511,18,Cigarette,0.3307,287,486,323,515,1044,8410
3832,191.511,18,Bottle,0.2802,1283,1411,1300,1440,493,3
3832,191.511,18,Bottle,0.2640,215,520,234,544,456,8410
3833,191.570,18,Cigarette,0.5629,1004,1353,1015,1370,187,3
3833,191.570,18,Bottle,0.2637,1283,1411,1300,1440,493,3
3834,191.611,18,Cigarette,0.5478,1004,1353,1015,1370,187,3
3834,191.611,18,Bottle,0.2565,1283,1411,1300,1440,493,3
3835,191.669,18,Cigarette,0.5211,1004,1353,1015,1370,187,3
3836,191.711,18,Cigarette,0.5427,1005,1353,1015,1371,180,3
3837,191.770,18,Cigarette,0.5802,1005,1353,1015,1370,170,3
3838,191.810,18,Cigarette,0.5755,1005,1353,1015,1371,180,3
3838,191.810,18,knife,0.3253,1395,1312,1448,1364,2756,1
3838,191.810,18,Bottle,0.2580,170,510,193,531,483,8410
3839,191.869,18,Cigarette,0.5914,1005,1353,1015,1370,170,3
3839,191.869,18,Cigarette,0.5483,2015,576,2041,612,936,
3839,191.869,18,knife,0.3040,1395,1312,1448,1364,2756,1
3840,191.911,18,Cigarette,0.5941,1005,1353,1015,1371,180,3
3841,191.977,18,Cigarette,0.6355,1004,1352,1015,1371,209,3
3842,192.020,18,Cigarette,0.6377,1004,1352,1015,1371,209,3
3842,192.020,18,knife,0.4264,1397,1312,1447,1364,2600,1
3843,192.069,18,Cigarette,0.5737,1004,1352,1016,1371,228,3
3843,192.069,18,knife,0.4074,1398,1312,1448,1363,2550,1
3844,192.111,18,Cigarette,0.6534,1004,1352,1016,1371,228,3
3845,192.169,18,Cigarette,0.6546,1004,1352,1016,1371,228,3
3846,192.211,18,Cigarette,0.6513,1004,1352,1016,1371,228,3
3847,192.272,18,Cigarette,0.6520,1004,1352,1016,1371,228,3
3847,192.272,18,Bottle,0.2897,882,341,906,376,840,8483
3848,192.311,18,Cigarette,0.6461,1004,1352,1016,1371,228,3
3849,192.370,18,Cigarette,0.6415,1004,1352,1016,1371,228,3
3850,192.410,18,Cigarette,0.6358,1004,1352,1016,1371,228,3
3850,192.410,18,Bottle,0.2759,207,578,252,678,4500,
3851,192.470,18,Cigarette,0.6409,1004,1352,1016,1371,228,3
3851,192.470,18,Cigarette,0.4691,173,450,196,468,414,8410
3851,192.470,18,Bottle,0.3208,694,344,743,437,4557,
3852,192.511,18,Cigarette,0.6545,1004,1352,1016,1370,216,3
3852,192.511,18,Cigarette,0.4824,170,448,194,469,504,8410
3853,192.570,18,Cigarette,0.6527,1004,1352,1015,1370,198,3
3853,192.570,18,Bottle,0.5400,137,645,160,669,552,8410
3854,192.610,18,Cigarette,0.6545,1004,1352,1015,1370,198,3
3855,192.669,18,Cigarette,0.6534,1004,1352,1015,1370,198,3
3855,192.669,18,knife,0.3803,1399,1312,1448,1362,2450,1
3856,192.711,18,Cigarette,0.6614,1004,1352,1015,1370,198,3
3856,192.711,18,knife,0.3307,1398,1311,1448,1363,2600,1
3857,192.772,18,Cigarette,0.6709,1004,1352,1015,1370,198,3
3857,192.772,18,knife,0.2646,1398,1311,1448,1363,2600,1
3858,192.811,18,Cigarette,0.6633,1004,1352,1015,1370,198,3
3859,192.870,18,Cigarette,0.6629,1004,1352,1015,1370,198,3
3859,192.870,18,knife,0.3188,1397,1311,1448,1364,2703,1
3860,192.910,18,Cigarette,0.6605,1005,1352,1015,1370,180,3
3860,192.910,18,knife,0.4345,1397,1311,1448,1364,2703,1
3860,192.910,18,Bottle,0.2571,175,579,211,660,2916,
3861,192.976,18,Cigarette,0.5974,1005,1353,1015,1371,180,3
3861,192.976,18,Bottle,0.3144,1512,466,1534,581,2530,
3862,193.011,18,Cigarette,0.5975,1005,1353,1016,1371,198,3
3862,193.011,18,Bottle,0.3685,88,476,106,492,288,8410
3863,193.070,18,Cigarette,0.6009,1005,1353,1016,1371,198,3
3864,193.110,18,Cigarette,0.5983,1005,1353,1016,1371,198,3
3864,193.110,18,Bottle,0.3151,1440,462,1463,531,1587,
3865,193.169,18,Cigarette,0.5775,1005,1353,1016,1371,198,3
3866,193.210,18,Cigarette,0.5761,1005,1353,1016,1371,198,3
3867,193.269,18,Cigarette,0.5718,1005,1353,1016,1371,198,3
3867,193.269,18,knife,0.3267,1400,1309,1449,1361,2548,1
3868,193.311,18,Cigarette,0.5950,1005,1352,1016,1370,198,3
3868,193.311,18,knife,0.4236,1401,1308,1450,1361,2597,1
3869,193.369,18,Cigarette,0.5865,1005,1352,1016,1370,198,3
3869,193.369,18,Bottle,0.3024,1315,392,1372,522,7410,
3869,193.369,18,knife,0.2684,1401,1311,1449,1360,2352,1
3870,193.411,18,Cigarette,0.5704,1005,1352,1016,1370,198,3
3870,193.411,18,knife,0.2615,1460,1142,1536,1273,9956,1
3871,193.469,18,Cigarette,0.5705,1005,1352,1016,1370,198,3
3871,193.469,18,Cigarette,0.3955,123,434,152,459,725,8410
3871,193.469,18,knife,0.3521,1459,1134,1536,1271,10549,1
3872,193.510,18,Cigarette,0.5621,1005,1352,1016,1370,198,3
3872,193.510,18,knife,0.2915,1457,1135,1535,1267,10296,1
3873,193.570,18,Cigarette,0.5863,1005,1352,1016,1370,198,3
3873,193.570,18,knife,0.3360,1456,1113,1535,1265,12008,1
3874,193.611,18,Cigarette,0.5887,1005,1352,1016,1370,198,3
3874,193.611,18,Bottle,0.4966,63,479,88,510,775,8410
3874,193.611,18,knife,0.3548,1454,1111,1535,1261,12150,1
3875,193.671,18,Cigarette,0.5887,1005,1352,1016,1370,198,3
3875,193.671,18,knife,0.4363,1451,1153,1528,1255,7854,1
3875,193.671,18,Bottle,0.4100,61,472,89,510,1064,8410
3875,193.671,18,knife,0.2825,1452,1041,1536,1256,18060,1
3876,193.713,18,Cigarette,0.5857,1005,1352,1016,1370,198,3
3876,193.713,18,knife,0.4889,1451,1155,1532,1251,7776,1
3877,193.771,18,Cigarette,0.5823,1005,1352,1016,1370,198,3
3877,193.771,18,knife,0.3311,1447,1154,1532,1243,7565,1
3878,193.811,18,Cigarette,0.5837,1005,1352,1016,1370,198,3
3878,193.811,18,knife,0.4132,1444,1156,1532,1240,7392,1
3878,193.811,18,Cigarette,0.3133,111,435,142,455,620,8410
3879,193.869,18,Cigarette,0.5836,1005,1352,1016,1370,198,3
3879,193.869,18,Cigarette,0.5094,111,435,141,454,570,8410
3880,193.911,18,Cigarette,0.6126,111,435,141,454,570,8410
3880,193.911,18,Cigarette,0.5825,1005,1352,1016,1370,198,3
3881,193.976,18,Cigarette,0.6900,111,436,138,454,486,8410
3881,193.976,18,Cigarette,0.4094,1005,1353,1015,1371,180,3
3882,194.019,18,Cigarette,0.7257,112,437,138,454,442,8410
3882,194.019,18,Cigarette,0.4433,1005,1353,1015,1371,180,3
3883,194.060,18,Cigarette,0.6843,112,437,137,454,425,8410
3883,194.060,18,Cigarette,0.4369,1005,1353,1015,1371,180,3
3884,194.121,18,Cigarette,0.6408,112,438,137,454,400,8410
3884,194.121,18,Cigarette,0.4095,1005,1353,1015,1371,180,3
3885,194.161,18,Cigarette,0.5291,111,439,136,455,400,8410
3885,194.161,18,Cigarette,0.4091,1005,1353,1015,1371,180,3
3885,194.161,18,knife,0.3633,1399,1314,1446,1360,2162,1
3885,194.161,18,knife,0.2770,1420,1114,1450,1179,1950,1
3886,194.219,18,Cigarette,0.5516,111,439,135,456,408,8410
3886,194.219,18,Cigarette,0.4058,1005,1353,1015,1371,180,3
3886,194.219,18,knife,0.2735,1400,1315,1446,1360,2070,1
3887,194.261,18,Cigarette,0.4230,110,438,135,455,425,8410
3887,194.261,18,knife,0.3259,1400,1314,1446,1360,2116,1
3887,194.261,18,Cigarette,0.3022,1005,1352,1015,1370,180,3
3888,194.319,18,Bottle,0.5191,1482,341,1503,377,756,
3888,194.319,18,Cigarette,0.4870,110,438,136,455,442,8410
3888,194.319,18,knife,0.4617,1400,1313,1446,1361,2208,1
3888,194.319,18,Cigarette,0.3147,1005,1352,1015,1370,180,3
3889,194.360,18,Cigarette,0.5661,109,437,137,455,504,8410
3889,194.360,18,knife,0.5637,1400,1314,1447,1359,2115,1
3889,194.360,18,Cigarette,0.3228,1005,1352,1015,1370,180,3
3890,194.421,18,Cigarette,0.6397,109,437,138,455,522,8410
3890,194.421,18,Cigarette,0.3943,1005,1352,1015,1370,180,3
3890,194.421,18,knife,0.3687,1401,1314,1448,1358,2068,1
3891,194.460,18,Cigarette,0.6739,109,437,138,455,522,8410
3891,194.460,18,Cigarette,0.3500,1005,1352,1015,1370,180,3
3892,194.520,18,Cigarette,0.6903,110,437,138,455,504,8410
3892,194.520,18,knife,0.4830,1403,1313,1448,1357,1980,1
3892,194.520,18,Cigarette,0.3377,1005,1352,1015,1370,180,3
3893,194.561,18,Cigarette,0.7331,110,437,139,455,522,8410
3893,194.561,18,knife,0.5527,1402,1313,1448,1358,2070,1
3893,194.561,18,Cigarette,0.2662,1005,1353,1015,1371,180,3
3894,194.621,18,Cigarette,0.6874,111,438,139,454,448,8410
3894,194.621,18,knife,0.3848,1402,1312,1449,1358,2162,1
3894,194.621,18,Cigarette,0.2724,1005,1352,1015,1370,180,3
3895,194.660,18,Cigarette,0.5378,111,437,138,453,432,8410
3895,194.660,18,knife,0.2962,1403,1312,1448,1358,2070,1
3895,194.660,18,Cigarette,0.2749,1005,1352,1015,1370,180,3
3895,194.660,18,Bottle,0.2508,1227,396,1249,456,1320,
3896,194.720,18,Cigarette,0.3559,1005,1353,1015,1371,180,3
3896,194.720,18,Cigarette,0.2746,111,438,137,452,364,8410
3897,194.761,18,Cigarette,0.3492,1004,1352,1015,1370,198,3
3897,194.761,18,Bottle,0.2778,1223,438,1248,492,1350,
3898,194.819,18,knife,0.2844,1405,1308,1450,1357,2205,1
3898,194.819,18,Cigarette,0.2697,1005,1353,1015,1370,170,3
3899,194.860,18,Cigarette,0.4454,1004,1352,1015,1370,198,3
3899,194.860,18,Cigarette,0.3652,2478,649,2511,690,1353,
3900,194.919,18,Cigarette,0.3918,1004,1353,1015,1370,187,3
3900,194.919,18,knife,0.3214,1405,1310,1448,1357,2021,1
3900,194.919,18,Bottle,0.3034,656,311,688,389,2496,
3901,194.980,18,Cigarette,0.5732,1004,1352,1014,1370,180,3
3901,194.980,18,Bottle,0.5717,1457,576,1532,714,10350,
3901,194.980,18,Bottle,0.3625,1498,444,1528,470,780,
3901,194.980,18,Bottle,0.2808,1421,478,1448,536,1566,
3902,195.011,18,Cigarette,0.5658,1004,1352,1014,1370,180,3
3902,195.011,18,Bottle,0.4913,1083,374,1106,418,1012,
3902,195.011,18,Bottle,0.2878,1505,624,1534,714,2610,
3902,195.011,18,Bottle,0.2577,1041,362,1073,440,2496,
3903,195.070,18,Cigarette,0.6268,1004,1352,1014,1370,180,3
3903,195.070,18,Bottle,0.3900,610,310,646,382,2592,
3903,195.070,18,Bottle,0.3201,1561,576,1632,741,11715,
3904,195.111,18,Cigarette,0.6735,1004,1352,1014,1370,180,3
3904,195.111,18,Bottle,0.3812,596,296,628,379,2656,
3905,195.169,18,Cigarette,0.6736,1004,1352,1014,1370,180,3
3906,195.210,18,Cigarette,0.7369,1004,1352,1014,1370,180,3
3906,195.210,18,Bottle,0.3595,993,350,1018,395,1125,
3906,195.210,18,Cigarette,0.3078,1024,394,1041,415,357,
3907,195.269,18,Cigarette,0.6589,1004,1353,1014,1370,170,3
3907,195.269,18,Bottle,0.6232,1750,511,1779,606,2755,
3908,195.311,18,Cigarette,0.6770,1004,1353,1014,1370,170,3
3908,195.311,18,Bottle,0.3195,1408,424,1458,483,2950,
3909,195.371,18,Cigarette,0.6699,1004,1353,1014,1370,170,3
3910,195.411,18,Cigarette,0.6694,1004,1353,1014,1370,170,3
3910,195.411,18,Bottle,0.3990,1878,585,1900,637,1144,
3911,195.469,18,Cigarette,0.6694,1004,1353,1014,1370,170,3
3911,195.469,18,Cigarette,0.4153,2474,654,2547,689,2555,
3912,195.510,18,Cigarette,0.6575,1004,1353,1014,1370,170,3
3912,195.510,18,Cigarette,0.5431,2473,655,2525,687,1664,
3913,195.570,18,Cigarette,0.5969,1004,1352,1015,1370,198,3
3914,195.610,18,Cigarette,0.5912,1004,1352,1015,1370,198,3
3915,195.670,18,Cigarette,0.6866,1004,1352,1014,1370,180,3
3916,195.710,18,Cigarette,0.7364,1004,1352,1014,1369,170,3
3917,195.769,18,Cigarette,0.7323,1004,1352,1014,1369,170,3
3917,195.769,18,knife,0.3437,1403,1314,1446,1358,1892,1
3918,195.811,18,Cigarette,0.7355,1004,1352,1014,1369,170,3
3918,195.811,18,knife,0.5050,1403,1314,1446,1358,1892,1
3918,195.811,18,knife,0.3965,2019,774,2096,811,2849,
3919,195.869,18,knife,0.7367,1403,1314,1446,1358,1892,1
3919,195.869,18,Cigarette,0.7355,1004,1352,1014,1369,170,3
3920,195.912,18,Cigarette,0.7366,1004,1352,1014,1369,170,3
3920,195.912,18,knife,0.5696,1403,1314,1446,1358,1892,1
3921,195.977,18,knife,0.5800,1402,1314,1447,1358,1980,1
3921,195.977,18,Cigarette,0.5318,1005,1352,1014,1369,153,3
3922,196.021,18,knife,0.6281,1402,1314,1448,1358,2024,1
3922,196.021,18,Cigarette,0.3618,1004,1352,1015,1369,187,3
3923,196.070,18,knife,0.7523,1403,1314,1448,1357,1935,1
3923,196.070,18,Cigarette,0.5591,1004,1353,1014,1369,160,3
3924,196.112,18,knife,0.6982,1402,1313,1448,1358,2070,1
3924,196.112,18,Cigarette,0.5605,1004,1353,1014,1369,160,3
3925,196.169,18,Cigarette,0.5398,1004,1353,1014,1369,160,3
3926,196.210,18,Cigarette,0.5419,1004,1353,1014,1369,160,3
3927,196.270,18,Cigarette,0.5786,1004,1353,1014,1369,160,3
3927,196.270,18,knife,0.4383,1403,1311,1448,1358,2115,1
3928,196.311,18,Cigarette,0.5718,1004,1353,1014,1369,160,3
3929,196.370,18,Cigarette,0.5875,1004,1353,1014,1369,160,3
3930,196.411,18,Cigarette,0.5953,1004,1353,1014,1369,160,3
3930,196.411,18,knife,0.2618,1434,1034,1577,1270,33748,1
3931,196.469,18,Cigarette,0.5985,1004,1353,1014,1369,160,3
3931,196.469,18,knife,0.2940,1435,1036,1579,1267,33264,1
3932,196.510,18,Cigarette,0.5867,1004,1353,1014,1369,160,3
3933,196.569,18,Cigarette,0.5834,1004,1353,1014,1369,160,3
3934,196.611,18,Cigarette,0.5782,1004,1353,1014,1369,160,3
3935,196.670,18,Cigarette,0.5770,1004,1353,1014,1369,160,3
3936,196.710,18,Cigarette,0.5620,1004,1353,1014,1369,160,3
3937,196.772,18,Cigarette,0.5640,1004,1353,1014,1369,160,3
3937,196.772,18,Bottle,0.4014,66,466,99,507,1353,8410
3938,196.811,18,Cigarette,0.5596,1004,1353,1014,1369,160,3
3939,196.870,18,Cigarette,0.5587,1004,1353,1014,1369,160,3
3940,196.911,18,Cigarette,0.5578,1004,1353,1014,1369,160,3
3940,196.911,18,Cigarette,0.2762,1553,1186,1572,1200,266,1
3941,196.980,18,Cigarette,0.5929,1004,1352,1014,1369,170,3
3941,196.980,18,Cigarette,0.3054,122,434,149,454,540,8410
3942,197.018,18,Cigarette,0.5932,1004,1352,1014,1369,170,3
3942,197.018,18,Cigarette,0.3958,122,434,149,454,540,8410
3943,197.070,18,Cigarette,0.4202,1004,1353,1014,1369,160,3
3943,197.070,18,Cigarette,0.3253,122,434,148,454,520,8410
3944,197.111,18,Cigarette,0.6191,1004,1352,1014,1369,170,3
3944,197.111,18,Cigarette,0.3097,121,434,148,453,513,8410
3944,197.111,18,Bottle,0.2861,63,466,83,484,360,8410
3945,197.171,18,Cigarette,0.3674,1004,1352,1014,1369,170,3
3945,197.171,18,Cigarette,0.2528,122,435,147,453,450,8410
3946,197.211,18,Cigarette,0.4195,1003,1352,1014,1371,209,3
3947,197.269,18,Bottle,0.4522,62,467,79,483,272,8410
3947,197.269,18,Cigarette,0.3867,1003,1353,1013,1370,170,3
3947,197.269,18,Cigarette,0.2853,123,436,147,454,432,8410
3948,197.311,18,Bottle,0.6993,61,467,77,483,256,8410
3948,197.311,18,Cigarette,0.5337,1004,1353,1013,1370,153,3
3948,197.311,18,Cigarette,0.4980,123,435,147,456,504,8410
3949,197.369,18,Cigarette,0.5400,123,435,147,456,504,8410
3949,197.369,18,Cigarette,0.5364,1003,1353,1013,1370,170,3
3949,197.369,18,Bottle,0.4385,61,468,77,484,256,8410
3949,197.369,18,Bottle,0.3140,85,509,95,544,350,8410
3950,197.411,18,Cigarette,0.5337,1003,1353,1013,1370,170,3
3950,197.411,18,Bottle,0.4015,61,468,77,484,256,8410
3950,197.411,18,Cigarette,0.3477,123,435,146,456,483,8410
3950,197.411,18,Cigarette,0.3359,118,436,139,452,336,8410
3950,197.411,18,Bottle,0.2567,64,469,88,508,936,8410
3951,197.470,18,Bottle,0.6132,60,468,76,485,272,8410
3951,197.470,18,Cigarette,0.5479,1003,1353,1013,1370,170,3
3951,197.470,18,Cigarette,0.4305,117,436,137,452,320,8410
3951,197.470,18,Bottle,0.2972,98,589,117,611,418,8410
3952,197.510,18,Cigarette,0.4600,1003,1353,1013,1370,170,3
3952,197.510,18,Bottle,0.3756,60,469,79,485,304,8410
3953,197.569,18,Cigarette,0.6344,116,435,139,452,391,8410
3953,197.569,18,Cigarette,0.4938,1003,1353,1013,1370,170,3
3953,197.569,18,Bottle,0.4394,1008,434,1036,497,1764,
3953,197.569,18,Bottle,0.2679,63,470,88,510,1000,8410
3954,197.610,18,Cigarette,0.6371,1003,1354,1013,1371,170,3
3954,197.610,18,Bottle,0.5583,110,598,117,612,98,8410
3954,197.610,18,Cigarette,0.4694,115,436,137,452,352,8410
3954,197.610,18,Bottle,0.3568,63,471,89,510,1014,8410
3955,197.669,18,Cigarette,0.6288,1003,1354,1013,1371,170,3
3955,197.669,18,Bottle,0.5801,62,471,87,512,1025,8410
3955,197.669,18,Cigarette,0.5189,114,438,138,455,408,8410
3955,197.669,18,Bottle,0.3449,2479,639,2520,684,1845,
3956,197.710,18,Cigarette,0.6244,113,437,137,454,408,8410
3956,197.710,18,Cigarette,0.6086,1003,1354,1013,1370,160,3
3956,197.710,18,Bottle,0.5890,61,470,88,513,1161,8410
3956,197.710,18,Bottle,0.4203,931,419,957,480,1586,
3956,197.710,18,Bottle,0.2559,57,470,81,486,384,8410
3957,197.769,18,Cigarette,0.5806,112,437,137,454,425,8410
3957,197.769,18,Cigarette,0.5646,1003,1354,1013,1370,160,3
3957,197.769,18,Bottle,0.5496,61,470,88,513,1161,8410
3957,197.769,18,Cigarette,0.3454,1533,1048,1566,1102,1782,1
3958,197.810,18,Cigarette,0.6517,111,437,137,454,442,8410
3958,197.810,18,Cigarette,0.5417,1003,1354,1013,1371,170,3
3958,197.810,18,Bottle,0.3223,57,470,81,487,408,8410
3958,197.810,18,Bottle,0.2800,60,470,88,513,1204,8410
3958,197.810,18,Cigarette,0.2688,1545,1193,1567,1211,396,1
3959,197.870,18,Cigarette,0.6026,111,437,137,454,442,8410
3959,197.870,18,Cigarette,0.4513,1003,1354,1013,1371,170,3
3959,197.870,18,knife,0.3188,1403,1312,1450,1358,2162,1
3960,197.911,18,knife,0.6217,1404,1312,1448,1357,1980,1
3960,197.911,18,Cigarette,0.4569,1003,1354,1013,1371,170,3
3960,197.911,18,Cigarette,0.4538,112,438,135,453,345,8410
3961,197.991,18,Cigarette,0.6085,112,438,137,454,400,8410
3961,197.991,18,Cigarette,0.5715,1003,1354,1013,1371,170,3
3961,197.991,18,knife,0.2657,1404,1312,1447,1357,1935,1
3962,198.028,18,Cigarette,0.5941,1003,1354,1013,1371,170,3
3962,198.028,18,Cigarette,0.5081,112,437,136,453,384,8410
3963,198.070,18,Cigarette,0.5900,1003,1354,1013,1371,170,3
3963,198.070,18,knife,0.4410,1404,1311,1448,1357,2024,1
3963,198.070,18,Cigarette,0.2761,112,436,132,450,280,8410
3964,198.111,18,Cigarette,0.5669,1003,1354,1013,1371,170,3
3964,198.111,18,Cigarette,0.3387,112,436,132,451,300,8410
3964,198.111,18,knife,0.3085,1403,1311,1448,1358,2115,1
3965,198.169,18,Cigarette,0.5630,1003,1354,1013,1371,170,3
3966,198.211,18,Cigarette,0.5560,1003,1354,1013,1371,170,3
3966,198.211,18,Bottle,0.4714,63,468,77,483,210,8410
3966,198.211,18,Cigarette,0.3546,112,436,133,451,315,8410
3966,198.211,18,knife,0.2665,1402,1312,1448,1358,2116,1
3967,198.269,18,Cigarette,0.5807,1003,1354,1013,1371,170,3
3968,198.311,18,Cigarette,0.5805,1003,1354,1013,1371,170,3
3968,198.311,18,Bottle,0.3523,90,588,112,613,550,8410
3969,198.374,18,Cigarette,0.5727,1003,1354,1013,1371,170,3
3970,198.411,18,Cigarette,0.5811,1003,1354,1013,1371,170,3
3970,198.411,18,knife,0.5002,1452,1049,1561,1255,22454,1
3970,198.411,18,knife,0.2537,1450,1141,1533,1264,10209,1
3971,198.469,18,Cigarette,0.5491,1003,1354,1013,1371,170,3
3971,198.469,18,knife,0.4697,1451,1037,1558,1256,23433,1
3971,198.469,18,Cigarette,0.3412,113,435,140,451,432,8410
3971,198.469,18,knife,0.3172,1449,1156,1531,1259,8446,1
3972,198.510,18,Cigarette,0.5490,1003,1354,1013,1371,170,3
3972,198.510,18,Cigarette,0.3304,112,435,141,451,464,8410
3973,198.570,18,Cigarette,0.5256,1003,1354,1013,1371,170,3
3973,198.570,18,knife,0.3469,1448,1157,1533,1250,7905,1
3973,198.570,18,Cigarette,0.2818,113,436,141,450,392,8410
3974,198.611,18,Cigarette,0.3549,1003,1353,1013,1371,180,3
3975,198.669,18,Cigarette,0.3391,1003,1353,1013,1371,180,3
3975,198.669,18,Bottle,0.2524,103,587,121,610,414,8410
3976,198.711,18,Cigarette,0.3474,1003,1353,1013,1371,180,3
3977,198.769,18,Cigarette,0.5313,1003,1354,1013,1371,170,3
3978,198.811,18,Cigarette,0.5519,1003,1354,1013,1371,170,3
3979,198.870,18,Cigarette,0.5650,1003,1354,1013,1371,170,3
3980,198.911,18,Cigarette,0.5449,1003,1354,1013,1371,170,3
3980,198.911,18,knife,0.4382,1405,1315,1445,1357,1680,1
3980,198.911,18,Cigarette,0.3150,1528,1035,1556,1084,1372,1
3981,198.992,18,Cigarette,0.5518,1003,1353,1013,1371,180,3
3981,198.992,18,Cigarette,0.3492,1526,1034,1555,1089,1595,1
3984,199.119,18,Cigarette,0.2719,123,433,151,457,672,8410
3984,199.119,18,Cigarette,0.2531,1003,1354,1013,1371,170,3
3986,199.220,18,Cigarette,0.4457,1003,1353,1013,1371,180,3
3987,199.260,18,Cigarette,0.4280,1003,1353,1013,1371,180,3
3988,199.319,18,Cigarette,0.4358,1003,1353,1013,1371,180,3
3989,199.361,18,Cigarette,0.4332,1003,1353,1013,1371,180,3
3990,199.419,18,Cigarette,0.4365,1003,1353,1013,1371,180,3
3991,199.460,18,Cigarette,0.4352,1003,1353,1013,1371,180,3
3991,199.460,18,Cigarette,0.3318,1543,1052,1574,1103,1581,1
3992,199.519,18,Cigarette,0.4641,1003,1353,1013,1371,180,3
3993,199.560,18,Bottle,0.7419,1207,406,1218,444,418,8741
3993,199.560,18,Cigarette,0.4640,1003,1353,1013,1371,180,3
3993,199.560,18,Bottle,0.4056,1193,388,1204,411,253,8741
3994,199.620,18,Cigarette,0.4649,1003,1353,1013,1371,180,3
3995,199.661,18,Cigarette,0.4663,1003,1353,1013,1371,180,3
3996,199.720,18,Cigarette,0.4531,1003,1353,1013,1371,180,3
3997,199.760,18,Cigarette,0.4522,1003,1353,1013,1371,180,3
3998,199.820,18,Cigarette,0.4629,1003,1353,1013,1371,180,3
3999,199.861,18,Bottle,0.4854,2048,576,2111,679,6489,
3999,199.861,18,Cigarette,0.4588,1003,1353,1013,1371,180,3
4000,199.919,18,Cigarette,0.5070,1003,1353,1013,1371,180,3
4000,199.919,18,Cigarette,0.3649,123,430,151,456,728,8410
4000,199.919,18,Bottle,0.3282,853,342,879,359,442,8701
4000,199.919,18,Bottle,0.2870,746,469,766,514,900,8701
4001,199.991,18,Cigarette,0.4143,1003,1353,1013,1371,180,3
4001,199.991,18,Bottle,0.3650,1975,567,2035,653,5160,
4002,200.034,18,Cigarette,0.5268,1003,1353,1013,1371,180,3
4003,200.069,18,Bottle,0.7367,846,325,858,352,324,8783
4003,200.069,18,Cigarette,0.5402,1003,1353,1013,1371,180,3
4003,200.069,18,Cigarette,0.2899,123,432,151,454,616,8410
4004,200.110,18,Cigarette,0.5366,1003,1353,1013,1371,180,3
4004,200.110,18,Bottle,0.4330,600,353,616,369,256,8701
4004,200.110,18,Bottle,0.3237,647,298,664,318,340,8701
4004,200.110,18,Cigarette,0.2793,123,432,151,454,616,8410
4005,200.169,18,Cigarette,0.5243,1003,1353,1013,1371,180,3
4005,200.169,18,Bottle,0.4250,564,348,580,362,224,8701
4005,200.169,18,Bottle,0.3361,788,316,801,343,351,8783
4006,200.211,18,Cigarette,0.5031,1003,1353,1013,1371,180,3
4006,200.211,18,Bottle,0.3149,531,343,545,357,196,8701
4007,200.270,18,Bottle,0.7675,499,339,515,353,224,8701
4007,200.270,18,Cigarette,0.5021,1003,1353,1013,1371,180,3
4007,200.270,18,Bottle,0.3616,533,353,545,386,396,8701
4008,200.310,18,Cigarette,0.5038,1003,1353,1013,1371,180,3
4008,200.310,18,Bottle,0.4283,469,335,489,350,300,8701
4009,200.369,18,Cigarette,0.5084,1003,1353,1013,1371,180,3
4010,200.411,18,Bottle,0.7298,416,326,432,340,224,8701
4010,200.411,18,Cigarette,0.5085,1003,1353,1013,1371,180,3
4011,200.469,18,Cigarette,0.5068,1003,1353,1013,1371,180,3
4011,200.469,18,Bottle,0.3029,65,489,80,508,285,8410
4012,200.511,18,Cigarette,0.5007,1003,1353,1013,1371,180,3
4013,200.569,18,Cigarette,0.5000,1003,1353,1013,1371,180,3
4013,200.569,18,Bottle,0.3674,345,316,360,329,195,8701
4014,200.610,18,Cigarette,0.5086,1003,1353,1013,1371,180,3
4015,200.669,18,Cigarette,0.5088,1003,1353,1013,1371,180,3
4016,200.710,18,Cigarette,0.5126,1003,1353,1013,1371,180,3
4016,200.710,18,Bottle,0.3189,59,471,86,510,1053,8410
4017,200.769,18,Cigarette,0.5243,1003,1353,1013,1371,180,3
4017,200.769,18,Bottle,0.4027,550,375,560,389,140,8783
4017,200.769,18,Bottle,0.3749,60,471,86,510,1014,8410
4017,200.769,18,Bottle,0.3501,543,350,561,389,702,8783
4018,200.812,18,Cigarette,0.5437,1003,1353,1013,1371,180,3
4018,200.812,18,Bottle,0.3921,60,472,88,511,1092,8410
4018,200.812,18,Bottle,0.2639,453,351,466,377,338,8783
4019,200.870,18,Cigarette,0.5558,1003,1353,1013,1371,180,3
4019,200.870,18,knife,0.5071,1412,1310,1449,1348,1406,1
4019,200.870,18,Bottle,0.5025,444,287,473,319,928,8783
4019,200.870,18,Bottle,0.4808,60,471,89,511,1160,8410
4019,200.870,18,Cigarette,0.4249,1496,575,1514,585,180,
4019,200.870,18,Cigarette,0.3352,113,438,136,454,368,8410
4019,200.870,18,Bottle,0.2855,484,278,496,302,288,8783
4019,200.870,18,Bottle,0.2592,612,222,619,235,91,8818
4020,200.911,18,Cigarette,0.5834,113,438,138,455,425,8410
4020,200.911,18,Cigarette,0.5584,1003,1353,1013,1371,180,3
4020,200.911,18,Bottle,0.5250,60,472,87,511,1053,8410
4020,200.911,18,knife,0.4187,1413,1311,1449,1347,1296,1
4020,200.911,18,Bottle,0.3809,424,346,428,373,108,8783
4021,200.991,18,knife,0.5902,1415,1312,1447,1347,1120,1
4021,200.991,18,Cigarette,0.5429,114,439,138,456,408,8410
4021,200.991,18,Cigarette,0.4788,1003,1353,1013,1371,180,3
4021,200.991,18,Bottle,0.3706,208,297,219,307,110,8701
4021,200.991,18,Cigarette,0.3210,2530,674,2557,691,459,
4022,201.033,18,knife,0.5430,1415,1312,1448,1347,1155,1
4022,201.033,18,Cigarette,0.4496,1003,1353,1013,1370,170,3
4022,201.033,18,Cigarette,0.4473,2496,664,2542,686,1012,
4022,201.033,18,Cigarette,0.4420,114,439,138,455,384,8410
4022,201.033,18,knife,0.2826,1403,1404,1536,1440,4788,1
4023,201.069,18,Cigarette,0.4475,1003,1353,1013,1371,180,3
4023,201.069,18,Bottle,0.4424,59,473,98,516,1677,8410
4023,201.069,18,Cigarette,0.4049,114,439,139,455,400,8410
4023,201.069,18,Bottle,0.3107,236,252,244,272,160,8701
4023,201.069,18,knife,0.2620,1403,1405,1536,1440,4655,1
4024,201.111,18,knife,0.3785,1406,1313,1447,1356,1763,1
4025,201.169,18,Cigarette,0.4930,114,438,140,457,494,8410
4025,201.169,18,knife,0.3595,1404,1312,1447,1359,2021,1
4025,201.169,18,Cigarette,0.2548,1003,1353,1013,1371,180,3
4026,201.210,18,Cigarette,0.5055,114,439,139,457,450,8410
4026,201.210,18,Bottle,0.4740,59,473,94,515,1470,8410
4026,201.210,18,Cigarette,0.2514,1003,1353,1013,1371,180,3
4027,201.269,18,Cigarette,0.4012,113,438,137,456,432,8410
4027,201.269,18,Cigarette,0.2984,1003,1353,1013,1371,180,3
4028,201.310,18,Bottle,0.4157,326,336,334,346,80,8783
4028,201.310,18,Cigarette,0.3631,1002,1353,1013,1371,198,3
4028,201.310,18,Bottle,0.2693,59,477,93,513,1224,8410
4028,201.310,18,Cigarette,0.2537,113,439,137,457,432,8410
4029,201.370,18,Cigarette,0.3519,1002,1353,1013,1371,198,3
4029,201.370,18,Cigarette,0.2605,114,438,138,456,432,8410
4030,201.410,18,Cigarette,0.3748,1002,1353,1013,1371,198,3
4030,201.410,18,Cigarette,0.2547,114,438,138,455,408,8410
4031,201.470,18,Cigarette,0.3830,1002,1353,1013,1371,198,3
4031,201.470,18,Bottle,0.2565,1029,389,1082,458,3657,8853
4032,201.511,18,Cigarette,0.3613,1003,1353,1013,1371,180,3
4033,201.570,18,Bottle,0.6924,2050,577,2109,676,5841,
4033,201.570,18,Cigarette,0.3670,1003,1353,1013,1371,180,3
4034,201.611,18,Cigarette,0.5352,2067,597,2104,626,1073,
4034,201.611,18,Cigarette,0.5240,1002,1353,1013,1371,198,3
4035,201.669,18,Cigarette,0.5385,1002,1353,1013,1371,198,3
4036,201.711,18,Bottle,0.6111,906,256,915,284,252,8853
4036,201.711,18,Cigarette,0.5382,1002,1353,1013,1371,198,3
4037,201.770,18,Cigarette,0.5280,1002,1353,1013,1371,198,3
4037,201.770,18,Cigarette,0.3442,2198,737,2226,751,392,
4038,201.814,18,Cigarette,0.5378,1003,1353,1013,1371,180,3
4038,201.814,18,Cigarette,0.3355,2476,642,2503,675,891,
4039,201.870,18,Cigarette,0.5552,1003,1353,1013,1371,180,3
4040,201.912,18,Cigarette,0.4592,1002,1353,1013,1371,198,3
4041,201.990,18,Cigarette,0.5913,1003,1353,1013,1371,180,3
4042,202.034,18,Cigarette,0.6005,1003,1353,1013,1371,180,3
4043,202.060,18,Cigarette,0.6033,1003,1353,1013,1371,180,3
4044,202.119,18,Cigarette,0.5935,1003,1353,1013,1371,180,3
4045,202.161,18,Cigarette,0.6466,1003,1353,1013,1371,180,3
4045,202.161,18,Cigarette,0.3064,2281,477,2320,530,2067,
4046,202.219,18,Cigarette,0.5927,1003,1353,1013,1371,180,3
4047,202.261,18,Cigarette,0.5891,1003,1353,1013,1371,180,3
4047,202.261,18,Cigarette,0.2551,126,437,152,462,650,8410
4048,202.320,18,Cigarette,0.5916,1003,1353,1013,1371,180,3
4048,202.320,18,Cigarette,0.2700,125,437,152,462,675,8410
4049,202.360,18,Cigarette,0.5882,1003,1353,1013,1371,180,3
4049,202.360,18,Cigarette,0.2816,126,437,152,461,624,8410
4050,202.420,18,Cigarette,0.5838,1003,1353,1013,1371,180,3
4050,202.420,18,Cigarette,0.2604,126,437,152,461,624,8410
4051,202.460,18,Cigarette,0.6050,1003,1353,1013,1371,180,3
4051,202.460,18,Cigarette,0.2994,126,437,152,462,650,8410
4052,202.519,18,Cigarette,0.6076,1003,1353,1013,1371,180,3
4052,202.519,18,Cigarette,0.3139,126,436,152,461,650,8410
4053,202.562,18,Cigarette,0.6076,1003,1353,1013,1371,180,3
4053,202.562,18,Cigarette,0.2684,126,437,152,461,624,8410
4054,202.619,18,Cigarette,0.6740,1003,1353,1013,1371,180,3
4054,202.619,18,Cigarette,0.2518,126,437,153,461,648,8410
4055,202.661,18,Cigarette,0.6578,1003,1354,1013,1371,170,3
4055,202.661,18,knife,0.4036,1401,1313,1447,1360,2162,1
4055,202.661,18,Cigarette,0.2953,126,437,153,462,675,8410
4056,202.720,18,Cigarette,0.6637,1003,1353,1013,1371,180,3
4056,202.720,18,Cigarette,0.3675,126,436,154,462,728,8410
4056,202.720,18,Bottle,0.2700,420,259,433,285,338,8853
4057,202.761,18,Cigarette,0.7569,1003,1353,1013,1370,170,3
4057,202.761,18,Bottle,0.6042,404,258,417,284,338,8853
4057,202.761,18,Bottle,0.3347,1689,562,1723,643,2754,
4058,202.819,18,Cigarette,0.7208,1003,1353,1013,1371,180,3
4059,202.861,18,Cigarette,0.6225,1003,1354,1013,1371,170,3
4060,202.919,18,Cigarette,0.6276,1003,1354,1013,1371,170,3
4061,202.981,18,Cigarette,0.5445,1003,1353,1013,1371,180,3
4061,202.981,18,Bottle,0.5057,1495,520,1535,606,3440,
4061,202.981,18,knife,0.3578,1454,1142,1533,1258,9164,1
4061,202.981,18,Bottle,0.3177,10,301,50,395,3760,
4061,202.981,18,knife,0.2629,1400,1312,1447,1360,2256,1
4062,203.018,18,Bottle,0.6854,14,297,56,401,4368,
4062,203.018,18,Cigarette,0.5238,1003,1353,1013,1370,170,3
4063,203.069,18,Bottle,0.6430,16,285,62,401,5336,
4063,203.069,18,Cigarette,0.5139,1003,1353,1013,1371,180,3
4063,203.069,18,knife,0.4124,1401,1311,1448,1360,2303,1
4063,203.069,18,knife,0.2823,1457,1037,1563,1266,24274,1
4064,203.111,18,Cigarette,0.5665,1003,1353,1013,1371,180,3
4064,203.111,18,knife,0.4819,1401,1310,1448,1360,2350,1
4064,203.111,18,knife,0.3508,1456,1034,1568,1269,26320,1
4064,203.111,18,Bottle,0.3192,57,402,71,410,112,8410
4064,203.111,18,Bottle,0.2723,28,312,71,398,3698,
4065,203.171,18,Cigarette,0.6490,1003,1353,1013,1370,170,3
4065,203.171,18,knife,0.4878,1402,1311,1448,1359,2208,1
4065,203.171,18,Bottle,0.3539,65,402,82,413,187,8410
4066,203.211,18,Cigarette,0.6401,1003,1353,1013,1370,170,3
4066,203.211,18,knife,0.5102,1402,1310,1448,1359,2254,1
4066,203.211,18,Cigarette,0.3266,1535,1013,1538,1030,51,1
4066,203.211,18,knife,0.2989,1453,1144,1532,1273,10191,1
4067,203.269,18,Cigarette,0.6297,1003,1353,1013,1371,180,3
4067,203.269,18,Cigarette,0.4146,1535,1011,1538,1029,54,1
4067,203.269,18,knife,0.3274,1449,1147,1532,1276,10707,1
4067,203.269,18,knife,0.2570,1402,1311,1449,1359,2256,1
4068,203.310,18,Cigarette,0.5764,1003,1353,1013,1371,180,3
4068,203.310,18,Cigarette,0.4300,1535,1010,1539,1027,68,1
4069,203.369,18,Cigarette,0.5991,1003,1353,1013,1371,180,3
4069,203.369,18,knife,0.4731,1448,1142,1531,1273,10873,1
4070,203.410,18,Cigarette,0.6278,1003,1353,1013,1371,180,3
4070,203.410,18,knife,0.3572,1449,1032,1565,1267,27260,1
4070,203.410,18,knife,0.3503,1446,1143,1531,1269,10710,1
4071,203.469,18,Cigarette,0.6351,1003,1353,1013,1371,180,3
4071,203.469,18,knife,0.4242,1446,1031,1566,1263,27840,1
4071,203.469,18,knife,0.3655,1447,1141,1532,1266,10625,1
4072,203.510,18,Cigarette,0.6313,1003,1353,1013,1371,180,3
4072,203.510,18,knife,0.3562,1446,1140,1532,1263,10578,1
4072,203.510,18,knife,0.3239,1447,1041,1559,1259,24416,1
4073,203.569,18,Cigarette,0.6243,1003,1353,1013,1371,180,3
4074,203.614,18,Cigarette,0.6307,1002,1353,1013,1371,198,3
4075,203.669,18,Cigarette,0.6140,1003,1353,1013,1371,180,3
4076,203.711,18,Cigarette,0.6364,1003,1353,1013,1371,180,3
4076,203.711,18,knife,0.2656,1395,1312,1447,1363,2652,1
4077,203.769,18,Cigarette,0.6383,1002,1353,1013,1371,198,3
4077,203.769,18,knife,0.5622,1394,1313,1446,1365,2704,1
4078,203.810,18,knife,0.6345,1395,1312,1447,1364,2704,1
4078,203.810,18,Cigarette,0.6317,1003,1353,1013,1370,170,3
4079,203.870,18,knife,0.6417,1395,1313,1447,1364,2652,1
4079,203.870,18,Cigarette,0.6230,1002,1353,1013,1371,198,3
4080,203.911,18,knife,0.6662,1395,1313,1447,1364,2652,1
4080,203.911,18,Cigarette,0.6318,1002,1353,1013,1371,198,3
4081,203.991,18,Cigarette,0.5518,1002,1353,1013,1371,198,3
4081,203.991,18,knife,0.4955,1396,1312,1447,1363,2601,1
4082,204.037,18,Cigarette,0.4343,1003,1353,1013,1371,180,3
4082,204.037,18,knife,0.3676,1396,1312,1447,1364,2652,1
4083,204.060,18,Cigarette,0.3293,1003,1353,1013,1371,180,3
4084,204.119,18,Cigarette,0.3365,1003,1353,1013,1371,180,3
4085,204.160,18,Bottle,0.6817,63,480,89,510,780,8410
4085,204.160,18,Cigarette,0.3823,1003,1353,1013,1371,180,3
4086,204.219,18,Bottle,0.7408,62,480,92,511,930,8410
4086,204.219,18,Cigarette,0.3360,1003,1353,1013,1371,180,3
4087,204.261,18,Bottle,0.7471,63,479,94,511,992,8410
4087,204.261,18,Cigarette,0.3005,1003,1353,1013,1370,170,3
4088,204.319,18,Cigarette,0.4368,1003,1353,1012,1370,153,3
4089,204.361,18,Cigarette,0.4506,1003,1353,1013,1370,170,3
4089,204.361,18,knife,0.2914,1404,1310,1449,1358,2160,1
4090,204.419,18,knife,0.4474,1405,1311,1449,1357,2024,1
4090,204.419,18,knife,0.4216,1449,1049,1564,1269,25300,1
4090,204.419,18,Cigarette,0.3957,1003,1353,1013,1370,170,3
4091,204.461,18,knife,0.5200,1406,1312,1449,1357,1935,1
4091,204.461,18,Cigarette,0.3555,1003,1353,1013,1370,170,3
4092,204.520,18,Cigarette,0.3710,1003,1353,1013,1370,170,3
4093,204.561,18,knife,0.3944,1453,1065,1570,1272,24219,1
4093,204.561,18,Cigarette,0.3619,1003,1353,1013,1370,170,3
4093,204.561,18,knife,0.3238,1408,1312,1448,1353,1640,1
4093,204.561,18,Cigarette,0.3049,756,418,769,441,299,
4094,204.619,18,knife,0.4718,1453,1068,1571,1271,23954,1
4094,204.619,18,Cigarette,0.3968,1003,1353,1013,1370,170,3
4095,204.660,18,Cigarette,0.4845,1004,1353,1013,1369,144,3
4096,204.719,18,Cigarette,0.4880,1004,1353,1013,1369,144,3
4097,204.760,18,Cigarette,0.4734,1003,1353,1013,1371,180,3
4098,204.819,18,Cigarette,0.4381,1003,1353,1013,1370,170,3
4098,204.819,18,knife,0.2838,924,468,941,479,187,8984
4099,204.861,18,knife,0.2614,1442,1094,1572,1287,25090,1
4101,204.992,18,Cigarette,0.2804,88,403,109,422,399,8410
4107,205.261,18,Cigarette,0.3455,89,402,110,421,399,8410
4110,205.419,18,Cigarette,0.5788,1002,1354,1012,1370,160,3
4110,205.419,18,Cigarette,0.3117,1538,1216,1560,1231,330,1
4111,205.460,18,Cigarette,0.2601,1003,1354,1012,1370,144,3
4115,205.660,18,Cigarette,0.4897,1003,1353,1013,1370,170,3
4115,205.660,18,knife,0.3012,90,402,113,419,391,8410
4116,205.719,18,knife,0.5234,91,402,112,418,336,8410
4116,205.719,18,Cigarette,0.3437,1543,1193,1562,1207,266,1
4117,205.761,18,knife,0.6461,92,402,112,418,320,8410
4117,205.761,18,Cigarette,0.3222,1547,1191,1565,1205,252,1
4120,205.919,18,Bottle,0.3741,79,504,86,520,112,8410
4120,205.919,18,Bottle,0.3255,87,499,89,520,42,8410
4120,205.919,18,Bottle,0.2688,86,507,89,520,39,8410
4120,205.919,18,Cigarette,0.2524,92,402,113,417,315,8410
4121,205.982,18,knife,0.5942,92,401,113,418,357,8410
4121,205.982,18,Cigarette,0.3838,1006,1352,1014,1368,128,3
4121,205.982,18,Cigarette,0.2884,1532,1135,1578,1158,1058,1
4122,206.021,18,Cigarette,0.5087,1006,1351,1014,1367,128,3
4122,206.021,18,Bottle,0.3031,85,492,93,519,216,8410
4123,206.061,18,Cigarette,0.3649,1006,1351,1014,1367,128,3
4124,206.119,18,Cigarette,0.3371,95,410,100,417,35,8410
4124,206.119,18,Cigarette,0.3248,1005,1352,1014,1368,144,3
4127,206.260,18,Cigarette,0.2719,95,404,107,418,168,8998
4128,206.319,18,Bottle,0.2717,80,478,94,488,140,8998
4130,206.419,18,Cigarette,0.2743,1003,1352,1013,1371,190,3
4131,206.460,18,Bottle,0.6654,65,395,81,412,272,8410
4132,206.519,18,knife,0.7033,1404,1310,1449,1357,2115,1
4133,206.560,18,knife,0.6673,1404,1311,1449,1357,2070,1
4136,206.719,18,Cigarette,0.5746,1002,1356,1011,1373,153,3
4137,206.760,18,Cigarette,0.5835,1004,1360,1013,1373,117,3
4138,206.823,18,Cigarette,0.5499,1005,1356,1015,1371,150,3
4139,206.861,18,Cigarette,0.3950,1005,1357,1016,1371,154,3
4140,206.919,18,Cigarette,0.2594,1006,1357,1016,1371,140,3
4141,206.992,18,Cigarette,0.6594,1006,1357,1016,1369,120,3
4142,207.037,18,knife,0.3194,1400,1311,1448,1360,2352,1
4147,207.269,18,Bottle,0.2746,668,285,675,310,175,9114
4148,207.310,18,Bottle,0.7005,140,374,186,424,2300,8410
4149,207.370,18,Cigarette,0.3957,1018,1353,1030,1367,168,3
4149,207.370,18,Cigarette,0.3216,2482,623,2496,644,294,
4150,207.410,18,Cigarette,0.5094,1017,1353,1029,1367,168,3
4151,207.469,18,Bottle,0.3572,131,396,143,407,132,8410
4151,207.469,18,Bottle,0.3309,147,372,183,424,1872,8410
4151,207.469,18,Cigarette,0.2798,1017,1352,1029,1368,192,3
4152,207.511,18,Bottle,0.4253,155,374,184,423,1421,9113
4152,207.511,18,Bottle,0.2740,133,395,146,408,169,8410
4153,207.569,18,Bottle,0.4193,156,376,189,425,1617,9113
4153,207.569,18,Cigarette,0.2975,158,400,174,423,368,9113
4154,207.610,18,Bottle,0.2629,147,410,164,458,816,8410
4156,207.710,18,Bottle,0.7589,545,279,558,304,325,9133
4157,207.769,18,Bottle,0.3744,525,277,538,301,312,9133
4159,207.869,18,Bottle,0.4058,186,378,198,409,372,9113
4160,207.910,18,Bottle,0.3363,177,378,211,434,1904,9113
4161,207.993,18,knife,0.2896,1403,1405,1536,1440,4655,1
4163,208.061,18,Bottle,0.7519,421,267,432,287,220,9133
4163,208.061,18,Bottle,0.6973,348,266,361,295,377,9133
4163,208.061,18,Bottle,0.5296,347,265,357,277,120,9133
4163,208.061,18,Cigarette,0.2911,189,409,205,433,384,9113
4163,208.061,18,knife,0.2880,1403,1406,1534,1440,4454,1
4164,208.119,18,Bottle,0.4545,405,265,417,286,252,9133
4164,208.119,18,Cigarette,0.3348,1461,1259,1467,1265,36,1
4164,208.119,18,knife,0.2868,1402,1410,1536,1440,4020,1
4164,208.119,18,Bottle,0.2728,334,266,345,293,297,9133
4165,208.160,18,Bottle,0.4168,200,359,231,439,2480,9113
4165,208.160,18,knife,0.3258,1402,1411,1536,1440,3886,1
4166,208.219,18,Bottle,0.5729,202,357,236,442,2890,9113
4166,208.219,18,knife,0.2828,1402,1412,1536,1440,3752,1
4167,208.260,18,Bottle,0.5684,209,363,240,443,2480,9113
4168,208.319,18,Bottle,0.5785,153,580,181,647,1876,
4169,208.360,18,Bottle,0.3958,222,360,249,443,2241,9113
4170,208.419,18,Bottle,0.6352,223,359,252,441,2378,9113
4170,208.419,18,Bottle,0.2584,154,588,180,647,1534,
4170,208.419,18,knife,0.2525,1406,1312,1448,1356,1848,1
4171,208.461,18,Bottle,0.2938,228,360,259,440,2480,9113
4172,208.519,18,Bottle,0.4037,231,360,255,443,1992,9113
4172,208.519,18,Bottle,0.2565,63,478,95,509,992,8410
4173,208.560,18,Bottle,0.4735,236,362,262,448,2236,9113
4173,208.560,18,Bottle,0.3806,63,478,95,509,992,8410
4174,208.619,18,Bottle,0.6449,236,369,268,455,2752,9113
4174,208.619,18,Bottle,0.5964,63,478,96,509,1023,8410
4174,208.619,18,Bottle,0.3208,149,564,183,646,2788,
4175,208.662,18,Bottle,0.6643,239,372,271,461,2848,9113
4175,208.662,18,Bottle,0.5009,63,478,96,509,1023,8410
4175,208.662,18,Bottle,0.3625,148,564,183,647,2905,
4176,208.719,18,Bottle,0.6290,64,478,96,509,992,8410
4176,208.719,18,Bottle,0.3638,149,565,183,646,2754,
4176,208.719,18,Bottle,0.3632,247,375,277,461,2580,9113
4177,208.760,18,Bottle,0.5595,64,478,96,509,992,8410
4177,208.760,18,knife,0.4910,1397,1311,1447,1364,2650,1
4177,208.760,18,Bottle,0.3372,238,374,291,500,6678,9113
4177,208.760,18,Bottle,0.3353,148,565,183,646,2835,
4178,208.819,18,knife,0.5622,1396,1311,1447,1365,2754,1
4178,208.819,18,Bottle,0.5523,64,479,96,510,992,8410
4178,208.819,18,Cigarette,0.3418,1024,417,1040,444,432,
4178,208.819,18,Bottle,0.3379,148,565,183,646,2835,
4178,208.819,18,Bottle,0.3260,255,380,277,467,1914,9113
4179,208.861,18,Bottle,0.6613,63,479,96,510,1023,8410
4179,208.861,18,knife,0.6451,1396,1311,1447,1364,2703,1
4179,208.861,18,Bottle,0.3257,149,564,183,646,2788,
4180,208.923,18,Bottle,0.5659,64,479,96,510,992,8410
4180,208.923,18,knife,0.5581,1395,1312,1447,1365,2756,1
4180,208.923,18,Bottle,0.5311,259,376,288,461,2465,9113
4180,208.923,18,Bottle,0.3219,150,563,184,646,2822,
4182,209.017,18,Cigarette,0.3685,98,402,116,415,234,8410
4182,209.017,18,Bottle,0.2544,63,479,94,511,992,8410
4183,209.069,18,Cigarette,0.4543,1497,575,1515,586,198,
4184,209.110,18,Bottle,0.3852,64,479,94,510,930,8410
4184,209.110,18,Cigarette,0.2627,1498,575,1514,585,160,
4185,209.170,18,Bottle,0.4410,63,479,94,510,961,8410
4186,209.211,18,Bottle,0.3766,145,286,155,307,210,9223
4186,209.211,18,Bottle,0.3182,63,479,94,511,992,8410
4186,209.211,18,knife,0.2823,1403,1405,1536,1440,4655,1
4187,209.269,18,Bottle,0.5069,300,382,334,474,3128,9113
4187,209.269,18,Bottle,0.3851,63,479,94,511,992,8410
4187,209.269,18,knife,0.3371,1403,1405,1536,1440,4655,1
4188,209.311,18,Bottle,0.4586,64,480,94,510,900,8410
4188,209.311,18,knife,0.3530,1403,1404,1535,1440,4752,1
4189,209.369,18,knife,0.7536,327,529,338,572,473,9113
4189,209.369,18,Bottle,0.3731,63,480,94,510,930,8410
4190,209.410,18,Bottle,0.3936,1252,444,1263,468,264,9236
4190,209.410,18,Bottle,0.3883,62,480,94,510,960,8410
4191,209.469,18,Bottle,0.5124,62,480,94,510,960,8410
4191,209.469,18,Cigarette,0.3624,1146,409,1158,422,156,9236
4192,209.510,18,Bottle,0.7059,335,380,364,473,2697,9113
4192,209.510,18,Bottle,0.6020,63,480,94,510,930,8410
4192,209.510,18,Bottle,0.3082,1189,426,1203,453,378,9236
4192,209.510,18,knife,0.2939,1403,1404,1528,1439,4375,1
4193,209.570,18,Bottle,0.6737,339,377,368,477,2900,9113
4193,209.570,18,Bottle,0.5872,63,480,94,510,930,8410
4193,209.570,18,Cigarette,0.5652,367,416,375,421,40,9113
4193,209.570,18,Bottle,0.4808,1080,343,1108,386,1204,9236
4193,209.570,18,knife,0.3236,1403,1403,1523,1439,4320,1
4194,209.610,18,Bottle,0.4769,63,480,94,510,930,8410
4194,209.610,18,knife,0.2783,1403,1404,1524,1439,4235,1
4195,209.669,18,Bottle,0.4672,63,480,94,510,930,8410
4196,209.710,18,Bottle,0.6034,423,220,435,232,144,9260
4196,209.710,18,Bottle,0.4818,63,480,94,510,930,8410
4196,209.710,18,Bottle,0.4128,407,508,424,535,459,9113
4196,209.710,18,Bottle,0.3184,465,240,482,264,408,9260
4196,209.710,18,Bottle,0.3132,413,263,432,284,399,9260
4196,209.710,18,Bottle,0.2848,434,220,440,231,66,9260
4196,209.710,18,Bottle,0.2562,985,321,997,348,324,9236
4197,209.769,18,Bottle,0.4300,63,480,94,510,930,8410
4197,209.769,18,Bottle,0.3821,974,335,996,365,660,9236
4197,209.769,18,knife,0.2503,1403,1404,1526,1439,4305,1
4198,209.811,18,Bottle,0.4127,371,448,393,497,1078,9113
4198,209.811,18,Bottle,0.3719,62,480,94,510,960,8410
4198,209.811,18,Bottle,0.2824,369,408,394,497,2225,9113
4199,209.870,18,Bottle,0.3112,63,480,94,509,899,8410
4199,209.870,18,Bottle,0.3013,380,398,415,498,3500,9113
4199,209.870,18,Bottle,0.2922,438,521,450,548,324,9113
4199,209.870,18,Bottle,0.2736,926,327,944,357,540,9236
4199,209.870,18,Bottle,0.2732,376,434,397,500,1386,9113
4200,209.911,18,Bottle,0.5907,379,399,418,504,4095,9113
4200,209.911,18,Bottle,0.3317,63,480,94,510,930,8410
4201,209.984,18,knife,0.2828,1403,1404,1520,1439,4095,1
4202,210.024,18,Bottle,0.6174,1528,359,1540,367,96,9219
4202,210.024,18,knife,0.3208,1403,1404,1521,1439,4130,1
4202,210.024,18,Bottle,0.2541,391,395,433,499,4368,9113
4203,210.060,18,knife,0.2730,1403,1404,1522,1438,4046,1
4204,210.122,18,knife,0.2525,1403,1404,1523,1438,4080,1
4205,210.160,18,Bottle,0.4606,860,258,868,274,128,9236
4210,210.419,18,knife,0.5333,477,586,496,614,532,9113
4210,210.419,18,Cigarette,0.3131,476,487,493,511,408,9113
4211,210.460,18,knife,0.4600,494,592,504,624,320,9113
4215,210.660,18,Bottle,0.8196,637,262,655,297,630,9236
4215,210.660,18,Bottle,0.6691,575,573,591,603,480,9113
4215,210.660,18,Bottle,0.4355,612,226,619,234,56,9236
4217,210.760,18,Cigarette,0.3034,171,261,192,303,882,
4217,210.760,18,knife,0.2575,1403,1404,1510,1439,3745,1
4219,210.861,18,Bottle,0.3221,553,410,601,536,6048,9113
4219,210.861,18,Bottle,0.3066,627,559,644,583,408,9113
4219,210.861,18,Cigarette,0.2568,130,440,153,464,552,8410
4219,210.861,18,knife,0.2551,991,1359,1012,1440,1701,3
4220,210.921,18,Bottle,0.4768,567,501,593,538,962,9113
4220,210.921,18,Cigarette,0.4636,602,471,611,474,27,9113
4220,210.921,18,Cigarette,0.3764,140,256,163,306,1150,
4220,210.921,18,knife,0.3061,991,1362,1012,1440,1638,3
4220,210.921,18,Bottle,0.2867,569,433,602,538,3465,9113
4221,210.992,18,Bottle,0.6148,570,414,622,536,6344,9113
4221,210.992,18,knife,0.4051,990,1357,1013,1440,1909,3
4221,210.992,18,Cigarette,0.2677,131,441,153,464,506,8410
4222,211.036,18,Bottle,0.6338,536,250,550,281,434,9236
4222,211.036,18,Bottle,0.5833,583,418,633,547,6450,9113
4222,211.036,18,Bottle,0.4812,499,255,513,278,322,9236
4222,211.036,18,knife,0.4176,993,1358,1014,1440,1722,3
4223,211.070,18,knife,0.4513,994,1358,1014,1440,1640,3
4223,211.070,18,Bottle,0.4341,576,427,660,743,26544,9113
4224,211.111,18,knife,0.4345,991,1354,1013,1440,1892,3
4224,211.111,18,knife,0.2862,1403,1405,1514,1439,3774,1
4225,211.169,18,knife,0.4051,991,1355,1013,1440,1870,3
4225,211.169,18,knife,0.3070,1403,1404,1515,1439,3920,1
4226,211.210,18,knife,0.2945,1403,1405,1513,1439,3740,1
4227,211.269,18,Cigarette,0.6117,655,625,666,643,198,9113
4227,211.269,18,knife,0.3250,1403,1405,1518,1439,3910,1
4227,211.269,18,Cigarette,0.2537,131,441,153,464,506,8410
4228,211.310,18,Bottle,0.5424,535,281,557,315,748,9296
4228,211.310,18,knife,0.2539,1403,1405,1522,1439,4046,1
4229,211.369,18,Cigarette,0.5095,1004,1356,1010,1374,108,3
4229,211.369,18,knife,0.2513,1403,1404,1530,1439,4445,1
4230,211.410,18,Bottle,0.3806,674,438,716,562,5208,9113
4231,211.469,18,Bottle,0.2846,63,478,97,510,1088,8410
4232,211.510,18,Cigarette,0.3867,713,654,724,669,165,9113
4232,211.510,18,Cigarette,0.3166,1002,1357,1008,1372,90,3
4232,211.510,18,Bottle,0.2899,63,479,97,510,1054,8410
4233,211.569,18,Cigarette,0.2967,1002,1354,1008,1372,108,3
4233,211.569,18,Bottle,0.2888,63,479,97,510,1054,8410
4234,211.611,18,Bottle,0.3805,722,648,743,693,945,9113
4234,211.611,18,knife,0.3679,1447,1142,1531,1261,9996,1
4234,211.611,18,Bottle,0.2957,63,479,97,510,1054,8410
4235,211.670,18,knife,0.3739,1447,1139,1532,1263,10540,1
4235,211.670,18,Bottle,0.3113,63,479,97,510,1054,8410
4235,211.670,18,Bottle,0.2515,737,443,772,559,4060,9113
4236,211.711,18,Bottle,0.5730,719,439,806,788,30363,9113
4236,211.711,18,knife,0.4611,1447,1148,1531,1264,9744,1
4236,211.711,18,Bottle,0.4036,735,442,804,662,15180,9113
4236,211.711,18,Bottle,0.3286,63,479,97,510,1054,8410
4236,211.711,18,Bottle,0.2612,759,442,792,557,3795,9113
4237,211.770,18,knife,0.6111,1445,1032,1559,1266,26676,1
4237,211.770,18,Bottle,0.4928,361,268,387,294,676,9335
4237,211.770,18,knife,0.4708,1448,1148,1529,1267,9639,1
4237,211.770,18,Bottle,0.4170,759,442,805,561,5474,9113
4237,211.770,18,Bottle,0.3290,63,479,97,510,1054,8410
4237,211.770,18,Bottle,0.3165,737,436,823,801,31390,9113
4238,211.810,18,Bottle,0.6591,738,445,834,798,33888,9113
4238,211.810,18,knife,0.6353,1446,1033,1559,1266,26329,1
4238,211.810,18,Cigarette,0.4894,770,659,780,671,120,9113
4238,211.810,18,knife,0.4878,1448,1156,1528,1268,8960,1
4238,211.810,18,Bottle,0.3823,849,619,863,646,378,9113
4238,211.810,18,Bottle,0.2676,63,478,97,509,1054,8410
4239,211.869,18,knife,0.5886,1447,1033,1558,1267,25974,1
4239,211.869,18,knife,0.4070,1449,1156,1529,1268,8960,1
4239,211.869,18,Bottle,0.2674,63,478,97,509,1054,8410
4240,211.910,18,knife,0.5709,1448,1033,1557,1267,25506,1
4240,211.910,18,knife,0.3785,1450,1156,1529,1268,8848,1
4240,211.910,18,Bottle,0.2902,355,212,369,240,392,9335
4240,211.910,18,Bottle,0.2684,63,478,97,509,1054,8410
4241,211.993,18,Bottle,0.5646,800,469,858,645,10208,9113
4241,211.993,18,knife,0.4982,1448,1033,1557,1264,25179,1
4241,211.993,18,Bottle,0.4882,813,548,845,592,1408,9113
4241,211.993,18,knife,0.4256,1449,1155,1529,1264,8720,1
4242,212.043,18,knife,0.6594,1449,1032,1555,1261,24274,1
4242,212.043,18,knife,0.5993,1450,1157,1528,1261,8112,1
4242,212.043,18,Bottle,0.5441,828,499,870,595,4032,9113
4242,212.043,18,Cigarette,0.2700,130,440,154,465,600,8410
4243,212.069,18,knife,0.6899,1450,1156,1527,1258,7854,1
4243,212.069,18,knife,0.5179,1448,1033,1553,1260,23835,1
4243,212.069,18,Cigarette,0.3550,130,440,154,465,600,8410
4243,212.069,18,Bottle,0.3273,833,472,882,597,6125,9113
4243,212.069,18,Bottle,0.2762,834,538,879,598,2700,9113
4244,212.110,18,knife,0.6514,1449,1157,1528,1257,7900,1
4244,212.110,18,Bottle,0.4794,831,474,900,698,15456,9113
4244,212.110,18,knife,0.4130,1447,1043,1548,1258,21715,1
4244,212.110,18,Cigarette,0.3537,129,440,153,465,600,8410
4244,212.110,18,Bottle,0.2805,789,722,817,778,1568,9113
4245,212.169,18,knife,0.5366,1448,1153,1530,1254,8282,1
4245,212.169,18,Bottle,0.5266,836,465,926,818,31770,9113
4245,212.169,18,Cigarette,0.3344,129,440,153,465,600,8410
4245,212.169,18,knife,0.2560,1445,1038,1550,1255,22785,1
4246,212.210,18,Bottle,0.4620,2061,576,2112,670,4794,
4246,212.210,18,knife,0.4142,1449,1151,1533,1251,8400,1
4246,212.210,18,Cigarette,0.3206,129,440,153,465,600,8410
4246,212.210,18,Bottle,0.2540,873,550,902,593,1247,9113
4247,212.273,18,Cigarette,0.3694,129,440,153,465,600,8410
4248,212.311,18,Cigarette,0.2610,129,440,153,465,600,8410
4249,212.370,18,Cigarette,0.4039,997,1354,1004,1373,133,3
4249,212.370,18,Bottle,0.3744,901,468,961,612,8640,9113
4249,212.370,18,Cigarette,0.3479,129,440,153,465,600,8410
4249,212.370,18,Cigarette,0.2608,916,564,939,595,713,9113
4250,212.410,18,Cigarette,0.3341,129,440,153,465,600,8410
4250,212.410,18,Bottle,0.2884,911,476,970,620,8496,9113
4250,212.410,18,Bottle,0.2832,1941,552,1990,644,4508,
4250,212.410,18,Cigarette,0.2621,997,1355,1004,1373,126,3
4251,212.469,18,Cigarette,0.3545,129,439,154,465,650,8410
4252,212.511,18,Cigarette,0.3895,129,439,154,465,650,8410
4252,212.511,18,Cigarette,0.3186,1031,825,1065,838,442,9113
4253,212.569,18,Cigarette,0.4368,129,439,154,465,650,8410
4253,212.569,18,Cigarette,0.2977,1002,1357,1009,1373,112,3
4253,212.569,18,Cigarette,0.2912,988,583,1008,612,580,9113
4254,212.611,18,Cigarette,0.5251,1003,1357,1010,1373,112,3
4254,212.611,18,Cigarette,0.4542,1006,585,1025,615,570,9113
4254,212.611,18,Cigarette,0.3678,129,439,154,465,650,8410
4255,212.670,18,Cigarette,0.7129,1005,1354,1012,1372,126,3
4255,212.670,18,Cigarette,0.3833,129,439,154,465,650,8410
4255,212.670,18,knife,0.3019,1403,1404,1535,1440,4752,1
4256,212.711,18,Cigarette,0.6033,1006,1357,1013,1370,91,3
4256,212.711,18,Cigarette,0.3136,129,439,154,465,650,8410
4256,212.711,18,knife,0.2733,1403,1405,1535,1440,4620,1
4257,212.769,18,Cigarette,0.4260,1008,1352,1016,1368,128,3
4257,212.769,18,Cigarette,0.3455,129,439,154,465,650,8410
4258,212.810,18,Cigarette,0.4606,1009,1352,1017,1365,104,3
4259,212.869,18,Cigarette,0.5543,1009,1351,1017,1367,128,3
4260,212.910,18,Cigarette,0.7415,1009,1351,1019,1364,130,3
4260,212.910,18,Bottle,0.3346,1078,580,1118,636,2240,9113
4261,212.992,18,Cigarette,0.7844,1010,1350,1019,1363,117,3
4261,212.992,18,Bottle,0.4950,1124,581,1200,684,7828,9113
4262,213.043,18,Cigarette,0.6950,1010,1349,1020,1363,140,3
4262,213.043,18,Bottle,0.5897,1139,620,1220,687,5427,9113
4262,213.043,18,Bottle,0.4596,1109,577,1148,649,2808,9113
4262,213.043,18,Cigarette,0.2629,1113,605,1131,642,666,9113
4263,213.060,18,Cigarette,0.7570,1010,1350,1021,1364,154,3
4263,213.060,18,Bottle,0.4896,1152,618,1235,696,6474,9113
4263,213.060,18,Bottle,0.3852,1125,580,1164,654,2886,9113
4264,213.119,18,Bottle,0.4826,1170,619,1252,702,6806,9113
4264,213.119,18,Bottle,0.4487,1138,580,1175,657,2849,9113
4264,213.119,18,Cigarette,0.3032,1051,836,1073,850,308,9113
4265,213.161,18,Cigarette,0.3885,1015,1348,1024,1361,117,3
4265,213.161,18,Bottle,0.3595,1163,581,1199,661,2880,9113
4266,213.220,18,Bottle,0.6198,1179,579,1217,655,2888,9113
4266,213.220,18,knife,0.4391,1448,1162,1534,1279,10062,1
4266,213.220,18,knife,0.3878,1457,1042,1563,1252,22260,1
4266,213.220,18,Cigarette,0.3069,1016,1346,1026,1360,140,3
4267,213.260,18,Bottle,0.4354,1189,762,1211,812,1100,9113
4267,213.260,18,knife,0.3572,1450,1164,1533,1277,9379,1
4267,213.260,18,knife,0.2993,1455,1045,1563,1251,22248,1
4268,213.320,18,knife,0.4186,1452,1164,1533,1276,9072,1
4268,213.320,18,Bottle,0.2605,1190,760,1223,813,1749,9113
4269,213.360,18,Bottle,0.6196,1224,579,1258,661,2788,9113
4269,213.360,18,Cigarette,0.5514,1230,618,1249,652,646,9113
4269,213.360,18,knife,0.2816,1454,1163,1534,1272,8720,1
4269,213.360,18,knife,0.2783,1002,1363,1018,1440,1232,3
4270,213.419,18,Cigarette,0.4740,1248,608,1264,647,624,9113
4270,213.419,18,knife,0.3931,1459,1037,1555,1230,18528,1
4270,213.419,18,Bottle,0.3737,1461,460,1473,494,408,9393
4270,213.419,18,knife,0.2853,1004,1363,1019,1440,1155,3
4271,213.460,18,knife,0.6101,1459,1037,1550,1255,19838,1
4271,213.460,18,knife,0.3152,1004,1364,1019,1440,1140,3
4271,213.460,18,knife,0.2789,1458,1160,1535,1264,8008,1
4272,213.519,18,knife,0.4276,1458,1048,1549,1251,18473,1
4272,213.519,18,knife,0.3430,1004,1363,1019,1440,1155,3
4272,213.519,18,Cigarette,0.3194,1024,1341,1034,1362,210,3
4272,213.519,18,Cigarette,0.2568,129,439,153,464,600,8410
4273,213.560,18,knife,0.3992,1003,1364,1019,1440,1216,3
4274,213.619,18,knife,0.3292,1004,1359,1021,1440,1377,3
4275,213.661,18,knife,0.3377,1004,1361,1020,1440,1264,3
4278,213.819,18,Cigarette,0.3913,1036,1342,1047,1356,154,3
4278,213.819,18,Bottle,0.3482,64,479,96,509,960,8410
4280,213.919,18,Bottle,0.3391,1150,399,1161,431,352,9393
4281,213.981,18,Cigarette,0.3905,92,404,113,421,357,8410
4281,213.981,18,Cigarette,0.3098,1490,575,1514,585,240,9113
4282,214.020,18,Cigarette,0.3492,1491,574,1512,586,252,9113
4282,214.020,18,Cigarette,0.2531,1516,745,1521,756,55,9113
4284,214.119,18,Cigarette,0.3933,131,440,154,464,552,8410
4284,214.119,18,Bottle,0.2633,1028,378,1072,444,2904,
4285,214.160,18,knife,0.2742,1498,628,1585,743,10005,9113
4286,214.219,18,Cigarette,0.5367,92,404,113,421,357,8410
4286,214.219,18,knife,0.3943,1513,680,1597,758,6552,9113
4286,214.219,18,Cigarette,0.3939,1030,1367,1038,1371,32,3
4287,214.260,18,Cigarette,0.5618,1029,1364,1039,1368,40,3
4288,214.319,18,Cigarette,0.6004,1030,1364,1038,1367,24,3
4288,214.319,18,Cigarette,0.3638,1528,827,1532,844,68,9113
4288,214.319,18,Bottle,0.3389,942,359,950,387,224,9393
4288,214.319,18,Cigarette,0.3311,1545,666,1555,706,400,9113
4288,214.319,18,Cigarette,0.2525,127,439,153,464,650,8410
4289,214.360,18,Cigarette,0.6620,1030,1364,1037,1368,28,3
4289,214.360,18,Bottle,0.5920,871,302,887,323,336,9393
4289,214.360,18,Cigarette,0.3269,1574,782,1580,794,72,9113
4289,214.360,18,Cigarette,0.3262,127,438,153,463,650,8410
4289,214.360,18,Bottle,0.2701,55,227,81,281,1404,
4290,214.419,18,Cigarette,0.5022,1030,1364,1037,1368,28,3
4290,214.419,18,Cigarette,0.4562,127,438,153,464,676,8410
4290,214.419,18,Bottle,0.3968,820,298,833,322,312,9393
4291,214.460,18,Cigarette,0.5869,127,438,152,463,625,8410
4291,214.460,18,Cigarette,0.5541,1568,883,1583,902,285,9113
4291,214.460,18,Cigarette,0.4158,1029,1364,1037,1367,24,3
4292,214.520,18,Cigarette,0.5615,126,438,153,464,702,8410
4292,214.520,18,Cigarette,0.2966,1030,1365,1037,1367,14,3
4292,214.520,18,Bottle,0.2636,1499,654,1564,765,7215,9113
4293,214.563,18,Cigarette,0.5540,126,438,152,463,650,8410
4294,214.620,18,Cigarette,0.5248,126,438,152,463,650,8410
4294,214.620,18,Bottle,0.2830,62,479,96,510,1054,8410
4295,214.660,18,Cigarette,0.4817,125,438,151,463,650,8410
4296,214.719,18,Cigarette,0.4702,125,438,151,463,650,8410
4297,214.760,18,Cigarette,0.5225,126,438,151,462,600,8410
4298,214.819,18,Cigarette,0.4678,125,437,151,462,650,8410
4299,214.860,18,Cigarette,0.4504,125,437,151,461,624,8410
4300,214.919,18,Cigarette,0.4816,125,437,151,461,624,8410
4300,214.919,18,knife,0.4057,1333,1368,1363,1440,2160,3
4301,214.980,18,Bottle,0.6099,1288,1415,1307,1440,475,3
4301,214.980,18,Cigarette,0.5030,125,437,152,462,675,8410
4302,215.019,18,Bottle,0.6366,1288,1415,1307,1440,475,3
4302,215.019,18,Cigarette,0.5369,125,437,152,462,675,8410
4303,215.069,18,Bottle,0.6767,1287,1416,1306,1440,456,3
4303,215.069,18,Cigarette,0.4744,125,437,152,462,675,8410
4304,215.111,18,Bottle,0.5289,1286,1416,1307,1440,504,3
4304,215.111,18,Cigarette,0.4825,125,437,152,462,675,8410
4305,215.169,18,Cigarette,0.5274,125,437,152,462,675,8410
4305,215.169,18,knife,0.5255,1663,632,1854,972,64940,9113
4305,215.169,18,Bottle,0.3299,1286,1417,1307,1440,483,3
4306,215.210,18,Cigarette,0.4713,125,437,152,462,675,8410
4306,215.210,18,knife,0.4392,1661,642,1862,973,66531,9113
4306,215.210,18,Bottle,0.2825,22,239,60,330,3458,
4307,215.269,18,Cigarette,0.5436,125,437,152,462,675,8410
4307,215.269,18,Bottle,0.4395,1286,1419,1305,1440,399,3
4308,215.311,18,Cigarette,0.4638,125,437,152,462,675,8410
4308,215.311,18,Bottle,0.4581,41,245,82,340,3895,
4309,215.369,18,Cigarette,0.4290,125,437,152,463,702,8410
4310,215.411,18,Cigarette,0.4294,1614,1027,1640,1070,1118,1
4310,215.411,18,Cigarette,0.3514,125,437,152,462,675,8410
4311,215.470,18,Cigarette,0.4300,125,437,152,462,675,8410
4312,215.510,18,Cigarette,0.3652,125,437,151,461,624,8410
4312,215.510,18,Cigarette,0.2651,1927,894,1931,902,32,9113
4312,215.510,18,knife,0.2643,1404,1406,1531,1439,4191,1
4313,215.570,18,Cigarette,0.4294,125,438,151,461,598,8410
4314,215.611,18,knife,0.3161,1403,1406,1526,1439,4059,1
4314,215.611,18,Cigarette,0.3147,126,439,151,461,550,8410
4315,215.669,18,knife,0.3295,1403,1405,1521,1439,4012,1
4316,215.710,18,knife,0.3533,1403,1405,1522,1439,4046,1
4316,215.710,18,knife,0.2517,2001,1001,2029,1022,588,9113
4317,215.770,18,knife,0.6487,2002,1001,2036,1022,714,9113
4317,215.770,18,Bottle,0.3865,64,479,96,510,992,8410
4317,215.770,18,knife,0.3686,1403,1405,1521,1439,4012,1
4318,215.811,18,knife,0.6283,2001,1000,2038,1022,814,9113
4318,215.811,18,Bottle,0.6099,64,479,95,510,961,8410
4318,215.811,18,knife,0.3635,1403,1405,1521,1439,4012,1
4318,215.811,18,knife,0.2855,1331,1385,1358,1439,1458,3
4319,215.870,18,knife,0.6426,2009,1000,2038,1015,435,9113
4319,215.870,18,Bottle,0.4442,64,481,94,509,840,8410
4319,215.870,18,knife,0.3305,1332,1385,1358,1439,1404,3
4319,215.870,18,knife,0.3290,1404,1405,1523,1439,4046,1
4319,215.870,18,Cigarette,0.2584,1861,1005,1881,1029,480,
4319,215.870,18,Cigarette,0.2542,125,440,153,466,728,8410
4320,215.911,18,Bottle,0.4874,64,480,95,510,930,8410
4320,215.911,18,knife,0.3918,1332,1385,1358,1439,1404,3
4320,215.911,18,knife,0.3763,1403,1404,1526,1439,4305,1
4320,215.911,18,knife,0.2870,2003,1000,2038,1012,420,9113
4320,215.911,18,Cigarette,0.2818,1873,987,1891,1020,594,9113
4321,215.978,18,Bottle,0.6552,64,480,94,510,900,8410
4321,215.978,18,knife,0.4897,2005,1000,2038,1012,396,9113
4321,215.978,18,knife,0.4665,1333,1386,1357,1439,1272,3
4321,215.978,18,knife,0.4141,1403,1404,1530,1439,4445,1
4322,216.011,18,Bottle,0.7846,63,480,94,510,930,8410
4322,216.011,18,knife,0.5183,1333,1385,1357,1439,1296,3
4322,216.011,18,knife,0.4017,1403,1404,1531,1438,4352,1
4323,216.069,18,Bottle,0.6695,64,481,94,510,870,8410
4323,216.069,18,knife,0.5135,1403,1403,1529,1438,4410,1
4323,216.069,18,knife,0.4029,1334,1385,1358,1439,1296,3
4324,216.111,18,Bottle,0.7671,63,480,93,510,900,8410
4324,216.111,18,knife,0.3982,1334,1384,1358,1439,1320,3
4324,216.111,18,knife,0.3120,1403,1404,1527,1439,4340,1
4325,216.170,18,Bottle,0.7095,63,480,93,510,900,8410
4325,216.170,18,knife,0.3960,1333,1385,1358,1440,1375,3
4326,216.210,18,Bottle,0.7149,64,480,94,510,900,8410
4326,216.210,18,knife,0.4089,1333,1384,1358,1439,1375,3
4327,216.269,18,Bottle,0.7023,63,480,94,510,930,8410
4327,216.269,18,knife,0.3674,1333,1384,1358,1439,1375,3
4327,216.269,18,knife,0.3673,1403,1404,1536,1440,4788,1
4328,216.311,18,Bottle,0.7522,64,480,94,510,900,8410
4328,216.311,18,knife,0.4651,1401,1405,1535,1440,4690,1
4328,216.311,18,knife,0.3213,1333,1384,1358,1439,1375,3
4328,216.311,18,knife,0.2564,1430,1313,1448,1371,1044,1
4329,216.369,18,Bottle,0.7430,64,479,94,510,930,8410
4329,216.369,18,knife,0.4807,1401,1404,1536,1440,4860,1
4329,216.369,18,knife,0.3127,1335,1381,1358,1439,1334,3
4330,216.411,18,Bottle,0.7300,64,479,95,510,961,8410
4330,216.411,18,knife,0.4630,1401,1405,1536,1440,4725,1
4331,216.470,18,Bottle,0.7191,64,479,94,510,930,8410
4331,216.470,18,knife,0.4744,1417,1311,1449,1345,1088,1
4331,216.470,18,knife,0.3932,1401,1406,1536,1440,4590,1
4332,216.511,18,Bottle,0.7328,64,479,94,510,930,8410
4332,216.511,18,knife,0.4540,1415,1311,1449,1346,1190,1
4332,216.511,18,knife,0.3863,1401,1406,1536,1440,4590,1
4333,216.569,18,Bottle,0.7367,64,479,94,510,930,8410
4333,216.569,18,knife,0.4383,1401,1405,1536,1440,4725,1
4333,216.569,18,Bottle,0.4348,2053,628,2065,638,120,9546
4333,216.569,18,Bottle,0.3943,2067,461,2092,474,325,9546
4334,216.611,18,Bottle,0.7303,64,479,95,510,961,8410
4334,216.611,18,Bottle,0.6490,2040,456,2066,470,364,9546
4334,216.611,18,knife,0.4435,1401,1404,1536,1440,4860,1
4334,216.611,18,knife,0.4072,1414,1311,1449,1346,1225,1
4334,216.611,18,Bottle,0.3813,2043,536,2068,573,925,9546
4334,216.611,18,Cigarette,0.2606,1026,1372,1034,1376,32,3
4335,216.670,18,Bottle,0.7095,64,479,94,510,930,8410
4335,216.670,18,Bottle,0.5209,2019,530,2041,563,726,9546
4335,216.670,18,Bottle,0.4588,1979,449,1991,477,336,9546
4335,216.670,18,knife,0.4554,1413,1312,1449,1347,1260,1
4335,216.670,18,Bottle,0.3528,2014,449,2038,465,384,9546
4335,216.670,18,knife,0.3077,1401,1410,1535,1440,4020,1
4335,216.670,18,Bottle,0.2616,2046,600,2065,629,551,9546
4336,216.710,18,Bottle,0.7404,64,479,94,510,930,8410
4337,216.769,18,Bottle,0.7768,64,479,94,510,930,8410
4338,216.813,18,Bottle,0.5866,64,479,95,510,961,8410
4339,216.869,18,Bottle,0.5739,64,479,95,510,961,8410
4340,216.910,18,Bottle,0.5550,64,479,95,510,961,8410
4341,216.992,18,Bottle,0.4720,63,480,95,510,960,8410
4342,217.038,18,Bottle,0.5082,63,480,95,510,960,8410
4343,217.069,18,Bottle,0.5161,63,480,95,510,960,8410
4344,217.110,18,Bottle,0.5188,63,480,95,510,960,8410
4345,217.170,18,Bottle,0.5255,63,480,95,510,960,8410
4346,217.210,18,Bottle,0.5466,63,480,94,510,930,8410
4347,217.270,18,Bottle,0.5729,63,479,94,510,961,8410
4348,217.311,18,knife,0.6331,1493,1347,1519,1410,1638,1
4348,217.311,18,Bottle,0.5656,63,479,94,510,961,8410
4349,217.369,18,Bottle,0.4922,63,479,94,510,961,8410
4350,217.410,18,Bottle,0.5133,63,480,94,510,930,8410
4351,217.469,18,Bottle,0.3084,63,480,94,510,930,8410
4353,217.569,18,Bottle,0.3277,63,480,94,510,930,8410
4354,217.610,18,Bottle,0.3221,63,480,95,509,928,8410
4355,217.669,18,Cigarette,0.3897,1497,574,1515,588,252,
4355,217.669,18,Bottle,0.3346,63,480,94,510,930,8410
4356,217.711,18,Bottle,0.4996,63,480,94,509,899,8410
4356,217.711,18,Cigarette,0.2932,1497,574,1515,588,252,
4357,217.769,18,Bottle,0.6227,63,480,94,510,930,8410
4357,217.769,18,Cigarette,0.2838,1497,575,1514,587,204,
4358,217.811,18,Bottle,0.6470,62,480,94,510,960,8410
4359,217.869,18,Bottle,0.6573,62,480,94,510,960,8410
4359,217.869,18,Bottle,0.2663,1363,393,1385,419,572,9631
4360,217.910,18,Bottle,0.6293,62,480,94,510,960,8410
4360,217.910,18,knife,0.3595,1290,1267,1367,1439,13244,3
4361,217.991,18,Bottle,0.7563,63,480,93,510,900,8410
4361,217.991,18,Bottle,0.3616,1307,311,1316,326,135,9637
4362,218.041,18,Bottle,0.4412,63,480,93,510,900,8410
4363,218.060,18,Bottle,0.6481,1265,305,1277,329,288,9637
4363,218.060,18,Bottle,0.4065,63,480,94,510,930,8410
4364,218.120,18,Bottle,0.6706,62,479,95,510,1023,8410
4365,218.162,18,Bottle,0.6997,1220,365,1241,392,567,9637
4365,218.162,18,Bottle,0.6756,62,480,95,510,990,8410
4366,218.222,18,Bottle,0.6044,62,480,95,509,957,8410
4366,218.222,18,Bottle,0.4257,1199,362,1217,389,486,9637
4366,218.222,18,Bottle,0.3306,1241,291,1261,321,600,9637
4367,218.261,18,Bottle,0.6408,64,480,94,510,900,8410
4367,218.261,18,knife,0.4590,1461,1018,1575,1217,22686,1
4368,218.319,18,Bottle,0.5634,64,480,94,510,900,8410
4369,218.360,18,Bottle,0.6152,64,480,94,510,900,8410
4369,218.360,18,knife,0.2975,1459,1016,1569,1216,22000,1
4370,218.419,18,Bottle,0.6736,64,480,94,510,900,8410
4370,218.419,18,knife,0.3775,1459,1020,1561,1214,19788,1
4371,218.460,18,Bottle,0.7229,64,479,95,510,961,8410
4372,218.519,18,Bottle,0.7299,64,480,94,510,900,8410
4373,218.560,18,Bottle,0.7287,64,480,94,510,900,8410
4374,218.620,18,Bottle,0.7206,64,480,94,510,900,8410
4375,218.661,18,Bottle,0.7512,64,480,95,510,930,8410
4375,218.661,18,Bottle,0.3381,938,335,988,415,4000,
4376,218.719,18,Bottle,0.7270,64,480,95,510,930,8410
4376,218.719,18,knife,0.2990,1425,1393,1530,1440,4935,1
4376,218.719,18,Bottle,0.2651,921,340,964,415,3225,
4377,218.760,18,Bottle,0.7424,64,480,95,510,930,8410
4377,218.760,18,knife,0.4654,1426,1392,1531,1440,5040,1
4378,218.820,18,Bottle,0.7639,64,480,95,510,930,8410
4378,218.820,18,knife,0.5363,1425,1393,1531,1440,4982,1
4379,218.861,18,Bottle,0.7001,64,480,95,510,930,8410
4379,218.861,18,knife,0.5387,1425,1392,1532,1439,5029,1
4380,218.919,18,Bottle,0.7159,64,480,95,510,930,8410
4380,218.919,18,knife,0.5020,1426,1392,1532,1439,4982,1
4381,218.992,18,Bottle,0.7284,63,480,95,510,960,8410
4381,218.992,18,knife,0.3485,1426,1394,1531,1440,4830,1
4381,218.992,18,Bottle,0.2984,843,325,880,392,2479,
4382,219.043,18,Bottle,0.4193,63,480,95,510,960,8410
4382,219.043,18,Bottle,0.3605,821,307,869,390,3984,
4382,219.043,18,knife,0.2876,1425,1394,1530,1440,4830,1
4383,219.069,18,Bottle,0.6511,64,480,95,509,899,8410
4383,219.069,18,Cigarette,0.4891,1015,1349,1030,1364,225,3
4384,219.111,18,Bottle,0.6496,63,480,95,509,928,8410
4384,219.111,18,Bottle,0.3378,791,315,831,385,2800,
4384,219.111,18,Cigarette,0.3312,1016,1350,1030,1365,210,3
4385,219.169,18,Bottle,0.6581,64,480,94,510,900,8410
4385,219.169,18,Bottle,0.4949,780,297,821,383,3526,
4386,219.210,18,Bottle,0.5489,64,480,94,510,900,8410
4387,219.269,18,Bottle,0.3852,63,480,92,510,870,8410
4388,219.311,18,Bottle,0.6795,64,480,93,510,870,8410
4389,219.372,18,Bottle,0.5001,63,480,93,510,900,8410
4389,219.372,18,Cigarette,0.2693,1015,1350,1030,1366,240,3
4390,219.410,18,Bottle,0.7182,63,480,93,510,900,8410
4391,219.473,18,Bottle,0.7877,63,480,93,510,900,8410
4392,219.511,18,Bottle,0.8144,63,480,93,510,900,8410
4393,219.569,18,Bottle,0.8451,63,480,94,510,930,8410
4394,219.610,18,Bottle,0.7951,63,480,93,510,900,8410
4394,219.610,18,Cigarette,0.3478,1014,1351,1028,1366,210,3
4394,219.610,18,Bottle,0.2600,656,274,697,360,3526,
4394,219.610,18,Cigarette,0.2575,1556,1048,1589,1102,1782,1
4395,219.669,18,Bottle,0.6458,63,480,93,510,900,8410
4395,219.669,18,Cigarette,0.4748,1013,1351,1029,1366,240,3
4395,219.669,18,Cigarette,0.3168,1556,1049,1588,1103,1728,1
4396,219.710,18,Bottle,0.7001,63,480,93,510,900,8410
4397,219.769,18,Bottle,0.7665,63,480,93,510,900,8410
4397,219.769,18,Bottle,0.2815,623,289,653,351,1860,
4398,219.813,18,Bottle,0.7626,63,480,93,510,900,8410
4399,219.869,18,Bottle,0.8215,63,480,93,510,900,8410
4400,219.910,18,Bottle,0.6454,63,480,92,510,870,8410
4401,219.993,18,Bottle,0.7660,63,480,93,510,900,8410
4402,220.049,18,Bottle,0.7576,63,480,93,510,900,8410
4403,220.069,18,Bottle,0.8100,63,480,94,510,930,8410
4404,220.113,18,Bottle,0.8708,63,480,95,510,960,8410
4405,220.169,18,Bottle,0.8257,63,481,94,510,899,8410
4406,220.211,18,Bottle,0.8402,63,481,94,510,899,8410
4407,220.269,18,Bottle,0.8205,63,480,94,510,930,8410
4408,220.313,18,Bottle,0.7408,62,480,95,510,990,8410
4409,220.369,18,Bottle,0.7489,63,480,94,510,930,8410
4410,220.411,18,Bottle,0.8516,64,480,95,510,930,8410
4411,220.470,18,Bottle,0.6579,64,480,94,510,900,8410
4412,220.511,18,Bottle,0.7376,64,480,94,510,900,8410
4413,220.569,18,Bottle,0.7643,64,480,94,510,900,8410
4414,220.611,18,Bottle,0.7236,63,480,94,510,930,8410
4415,220.669,18,Bottle,0.6939,64,480,94,509,870,8410
4416,220.710,18,Bottle,0.6440,64,480,94,509,870,8410
4417,220.769,18,Bottle,0.6920,63,481,93,509,840,8410
4417,220.769,18,Cigarette,0.2964,1556,1052,1591,1105,1855,1
4418,220.810,18,Bottle,0.6261,63,481,93,509,840,8410
4418,220.810,18,Cigarette,0.2641,1556,1052,1591,1107,1925,1
4419,220.869,18,Bottle,0.5879,63,481,91,509,784,8410
4421,220.992,18,Bottle,0.3265,64,481,93,509,812,8410
4423,221.061,18,Bottle,0.2548,63,480,95,510,960,8410
4425,221.161,18,Bottle,0.4349,64,481,94,509,840,8410
4426,221.220,18,Bottle,0.5296,64,481,94,509,840,8410
4426,221.220,18,Bottle,0.3913,152,466,168,496,480,8410
4427,221.260,18,Bottle,0.7078,64,481,94,509,840,8410
4428,221.319,18,Bottle,0.6991,64,481,94,509,840,8410
4429,221.360,18,Bottle,0.6572,64,481,95,509,868,8410
4429,221.360,18,Bottle,0.4405,151,467,167,496,464,8410
4430,221.420,18,Bottle,0.6243,64,481,94,509,840,8410
4431,221.460,18,Bottle,0.6214,64,481,94,509,840,8410
4432,221.519,18,Bottle,0.6067,64,481,94,509,840,8410
4433,221.560,18,Bottle,0.6290,64,481,94,509,840,8410
4434,221.620,18,Bottle,0.5394,63,480,95,509,928,8410
4435,221.660,18,Bottle,0.5604,63,480,95,509,928,8410
4436,221.719,18,Bottle,0.4779,63,481,95,509,896,8410
4437,221.760,18,Bottle,0.4828,63,480,95,510,960,8410
4437,221.760,18,Cigarette,0.2569,1519,999,1581,1088,5518,1
4438,221.819,18,Bottle,0.4554,63,480,95,510,960,8410
4439,221.860,18,Bottle,0.3378,63,480,95,510,960,8410
4444,222.111,18,Bottle,0.3239,1024,405,1052,514,3052,
4445,222.169,18,knife,0.2664,1331,1379,1354,1439,1380,3
4446,222.210,18,knife,0.2907,1331,1378,1354,1439,1403,3
4447,222.270,18,knife,0.2509,1331,1377,1354,1440,1449,3
4451,222.470,18,Bottle,0.2607,1284,1416,1309,1440,600,3
4461,222.979,18,Cigarette,0.6237,90,404,111,422,378,8410
4461,222.979,18,Bottle,0.4126,63,479,95,510,992,8410
4462,223.014,18,Cigarette,0.5478,90,404,111,422,378,8410
4462,223.014,18,Bottle,0.3994,63,479,95,510,992,8410
4462,223.014,18,knife,0.3240,1275,1266,1347,1440,12528,3
4463,223.069,18,Cigarette,0.5223,90,404,111,422,378,8410
4463,223.069,18,Bottle,0.4265,63,479,95,510,992,8410
4464,223.110,18,Cigarette,0.5371,89,404,111,422,396,8410
4464,223.110,18,Bottle,0.5090,63,479,95,510,992,8410
4465,223.169,18,Bottle,0.5197,63,479,95,510,992,8410
4465,223.169,18,Cigarette,0.5186,89,404,111,422,396,8410
4466,223.211,18,Bottle,0.5198,63,479,95,510,992,8410
4466,223.211,18,Cigarette,0.5186,89,404,111,422,396,8410
4467,223.270,18,Cigarette,0.6261,89,404,111,422,396,8410
4467,223.270,18,Bottle,0.4744,62,479,95,510,1023,8410
4468,223.310,18,Cigarette,0.6430,89,404,111,421,374,8410
4468,223.310,18,Bottle,0.4603,62,479,95,510,1023,8410
4469,223.370,18,Cigarette,0.3421,90,404,111,422,378,8410
4470,223.411,18,Bottle,0.2533,63,479,95,510,992,8410
4471,223.469,18,Bottle,0.4001,63,479,95,510,992,8410
4472,223.510,18,Bottle,0.4252,63,479,94,510,961,8410
4472,223.510,18,Cigarette,0.2600,2249,440,2271,455,330,
4477,223.773,18,Bottle,0.6188,63,478,96,511,1089,8410
4478,223.810,18,Bottle,0.3489,61,476,97,510,1224,8410
4479,223.869,18,Bottle,0.6149,63,478,96,512,1122,8410
4480,223.910,18,knife,0.5106,1293,1339,1324,1414,2325,3
4480,223.910,18,Bottle,0.2516,61,474,96,511,1295,8410
4481,223.979,18,Cigarette,0.6873,2476,639,2532,691,2912,
4481,223.979,18,knife,0.6218,1292,1339,1322,1412,2190,3
4482,224.010,18,knife,0.4048,1291,1340,1319,1413,2044,3
4482,224.010,18,Cigarette,0.2555,2476,638,2553,690,4004,
4483,224.070,18,Cigarette,0.3592,2476,637,2555,685,3792,
4483,224.070,18,Bottle,0.2568,64,483,84,510,540,8410
4484,224.111,18,Bottle,0.2551,64,483,84,510,540,8410
4485,224.169,18,Cigarette,0.5095,2477,637,2558,681,3564,
4485,224.169,18,knife,0.3161,1363,1401,1487,1439,4712,1
4485,224.169,18,Bottle,0.2675,64,482,85,510,588,8410
4486,224.211,18,knife,0.5770,1291,1345,1307,1383,608,3
4486,224.211,18,Cigarette,0.4608,2480,637,2557,679,3234,
4486,224.211,18,Bottle,0.3368,62,474,91,510,1044,8410
4487,224.269,18,knife,0.2858,1291,1345,1305,1380,490,3
4487,224.269,18,Bottle,0.2705,61,473,87,510,962,8410
4489,224.370,18,Bottle,0.5094,38,255,73,337,2870,
4490,224.411,18,Bottle,0.4106,44,255,80,342,3132,
4490,224.411,18,Bottle,0.4030,61,473,92,510,1147,8410
4491,224.470,18,Bottle,0.2614,62,478,85,510,736,8410
4492,224.510,18,Bottle,0.2776,203,375,214,392,187,9763
4492,224.510,18,Bottle,0.2661,61,473,92,510,1147,8410
4493,224.569,18,Bottle,0.4435,72,255,111,343,3432,
4493,224.569,18,Bottle,0.4328,1416,411,1454,482,2698,
4493,224.569,18,Bottle,0.3411,61,473,93,510,1184,8410
4495,224.669,18,Bottle,0.2578,62,474,84,510,792,8410
4496,224.711,18,Bottle,0.3050,62,476,85,510,782,8410
4497,224.770,18,Cigarette,0.3564,2529,591,2549,609,360,
4497,224.770,18,Bottle,0.2578,62,475,84,510,770,8410
4498,224.816,18,Bottle,0.2675,272,277,293,314,777,9763
4501,224.981,18,Bottle,0.3724,339,282,361,323,902,9763
4503,225.070,18,knife,0.3422,1490,1403,1519,1439,1044,1
4505,225.169,18,Bottle,0.2987,508,349,515,371,154,9763
4510,225.411,18,Bottle,0.3255,2063,576,2111,663,4176,
4511,225.470,18,Bottle,0.2960,62,476,96,510,1156,8410
4512,225.511,18,Bottle,0.2559,762,427,837,556,9675,
4514,225.611,18,Bottle,0.4803,336,258,391,419,8855,9790
4515,225.669,18,Bottle,0.5746,62,475,96,510,1190,8410
4517,225.769,18,Bottle,0.2861,986,451,1011,492,1025,9763
4519,225.869,18,Bottle,0.2543,1105,388,1115,399,110,9763
4528,226.311,18,Bottle,0.2885,1624,686,1635,712,286,9763
4529,226.370,18,Bottle,0.5153,1754,493,1779,538,1125,9763
4529,226.370,18,Bottle,0.3321,1694,703,1704,728,250,9763
4531,226.471,18,Bottle,0.5419,1877,619,1943,663,2904,9763
4532,226.511,18,Bottle,0.2590,1994,596,2021,641,1215,9763
4532,226.511,18,Bottle,0.2556,1949,632,2010,674,2562,9763
4533,226.569,18,Bottle,0.3816,2015,649,2077,693,2728,9763
4534,226.611,18,Cigarette,0.4338,1497,575,1514,587,204,
4534,226.611,18,knife,0.4205,1568,1035,1668,1247,21200,1
4538,226.811,18,knife,0.5854,1535,1044,1639,1256,22048,1
4538,226.811,18,Bottle,0.5065,61,473,95,510,1258,8410
4539,226.869,18,knife,0.5525,1532,1056,1626,1251,18330,1
4539,226.869,18,Bottle,0.3812,61,472,96,509,1295,8410
4540,226.911,18,Bottle,0.4899,61,472,95,510,1292,8410
4540,226.911,18,Bottle,0.3115,1479,542,1502,579,851,9790
4540,226.911,18,knife,0.3096,1516,1040,1628,1257,24304,1
4540,226.911,18,Bottle,0.2644,1563,1425,1588,1439,350,1
4544,227.111,18,Bottle,0.2987,1797,599,1810,644,585,9790
4544,227.111,18,Cigarette,0.2873,1579,1038,1610,1083,1395,1
4547,227.270,18,knife,0.6105,1396,1410,1531,1440,4050,1
4547,227.270,18,Bottle,0.5903,2006,625,2042,703,2808,
4547,227.270,18,Bottle,0.2609,2000,626,2029,713,2523,9790
4548,227.311,18,knife,0.4996,1369,1415,1468,1440,2475,1
4549,227.370,18,knife,0.4769,1350,1414,1442,1440,2392,1
4550,227.411,18,Cigarette,0.4468,2028,691,2066,727,1368,
4550,227.411,18,knife,0.3189,1339,1417,1436,1440,2231,1
4550,227.411,18,knife,0.2576,1270,1417,1424,1439,3388,
4551,227.469,18,knife,0.3891,1260,1413,1416,1440,4212,
4551,227.469,18,knife,0.2546,1333,1415,1415,1439,1968,1
4552,227.511,18,knife,0.4876,1291,1413,1409,1438,2950,
4553,227.569,18,knife,0.4185,1255,1415,1405,1438,3450,
4554,227.611,18,knife,0.3436,1292,1417,1407,1438,2415,
4555,227.669,18,Bottle,0.5441,811,343,828,371,476,9870
4555,227.669,18,Bottle,0.5057,843,299,856,324,325,9870
4556,227.711,18,Bottle,0.6723,792,340,806,367,378,9870
4556,227.711,18,knife,0.3045,1310,1418,1404,1438,1880,1
4557,227.770,18,Bottle,0.3007,772,334,788,363,464,9870
4557,227.770,18,knife,0.2937,1310,1418,1404,1438,1880,1
4558,227.810,18,knife,0.2570,1313,1418,1404,1438,1820,1
4559,227.870,18,knife,0.2761,1318,1418,1404,1438,1720,1
4560,227.910,18,knife,0.2808,1316,1418,1404,1438,1760,1
4565,228.169,18,Bottle,0.2640,677,206,687,213,70,9870
4566,228.211,18,knife,0.2824,1307,1418,1406,1438,1980,
4567,228.270,18,knife,0.3433,1303,1418,1403,1438,2000,
4568,228.311,18,knife,0.3888,1269,1418,1404,1439,2835,
4569,228.370,18,knife,0.3705,1258,1418,1405,1439,3087,
4570,228.416,18,knife,0.3856,1254,1418,1407,1439,3213,
4571,228.469,18,knife,0.4049,1253,1418,1405,1439,3192,
4572,228.510,18,knife,0.4155,1254,1418,1405,1439,3171,
4573,228.569,18,knife,0.4237,1253,1418,1404,1439,3171,
4574,228.611,18,Bottle,0.4649,63,481,93,510,870,8410
4574,228.611,18,knife,0.4435,1251,1417,1403,1439,3344,
4575,228.670,18,Bottle,0.6523,63,481,93,510,870,8410
4575,228.670,18,knife,0.4506,1251,1417,1401,1438,3150,
4576,228.712,18,knife,0.4843,1252,1416,1401,1439,3427,
4576,228.712,18,Bottle,0.4364,63,481,91,510,812,8410
4577,228.769,18,knife,0.4993,1252,1415,1400,1439,3552,
4577,228.769,18,Bottle,0.4104,63,481,91,510,812,8410
4578,228.813,18,Bottle,0.4962,64,482,91,510,756,8410
4578,228.813,18,knife,0.4960,1252,1415,1400,1439,3552,
4579,228.870,18,Bottle,0.5119,64,482,91,510,756,8410
4579,228.870,18,knife,0.4950,1253,1416,1404,1439,3473,
4580,228.910,18,Bottle,0.4925,64,482,91,510,756,8410
4580,228.910,18,knife,0.4793,1253,1415,1407,1439,3696,
4581,228.992,18,knife,0.4709,1259,1416,1408,1439,3427,
4582,229.038,18,knife,0.4656,1261,1416,1409,1439,3404,
4582,229.038,18,Cigarette,0.3487,2509,570,2546,610,1480,
4583,229.070,18,knife,0.4639,1266,1415,1409,1439,3432,
4583,229.070,18,knife,0.2948,2497,568,2528,617,1519,
4584,229.111,18,knife,0.4606,1268,1416,1408,1439,3220,
4585,229.169,18,knife,0.4502,1269,1416,1408,1439,3197,
4586,229.210,18,knife,0.4354,1273,1416,1408,1439,3105,
4587,229.269,18,knife,0.4367,1272,1416,1408,1439,3128,
4587,229.269,18,knife,0.2748,2490,610,2546,632,1232,
4588,229.311,18,knife,0.4301,1270,1416,1409,1439,3197,
4588,229.311,18,Bottle,0.3259,63,480,95,510,960,8410
4588,229.311,18,knife,0.3099,2476,623,2500,696,1752,
4589,229.370,18,knife,0.4407,1264,1416,1409,1439,3335,
4589,229.370,18,Bottle,0.3416,63,480,95,510,960,8410
4590,229.411,18,knife,0.4497,1254,1416,1409,1439,3565,
4590,229.411,18,Bottle,0.4466,63,479,95,510,992,8410
4590,229.411,18,Cigarette,0.2973,1542,1057,1574,1104,1504,1
4591,229.469,18,knife,0.4304,1248,1416,1410,1439,3726,
4591,229.469,18,Cigarette,0.3362,1539,1055,1571,1101,1472,1
4591,229.469,18,Bottle,0.2888,62,479,95,510,1023,8410
4592,229.511,18,Cigarette,0.4421,2239,490,2263,527,888,
4592,229.511,18,knife,0.4046,1250,1416,1410,1439,3680,1
4592,229.511,18,Bottle,0.2666,62,479,95,510,1023,8410
4593,229.569,18,knife,0.3780,1257,1416,1409,1439,3496,1
4593,229.569,18,Bottle,0.2864,61,479,94,510,1023,8410
4594,229.610,18,Bottle,0.4657,63,479,95,510,992,8410
4594,229.610,18,knife,0.3965,1263,1416,1408,1439,3335,1
4595,229.670,18,Bottle,0.4374,63,479,95,510,992,8410
4595,229.670,18,knife,0.3101,1282,1415,1410,1438,2944,1
4596,229.710,18,Bottle,0.2851,62,479,94,510,992,8410
4596,229.710,18,knife,0.2615,1281,1416,1410,1438,2838,1
4597,229.769,18,Cigarette,0.3495,1509,1040,1550,1098,2378,1
4597,229.769,18,knife,0.2880,1310,1415,1409,1438,2277,1
4597,229.769,18,Bottle,0.2623,62,478,94,510,1024,8410
4598,229.810,18,knife,0.2530,1309,1416,1409,1438,2200,1
4598,229.810,18,Bottle,0.2519,62,478,94,510,1024,8410
4599,229.869,18,Bottle,0.2530,62,479,94,510,992,8410
4601,229.981,18,Bottle,0.4388,62,478,96,510,1088,8410
4602,230.014,18,Bottle,0.4794,1208,1392,1251,1440,2064,3
4603,230.069,18,Bottle,0.3359,1208,1391,1251,1440,2107,3
4604,230.111,18,Cigarette,0.3175,1507,1032,1550,1100,2924,1
4606,230.212,18,Bottle,0.6057,63,479,95,510,992,8410
4606,230.212,18,Cigarette,0.2513,1517,1038,1553,1100,2232,1
4607,230.270,18,Bottle,0.6132,63,479,95,510,992,8410
4607,230.270,18,Cigarette,0.2840,1525,1053,1558,1099,1518,1
4608,230.311,18,Bottle,0.6240,63,479,95,510,992,8410
4609,230.370,18,Bottle,0.6128,63,479,95,510,992,8410
4610,230.411,18,Bottle,0.6034,63,479,95,510,992,8410
4610,230.411,18,knife,0.2996,1323,1415,1405,1438,1886,
4611,230.471,18,Bottle,0.5982,63,479,95,510,992,8410
4611,230.471,18,knife,0.3142,1318,1414,1404,1439,2150,
4612,230.511,18,Bottle,0.5982,63,479,95,510,992,8410
4613,230.569,18,Bottle,0.5939,63,479,95,510,992,8410
4613,230.569,18,knife,0.2723,1353,1404,1458,1440,3780,1
4614,230.611,18,Bottle,0.5910,63,479,95,510,992,8410
4614,230.611,18,knife,0.2947,1372,1401,1482,1438,4070,1
4615,230.670,18,Bottle,0.6933,63,479,95,510,992,8410
4615,230.670,18,knife,0.5081,1401,1398,1525,1439,5084,1
4616,230.711,18,Bottle,0.6893,63,479,95,510,992,8410
4616,230.711,18,Cigarette,0.5489,2477,642,2496,681,741,
4617,230.769,18,Bottle,0.6900,63,479,95,510,992,8410
4617,230.769,18,knife,0.5494,1958,842,2032,862,1480,9936
4617,230.769,18,Cigarette,0.3441,2047,752,2064,786,578,9936
4618,230.811,18,Bottle,0.6894,63,479,95,510,992,8410
4618,230.811,18,knife,0.3112,1953,843,2030,862,1463,9944
4618,230.811,18,Cigarette,0.2530,1258,1384,1262,1392,32,3
4619,230.870,18,Bottle,0.6956,63,479,95,510,992,8410
4619,230.870,18,Cigarette,0.6668,2482,629,2531,688,2891,
4619,230.870,18,Cigarette,0.5221,1991,920,2006,951,465,9936
4619,230.870,18,Cigarette,0.4231,1258,1384,1262,1391,28,3
4619,230.870,18,knife,0.2814,1948,844,2029,862,1458,9936
4620,230.911,18,Bottle,0.6886,63,479,95,510,992,8410
4620,230.911,18,Cigarette,0.5155,2478,641,2516,690,1862,
4620,230.911,18,knife,0.4643,1985,919,1999,949,420,9936
4620,230.911,18,Cigarette,0.3567,1258,1383,1262,1391,32,3
4621,230.981,18,Bottle,0.6537,63,480,95,510,960,8410
4621,230.981,18,knife,0.2614,1846,833,1962,994,18676,9936
4622,231.011,18,Bottle,0.5502,63,480,95,510,960,8410
4623,231.072,18,Bottle,0.6616,63,480,96,510,990,8410
4623,231.072,18,knife,0.6418,1825,846,1939,994,16872,9936
4624,231.111,18,Bottle,0.6245,63,479,96,510,1023,8410
4625,231.170,18,Bottle,0.6306,63,479,96,510,1023,8410
4625,231.170,18,knife,0.3496,1887,852,1929,949,4074,9936
4626,231.210,18,Bottle,0.6451,63,479,96,510,1023,8410
4626,231.210,18,knife,0.2701,1870,854,1911,945,3731,9936
4627,231.269,18,Bottle,0.6510,63,479,96,510,1023,8410
4627,231.269,18,Bottle,0.6420,1856,847,1904,942,4560,9936
4627,231.269,18,Bottle,0.4767,1851,698,1951,864,16600,9936
4628,231.310,18,Bottle,0.6477,63,479,96,510,1023,8410
4629,231.369,18,Bottle,0.6546,62,479,96,510,1054,8410
4630,231.411,18,Bottle,0.6406,63,479,96,510,1023,8410
4630,231.411,18,Bottle,0.3642,1809,686,1932,1017,40713,9936
4630,231.411,18,Bottle,0.3096,1820,697,1920,864,16700,9936
4631,231.471,18,Bottle,0.5314,63,479,96,510,1023,8410
4631,231.471,18,Cigarette,0.3420,1800,853,1812,862,108,9936
4631,231.471,18,Bottle,0.3150,1789,709,1925,1018,42024,9936
4631,231.471,18,Cigarette,0.2925,1897,737,1918,782,945,9936
4632,231.511,18,Bottle,0.5298,63,479,96,510,1023,8410
4632,231.511,18,Bottle,0.4564,1778,692,1894,1014,37352,9936
4632,231.511,18,Cigarette,0.3215,1791,852,1802,860,88,9936
4633,231.570,18,Bottle,0.5991,64,480,95,509,899,8410
4633,231.570,18,Bottle,0.5962,1771,681,1892,1017,40656,9936
4634,231.611,18,Bottle,0.6078,64,480,95,509,899,8410
4634,231.611,18,Bottle,0.3088,1787,701,1878,864,14833,9936
4635,231.670,18,Bottle,0.6010,63,480,96,510,990,8410
4635,231.670,18,Bottle,0.3909,1789,696,1879,864,15120,9936
4635,231.670,18,Bottle,0.3420,1744,740,1878,972,31088,9936
4635,231.670,18,Cigarette,0.2646,1024,380,1038,400,280,
4636,231.711,18,Cigarette,0.7918,1751,853,1761,863,100,9936
4636,231.711,18,Bottle,0.4453,64,480,95,509,899,8410
4636,231.711,18,knife,0.3670,1295,1344,1307,1376,384,3
4636,231.711,18,Bottle,0.3005,1779,701,1866,863,14094,9936
4637,231.769,18,knife,0.8041,1293,1346,1308,1389,645,3
4637,231.769,18,Bottle,0.4803,64,481,95,510,899,8410
4637,231.769,18,Cigarette,0.3354,2518,639,2557,683,1716,
4638,231.811,18,knife,0.8863,1293,1348,1310,1399,867,3
4638,231.811,18,Bottle,0.4725,64,481,95,510,899,8410
4638,231.811,18,knife,0.3677,1755,837,1836,1008,13851,9936
4638,231.811,18,knife,0.3334,1767,897,1829,1005,6696,9936
4638,231.811,18,Bottle,0.2622,1744,694,1840,864,16320,9936
4639,231.870,18,knife,0.8878,1292,1350,1311,1407,1083,3
4639,231.870,18,Cigarette,0.5394,1787,849,1791,863,56,9936
4639,231.870,18,knife,0.5162,1718,834,1829,1008,19314,9936
4639,231.870,18,Bottle,0.4579,64,481,95,510,899,8410
4640,231.911,18,knife,0.4761,1290,1352,1312,1417,1430,3
4640,231.911,18,Bottle,0.4086,64,480,95,510,930,8410
4641,231.980,18,Bottle,0.5178,64,481,92,509,784,8410
4641,231.980,18,Cigarette,0.2646,1885,598,1899,625,378,
4641,231.980,18,Cigarette,0.2579,1882,567,1905,622,1265,
4642,232.022,18,Bottle,0.6406,62,479,94,510,992,8410
4642,232.022,18,Cigarette,0.5247,1849,597,1863,616,266,
4642,232.022,18,Bottle,0.3903,1706,827,1733,856,783,9936
4642,232.022,18,Bottle,0.3704,30,219,52,280,1342,
4643,232.061,18,Bottle,0.3962,63,480,93,510,900,8410
4644,232.119,18,Cigarette,0.5684,1684,824,1696,832,96,9936
4644,232.119,18,Bottle,0.3994,63,480,93,510,900,8410
4644,232.119,18,Bottle,0.3076,1635,576,1691,622,2576,
4645,232.162,18,Bottle,0.3929,63,480,93,510,900,8410
4646,232.221,18,Cigarette,0.5268,1650,821,1672,832,242,9936
4646,232.221,18,Bottle,0.4349,63,480,93,510,900,8410
4647,232.261,18,Bottle,0.5091,1688,679,1744,861,10192,9936
4647,232.261,18,Bottle,0.3632,63,480,93,510,900,8410
4648,232.320,18,Cigarette,0.4412,1625,823,1644,830,133,9936
4648,232.320,18,Bottle,0.3849,63,480,93,510,900,8410
4649,232.361,18,Bottle,0.6332,1585,659,1718,954,39235,9936
4649,232.361,18,Cigarette,0.3763,1611,822,1633,830,176,9936
4649,232.361,18,Bottle,0.3664,63,480,93,510,900,8410
4650,232.420,18,Bottle,0.7073,1569,659,1702,985,43358,9936
4650,232.420,18,Bottle,0.5887,64,480,93,510,870,8410
4651,232.461,18,Bottle,0.5955,64,481,92,510,812,8410
4651,232.461,18,Bottle,0.3705,1568,652,1686,967,37170,9936
4652,232.520,18,Bottle,0.5849,64,480,93,510,870,8410
4653,232.561,18,Bottle,0.6360,64,481,92,510,812,8410
4654,232.620,18,Bottle,0.6592,1587,639,1652,861,14430,9936
4654,232.620,18,Bottle,0.6280,64,481,92,510,812,8410
4655,232.660,18,Bottle,0.5947,64,481,92,510,812,8410
4655,232.660,18,Bottle,0.3093,1567,638,1642,864,16950,9936
4656,232.720,18,Bottle,0.5978,1562,636,1628,864,15048,9936
4656,232.720,18,Bottle,0.5711,64,481,92,510,812,8410
4656,232.720,18,Bottle,0.3903,1499,776,1535,864,3168,9936
4657,232.762,18,Bottle,0.6747,1551,633,1620,859,15594,9936
4657,232.762,18,Bottle,0.5688,64,481,92,510,812,8410
4658,232.820,18,Bottle,0.7095,1440,800,1529,995,17355,9936
4658,232.820,18,Bottle,0.5597,64,481,91,510,783,8410
4658,232.820,18,Bottle,0.4461,1537,634,1607,864,16100,9936
4658,232.820,18,Bottle,0.2651,1495,797,1543,827,1440,9936
4659,232.861,18,Bottle,0.6393,1479,631,1591,925,32928,9936
4659,232.861,18,Bottle,0.5539,63,479,93,510,930,8410
4659,232.861,18,Bottle,0.4338,1414,798,1517,990,19776,9936
4660,232.919,18,Bottle,0.7919,1474,632,1576,919,29274,9936
4660,232.919,18,Bottle,0.7052,1456,796,1500,900,4576,9936
4660,232.919,18,Bottle,0.5510,63,479,94,510,961,8410
4661,232.981,18,Bottle,0.5875,1443,800,1484,879,3239,9936
4661,232.981,18,Bottle,0.3831,1453,629,1566,900,30623,9936
4661,232.981,18,Bottle,0.3452,62,479,95,510,1023,8410
4661,232.981,18,Bottle,0.3337,1403,800,1485,982,14924,9936
4662,233.019,18,Bottle,0.5644,1459,631,1548,898,23763,9936
4662,233.019,18,knife,0.4506,1400,799,1475,982,13725,9936
4662,233.019,18,Bottle,0.2548,63,479,95,510,992,8410
4663,233.061,18,knife,0.6579,1406,795,1465,982,11033,9936
4663,233.061,18,Bottle,0.4959,1451,627,1536,895,22780,9936
4663,233.061,18,Bottle,0.4826,2031,578,2109,680,7956,
4663,233.061,18,Bottle,0.4808,1453,801,1501,896,4560,9936
4663,233.061,18,Bottle,0.2591,63,479,95,510,992,8410
4664,233.120,18,Bottle,0.3141,1393,785,1446,863,4134,9936
4664,233.120,18,knife,0.2967,1233,1272,1309,1437,12540,3
4664,233.120,18,Bottle,0.2817,1429,625,1525,888,25248,9936
4664,233.120,18,Bottle,0.2558,63,479,95,510,992,8410
4664,233.120,18,Bottle,0.2527,1439,799,1491,892,4836,9936
4665,233.161,18,knife,0.4621,1371,1378,1478,1440,6634,
4665,233.161,18,Bottle,0.4048,1453,637,1513,852,12900,9936
4665,233.161,18,knife,0.3442,1233,1270,1307,1438,12432,3
4665,233.161,18,Bottle,0.3203,1406,618,1518,950,37184,9936
4666,233.220,18,Bottle,0.4326,1370,781,1417,860,3713,9936
4666,233.220,18,knife,0.3449,1234,1273,1306,1436,11736,3
4666,233.220,18,Bottle,0.2917,1436,646,1497,860,13054,9936
4667,233.260,18,knife,0.3965,1285,1362,1314,1437,2175,3
4667,233.260,18,Bottle,0.3693,1421,649,1490,846,13593,9936
4667,233.260,18,knife,0.3235,1232,1268,1305,1440,12556,3
4668,233.320,18,knife,0.5520,1283,1371,1310,1435,1728,3
4668,233.320,18,knife,0.3559,1231,1272,1303,1437,11880,3
4668,233.320,18,Bottle,0.2969,1368,797,1441,983,13578,9936
4668,233.320,18,Bottle,0.2700,1404,621,1478,860,17686,9936
4669,233.361,18,knife,0.5392,1283,1371,1310,1436,1755,3
4669,233.361,18,Bottle,0.3342,1399,642,1463,864,14208,9936
4669,233.361,18,knife,0.3171,1231,1273,1303,1438,11880,3
4669,233.361,18,knife,0.2913,1337,1401,1444,1437,3852,1
4670,233.419,18,knife,0.3665,1282,1369,1311,1436,1943,3
4670,233.419,18,Bottle,0.3605,1386,644,1453,854,14070,9936
4670,233.419,18,knife,0.3414,1230,1272,1304,1439,12358,3
4671,233.461,18,Bottle,0.4859,1372,644,1436,864,14080,9936
4671,233.461,18,knife,0.4187,1333,1399,1451,1440,4838,1
4671,233.461,18,knife,0.3649,1283,1369,1311,1435,1848,3
4671,233.461,18,knife,0.3271,1228,1271,1305,1439,12936,3
4672,233.520,18,Bottle,0.5758,1352,638,1422,863,15750,9936
4672,233.520,18,knife,0.4427,1333,1399,1452,1440,4879,1
4672,233.520,18,Bottle,0.3574,1286,774,1335,859,4165,9936
4672,233.520,18,knife,0.3235,1227,1270,1305,1439,13182,3
4672,233.520,18,knife,0.3155,1283,1369,1311,1435,1848,3
4673,233.560,18,Bottle,0.4531,1275,773,1321,860,4002,9936
4673,233.560,18,knife,0.4378,1333,1398,1452,1440,4998,1
4673,233.560,18,knife,0.3771,1283,1369,1310,1433,1728,3
4673,233.560,18,knife,0.3407,1227,1269,1305,1438,13182,3
4674,233.619,18,Bottle,0.7243,1310,609,1391,891,22842,9936
4674,233.619,18,knife,0.4055,1227,1270,1305,1438,13104,3
4674,233.619,18,knife,0.4037,1333,1399,1451,1440,4838,1
4674,233.619,18,knife,0.3772,1283,1369,1310,1431,1674,3
4675,233.661,18,Bottle,0.5099,1256,769,1301,862,4185,9936
4675,233.661,18,knife,0.4323,1284,1368,1311,1430,1674,3
4675,233.661,18,knife,0.3607,1332,1399,1452,1440,4920,1
4675,233.661,18,knife,0.3340,1226,1269,1305,1437,13272,3
4675,233.661,18,Bottle,0.3299,1299,610,1380,861,20331,9936
4676,233.719,18,knife,0.2980,1332,1399,1451,1440,4879,1
4676,233.719,18,knife,0.2779,1285,1362,1313,1431,1932,3
4677,233.761,18,Bottle,0.3976,1270,598,1353,859,21663,9936
4677,233.761,18,knife,0.3174,1334,1401,1446,1440,4368,1
4677,233.761,18,Bottle,0.2929,1277,768,1329,864,4992,9936
4678,233.820,18,knife,0.2895,1334,1401,1446,1440,4368,1
4679,233.865,18,Bottle,0.4109,1217,759,1258,863,4264,9936
4679,233.865,18,knife,0.3017,1334,1401,1446,1440,4368,1
4680,233.921,18,knife,0.3431,1333,1398,1450,1438,4680,1
4681,233.992,18,knife,0.3688,1332,1399,1450,1438,4602,1
4682,234.036,18,Bottle,0.6952,1184,763,1225,864,4141,9936
4682,234.036,18,knife,0.4121,1332,1398,1450,1439,4838,1
4683,234.069,18,Bottle,0.4500,1169,771,1210,848,3157,9936
4683,234.069,18,knife,0.4220,1331,1398,1450,1439,4879,1
4683,234.069,18,Cigarette,0.2638,1217,755,1225,762,56,9936
4684,234.111,18,knife,0.3745,1331,1398,1450,1438,4760,1
4684,234.111,18,Bottle,0.3724,1198,805,1234,856,1836,9936
4684,234.111,18,Bottle,0.3106,63,480,94,510,930,8410
4685,234.170,18,knife,0.3934,1331,1398,1449,1439,4838,1
4685,234.170,18,Bottle,0.3197,63,480,94,510,930,8410
4686,234.211,18,Bottle,0.7578,1167,764,1216,854,4410,9936
4686,234.211,18,Bottle,0.3078,63,480,94,510,930,8410
4687,234.270,18,Bottle,0.3172,1110,769,1148,864,3610,9936
4687,234.270,18,Bottle,0.3109,63,480,94,510,930,8410
4688,234.319,18,knife,0.5028,1344,1390,1452,1440,5400,1
4688,234.319,18,Bottle,0.3278,63,480,94,510,930,8410
4688,234.319,18,Bottle,0.3039,1142,764,1191,842,3822,9936
4689,234.369,18,knife,0.4299,1361,1382,1469,1440,6264,1
4689,234.369,18,Bottle,0.3205,63,480,94,510,930,8410
4690,234.410,18,Bottle,0.6791,1311,433,1322,467,374,10065
4690,234.410,18,Bottle,0.3944,1100,757,1155,862,5775,9936
4690,234.410,18,Bottle,0.3558,1294,438,1303,466,252,10065
4690,234.410,18,Bottle,0.3205,63,480,94,510,930,8410
4691,234.470,18,Bottle,0.7480,1086,751,1141,862,6105,9936
4691,234.470,18,Bottle,0.6190,1054,742,1092,770,1064,9936
4691,234.470,18,Bottle,0.3422,1044,744,1079,805,2135,9936
4691,234.470,18,Bottle,0.3205,63,480,94,510,930,8410
4692,234.512,18,Bottle,0.3197,63,480,94,510,930,8410
4693,234.571,18,Bottle,0.4793,1034,742,1091,921,10203,9936
4693,234.571,18,Bottle,0.2675,1223,425,1233,448,230,10065
4694,234.611,18,Bottle,0.2748,1123,826,1151,855,812,9936
4695,234.669,18,Bottle,0.5019,1123,822,1145,858,792,9936
4695,234.669,18,Bottle,0.3636,1110,325,1136,368,1118,10065
4695,234.669,18,Bottle,0.2621,1163,407,1172,433,234,10065
4696,234.711,18,Bottle,0.6684,1146,399,1153,429,210,10065
4696,234.711,18,Bottle,0.3695,1138,404,1147,428,216,10065
4696,234.711,18,Bottle,0.3508,1129,407,1141,428,252,10065
4696,234.711,18,Bottle,0.3317,1117,820,1135,858,684,9936
4697,234.770,18,Bottle,0.4212,1061,327,1076,358,465,10065
4698,234.811,18,Cigarette,0.3144,925,706,951,717,286,
4698,234.811,18,Bottle,0.3056,1080,398,1089,420,198,10065
4699,234.870,18,Bottle,0.7985,1072,383,1080,414,248,10065
4699,234.870,18,Bottle,0.2557,63,480,94,510,930,8410
4701,234.983,18,Cigarette,0.3024,912,698,932,705,140,9936
4702,235.020,18,Bottle,0.2661,916,369,924,404,280,10065
4703,235.063,18,Bottle,0.5821,894,361,906,400,468,10065
4704,235.120,18,Bottle,0.2932,1018,796,1040,827,682,9936
4705,235.161,18,knife,0.5674,1290,1343,1306,1383,640,3
4705,235.161,18,Bottle,0.2913,1006,794,1034,825,868,9936
4706,235.219,18,knife,0.5353,1290,1343,1307,1383,680,3
4706,235.219,18,Bottle,0.4695,839,349,849,383,340,10065
4707,235.261,18,Cigarette,0.3765,1622,975,1635,984,117,1
4707,235.261,18,Bottle,0.3315,818,346,828,379,330,10065
4707,235.261,18,Bottle,0.2993,818,371,825,379,56,10065
4709,235.361,18,Bottle,0.3080,822,699,850,753,1512,9936
4711,235.461,18,Bottle,0.3270,812,698,1006,891,37442,9936
4712,235.520,18,Bottle,0.4476,787,688,818,744,1736,
4713,235.561,18,Bottle,0.4113,780,684,809,746,1798,9936
4713,235.561,18,Cigarette,0.3840,911,713,916,720,35,9936
4714,235.620,18,Bottle,0.3558,796,684,919,861,21771,9936
4716,235.719,18,Cigarette,0.4730,757,674,768,678,44,9936
4716,235.719,18,Bottle,0.2757,1204,1378,1250,1435,2622,3
4717,235.761,18,Bottle,0.5069,1203,1379,1249,1435,2576,3
4718,235.819,18,Bottle,0.3128,1202,1381,1249,1434,2491,3
4718,235.819,18,knife,0.2811,1286,1352,1300,1385,462,3
4719,235.861,18,Bottle,0.3276,1202,1381,1247,1435,2430,3
4721,235.991,18,Bottle,0.5590,62,480,94,510,960,8410
4721,235.991,18,knife,0.2658,1286,1354,1300,1389,490,3
4724,236.120,18,Bottle,0.5390,589,220,597,239,152,10065
4724,236.120,18,Bottle,0.4191,61,480,93,510,960,8410
4724,236.120,18,knife,0.2578,1286,1356,1301,1392,540,3
4725,236.161,18,Bottle,0.4436,61,480,93,510,960,8410
4725,236.161,18,Bottle,0.3673,668,655,805,852,26989,9936
4726,236.219,18,Cigarette,0.7021,653,633,664,639,66,9936
4727,236.261,18,Cigarette,0.3922,645,631,657,637,72,9936
4727,236.261,18,Bottle,0.2556,769,749,784,771,330,9936
4728,236.320,18,Bottle,0.5737,62,480,94,510,960,8410
4728,236.320,18,Bottle,0.3775,656,494,769,840,39098,9936
4728,236.320,18,Bottle,0.3383,759,746,783,769,552,9936
4729,236.361,18,knife,0.6621,1364,1373,1483,1431,6902,1
4729,236.361,18,Bottle,0.6119,63,481,93,510,870,8410
4729,236.361,18,Bottle,0.3899,756,745,780,767,528,9936
4729,236.361,18,Bottle,0.3655,639,493,774,843,47250,9936
4730,236.420,18,knife,0.6221,1344,1373,1451,1434,6527,1
4730,236.420,18,Bottle,0.6164,63,481,93,510,870,8410
4730,236.420,18,knife,0.2508,1215,1367,1447,1436,16008,
4731,236.461,18,knife,0.5542,1330,1375,1456,1436,7686,1
4731,236.461,18,Bottle,0.4872,62,480,94,510,960,8410
4731,236.461,18,knife,0.3530,1213,1371,1433,1436,14300,
4732,236.520,18,Bottle,0.4867,62,480,94,510,960,8410
4732,236.520,18,knife,0.4853,1329,1386,1452,1435,6027,1
4732,236.520,18,Bottle,0.4501,606,643,629,671,644,9936
4733,236.560,18,Bottle,0.4538,61,479,94,510,1023,8410
4733,236.560,18,knife,0.3132,1325,1392,1441,1435,4988,1
4734,236.620,18,knife,0.4478,1325,1392,1441,1435,4988,1
4734,236.620,18,Bottle,0.4225,63,480,93,510,900,8410
4735,236.661,18,knife,0.4542,1323,1393,1439,1434,4756,1
4735,236.661,18,Bottle,0.4237,61,480,93,510,960,8410
4736,236.720,18,Bottle,0.5825,62,480,94,510,960,8410
4736,236.720,18,Bottle,0.5403,598,481,692,713,21808,9936
4736,236.720,18,knife,0.4793,1321,1394,1436,1431,4255,1
4736,236.720,18,Cigarette,0.3160,1521,1028,1561,1084,2240,1
4736,236.720,18,Bottle,0.2999,580,629,626,704,3450,9936
4737,236.761,18,Bottle,0.5175,63,480,94,510,930,8410
4737,236.761,18,knife,0.4122,1320,1394,1438,1432,4484,1
4737,236.761,18,Bottle,0.2533,582,481,702,797,37920,9936
4738,236.820,18,Bottle,0.5166,63,480,94,510,930,8410
4738,236.820,18,knife,0.4449,1320,1395,1436,1431,4176,1
4738,236.820,18,Bottle,0.4090,574,481,700,808,41202,9936
4739,236.860,18,Bottle,0.5922,62,480,94,510,960,8410
4739,236.860,18,knife,0.4980,1321,1394,1436,1431,4255,1
4739,236.860,18,knife,0.4069,678,657,692,684,378,9936
4739,236.860,18,Bottle,0.3001,569,478,671,803,33150,9936
4740,236.921,18,knife,0.5201,1321,1393,1438,1431,4446,1
4740,236.921,18,Bottle,0.5050,62,480,94,510,960,8410
4741,236.982,18,Bottle,0.7716,636,671,649,697,338,9936
4741,236.982,18,knife,0.5330,1321,1393,1439,1431,4484,1
4742,237.022,18,knife,0.5298,1321,1393,1438,1431,4446,1
4742,237.022,18,Cigarette,0.4548,1506,1025,1546,1079,2160,1
4743,237.061,18,knife,0.5499,1321,1393,1437,1430,4292,1
4743,237.061,18,Cigarette,0.3647,1507,1025,1546,1079,2106,1
4744,237.120,18,knife,0.5746,1321,1393,1437,1430,4292,1
4744,237.120,18,Cigarette,0.3197,1508,1026,1547,1080,2106,1
4745,237.163,18,knife,0.5737,1321,1393,1437,1430,4292,1
4746,237.219,18,knife,0.5461,1322,1393,1437,1430,4255,1
4747,237.261,18,Cigarette,0.6717,629,758,635,763,30,9936
4747,237.261,18,knife,0.5920,1322,1393,1437,1430,4255,1
4748,237.320,18,knife,0.6207,1282,1365,1301,1415,950,3
4748,237.320,18,knife,0.5940,1323,1393,1439,1430,4292,1
4749,237.363,18,knife,0.7177,1282,1365,1302,1419,1080,3
4749,237.363,18,Bottle,0.4857,505,605,594,775,15130,9936
4749,237.363,18,knife,0.4010,1323,1393,1438,1430,4255,1
4750,237.420,18,Cigarette,0.5578,602,637,608,646,54,9936
4750,237.420,18,knife,0.5351,1325,1391,1443,1432,4838,1
4750,237.420,18,knife,0.5146,1280,1364,1304,1420,1344,3
4751,237.461,18,knife,0.5519,1279,1364,1305,1421,1482,3
4752,237.522,18,Bottle,0.4823,588,691,605,711,340,9936
4753,237.560,18,knife,0.4887,1363,1384,1479,1438,6264,1
4753,237.560,18,Bottle,0.4261,582,689,599,709,340,9936
4753,237.560,18,Cigarette,0.3404,583,630,589,639,54,9936
4753,237.560,18,Cigarette,0.3289,2494,574,2534,626,2080,
4753,237.560,18,Bottle,0.2778,2473,667,2507,714,1598,
4758,237.820,18,Bottle,0.2674,63,480,93,510,900,8410
4760,237.920,18,Bottle,0.2690,434,581,463,687,3074,9936
4761,237.966,18,knife,0.6017,1288,1364,1304,1411,752,3
4761,237.966,18,Bottle,0.2978,62,480,94,510,960,8410
4762,238.020,18,knife,0.6551,1289,1363,1304,1407,660,3
4762,238.020,18,knife,0.2761,524,605,537,630,325,9936
4763,238.061,18,knife,0.4817,1497,1418,1518,1440,462,1
4764,238.119,18,knife,0.4800,1497,1417,1519,1439,484,1
4764,238.119,18,knife,0.2914,515,605,524,621,144,9936
4764,238.119,18,knife,0.2826,1377,1303,1458,1372,5589,
4765,238.164,18,knife,0.4259,1499,1418,1520,1439,441,1
4765,238.164,18,Bottle,0.3321,63,479,94,511,992,8410
4765,238.164,18,knife,0.2863,1377,1303,1458,1372,5589,
4765,238.164,18,Bottle,0.2721,401,577,428,638,1647,9936
4766,238.219,18,Bottle,0.4352,62,479,94,510,992,8410
4766,238.219,18,knife,0.3994,1500,1418,1520,1439,420,1
4767,238.260,18,knife,0.4899,1501,1417,1521,1439,440,1
4768,238.321,18,knife,0.3820,1497,1418,1520,1440,506,1
4769,238.364,18,knife,0.3026,1689,413,1760,514,7171,
4771,238.461,18,Bottle,0.5624,62,480,95,510,990,8410
4771,238.461,18,Bottle,0.3765,1723,576,1744,612,756,
4771,238.461,18,Cigarette,0.2534,449,694,462,725,403,9936
4772,238.519,18,Bottle,0.4930,62,480,95,510,990,8410
4773,238.562,18,Bottle,0.5521,62,480,95,510,990,8410
4773,238.562,18,Cigarette,0.4752,464,592,470,603,66,9936
4774,238.619,18,Cigarette,0.6991,459,591,464,601,50,9936
4774,238.619,18,Bottle,0.5237,62,480,94,510,960,8410
4774,238.619,18,Cigarette,0.4076,447,612,480,656,1452,9936
4775,238.663,18,Cigarette,0.5357,453,591,459,600,54,9936
4775,238.663,18,Bottle,0.3562,63,480,94,510,930,8410
4776,238.719,18,Bottle,0.5219,63,480,94,510,930,8410
4776,238.719,18,Cigarette,0.4834,448,590,454,600,60,9936
4776,238.719,18,Cigarette,0.2973,439,635,468,658,667,9936
4776,238.719,18,Bottle,0.2922,446,643,454,663,160,9936
4777,238.763,18,Bottle,0.4251,63,480,94,510,930,8410
4777,238.763,18,Cigarette,0.2979,436,634,464,656,616,9936
4778,238.819,18,Bottle,0.5436,63,480,94,510,930,8410
4779,238.861,18,Bottle,0.5064,63,480,94,510,930,8410
4780,238.920,18,Bottle,0.4885,63,480,94,510,930,8410
4780,238.920,18,Bottle,0.3627,263,434,286,486,1196,
4780,238.920,18,knife,0.3387,1292,1344,1307,1386,630,3
4781,238.964,18,knife,0.5944,1374,1328,1477,1396,7004,
4781,238.964,18,Cigarette,0.3086,1507,510,1533,529,494,
4782,239.019,18,knife,0.7065,1346,1318,1436,1394,6840,
4783,239.061,18,knife,0.6826,1327,1309,1414,1394,7395,
4783,239.061,18,Cigarette,0.5056,416,571,423,586,105,9936
4783,239.061,18,knife,0.4222,1293,1341,1311,1387,828,3
4784,239.119,18,Cigarette,0.6135,411,569,417,577,48,9936
4784,239.119,18,knife,0.5798,1293,1341,1311,1388,846,3
4784,239.119,18,knife,0.2558,1323,1317,1396,1404,6351,
4785,239.162,18,knife,0.5821,1294,1340,1312,1389,882,3
4785,239.162,18,knife,0.4037,407,568,422,601,495,9936
4786,239.220,18,knife,0.3591,405,568,417,597,348,9936
4786,239.220,18,Bottle,0.3275,62,481,92,510,870,8410
4787,239.261,18,Bottle,0.3268,62,481,92,510,870,8410
4787,239.261,18,knife,0.2776,403,566,412,593,243,9936
4788,239.320,18,knife,0.2879,401,566,409,593,216,9936
4789,239.362,18,Cigarette,0.5601,397,568,402,580,60,9936
4790,239.422,18,Cigarette,0.3241,394,568,400,581,78,9936
4791,239.463,18,Cigarette,0.3753,390,567,396,579,72,9936
4791,239.463,18,knife,0.2735,1398,1313,1447,1362,2401,1
4792,239.519,18,Bottle,0.2642,62,482,92,510,840,8410
4793,239.561,18,Bottle,0.3538,1242,1371,1261,1396,475,3
4794,239.620,18,Cigarette,0.6362,380,564,385,575,55,9936
4794,239.620,18,Cigarette,0.3135,354,665,366,687,264,9936
4795,239.661,18,Bottle,0.2503,15,314,51,395,2916,
4796,239.734,18,knife,0.6698,1292,1345,1307,1388,645,3
4796,239.734,18,Cigarette,0.4394,346,648,353,652,28,9936
4797,239.760,18,knife,0.8695,1292,1348,1309,1400,884,3
4797,239.760,18,Bottle,0.2834,24,327,61,396,2553,
4798,239.819,18,knife,0.8357,1292,1350,1313,1415,1365,3
4798,239.819,18,Bottle,0.3666,61,481,94,510,957,8410
4799,239.861,18,Cigarette,0.5243,367,553,374,565,84,9936
4799,239.861,18,Bottle,0.4314,61,481,94,510,957,8410
4800,239.920,18,Bottle,0.6133,363,602,373,621,190,9936
4800,239.920,18,Bottle,0.3562,61,481,94,510,957,8410
4800,239.920,18,Cigarette,0.3046,366,553,372,562,54,9936
4801,239.980,18,Bottle,0.5316,360,600,370,619,190,9936
4801,239.980,18,Cigarette,0.3420,361,552,368,560,56,9936
4802,240.011,18,Bottle,0.7407,357,599,368,618,209,9936
4803,240.070,18,Bottle,0.3615,354,597,364,615,180,9936
4803,240.070,18,Bottle,0.2550,62,480,94,510,960,8410
4804,240.114,18,Bottle,0.4917,351,595,362,613,198,9936
4804,240.114,18,Bottle,0.3086,149,564,185,646,2952,
4805,240.169,18,Bottle,0.2920,147,568,184,647,2923,
4806,240.211,18,Cigarette,0.4316,1024,416,1035,436,220,
4806,240.211,18,Bottle,0.3081,147,567,184,647,2960,
4807,240.272,18,Bottle,0.3566,149,565,185,646,2916,
4807,240.272,18,Cigarette,0.2945,296,599,311,650,765,9936
4807,240.272,18,knife,0.2929,1309,1410,1407,1437,2646,
4807,240.272,18,Bottle,0.2691,62,480,94,510,960,8410
4808,240.313,18,Bottle,0.4697,147,563,185,646,3154,
4808,240.313,18,knife,0.3956,1307,1401,1425,1438,4366,
4808,240.313,18,knife,0.3756,1285,1366,1314,1437,2059,3
4809,240.370,18,knife,0.5498,1348,1392,1457,1440,5232,1
4809,240.370,18,Bottle,0.4227,147,563,185,646,3154,
4809,240.370,18,knife,0.3930,1287,1366,1315,1435,1932,3
4809,240.370,18,knife,0.3079,1233,1272,1305,1433,11592,3
4809,240.370,18,Cigarette,0.2836,299,602,318,649,893,9936
4810,240.413,18,knife,0.5750,1378,1390,1489,1440,5550,1
4810,240.413,18,knife,0.3630,1234,1269,1307,1439,12410,3
4810,240.413,18,Bottle,0.2685,148,565,185,646,2997,
4811,240.470,18,knife,0.6427,1393,1390,1511,1440,5900,1
4811,240.470,18,Cigarette,0.6284,2480,634,2525,691,2565,
4812,240.511,18,Bottle,0.5500,2064,577,2111,662,3995,
4812,240.511,18,knife,0.4755,1393,1391,1524,1440,6419,1
4813,240.570,18,knife,0.3528,1393,1392,1519,1440,6048,1
4813,240.570,18,Bottle,0.2815,2010,581,2067,651,3990,
4813,240.570,18,knife,0.2739,1394,1312,1449,1364,2860,1
4814,240.611,18,knife,0.4410,1393,1393,1522,1440,6063,1
4814,240.611,18,knife,0.2522,1238,1281,1309,1437,11076,3
4815,240.669,18,knife,0.4658,1393,1393,1524,1440,6157,1
4815,240.669,18,knife,0.2646,1234,1271,1305,1440,11999,3
4816,240.711,18,knife,0.4375,1393,1393,1518,1440,5875,1
4816,240.711,18,knife,0.3176,1234,1271,1306,1439,12096,3
4817,240.771,18,knife,0.4532,1393,1393,1513,1440,5640,1
4817,240.771,18,Cigarette,0.4438,315,528,323,541,104,9936
4817,240.771,18,knife,0.3303,1235,1271,1307,1439,12096,3
4817,240.771,18,Bottle,0.2819,62,480,94,510,960,8410
4818,240.812,18,Cigarette,0.6496,314,525,319,534,45,9936
4818,240.812,18,knife,0.3357,1393,1393,1509,1439,5336,1
4818,240.812,18,Cigarette,0.3000,291,610,298,612,14,9936
4819,240.870,18,Cigarette,0.5626,312,522,317,531,45,9936
4819,240.870,18,Bottle,0.4444,62,480,94,510,960,8410
4819,240.870,18,knife,0.3364,1392,1393,1510,1439,5428,1
4820,240.911,18,Bottle,0.5573,18,265,55,372,3959,
4820,240.911,18,Bottle,0.4838,62,480,94,510,960,8410
4820,240.911,18,knife,0.4650,1392,1393,1513,1439,5566,1
4820,240.911,18,Cigarette,0.4435,311,521,315,529,32,9936
4821,240.980,18,Bottle,0.6045,62,481,94,510,928,8410
4821,240.980,18,knife,0.4038,1392,1393,1511,1439,5474,1
4821,240.980,18,Bottle,0.2958,148,567,182,647,2720,
4822,241.013,18,Cigarette,0.4425,305,520,310,528,40,9936
4822,241.013,18,Bottle,0.3810,62,480,94,511,992,8410
4822,241.013,18,knife,0.3377,1391,1392,1510,1439,5593,1
4823,241.070,18,Bottle,0.5944,62,481,94,510,928,8410
4823,241.070,18,knife,0.2809,1391,1392,1509,1439,5546,1
4823,241.070,18,Bottle,0.2632,33,274,71,379,3990,
4824,241.112,18,Bottle,0.6222,62,481,94,510,928,8410
4824,241.112,18,Bottle,0.3142,211,493,223,527,408,9936
4824,241.112,18,knife,0.2784,1391,1392,1510,1439,5593,1
4825,241.170,18,Bottle,0.6459,299,563,309,580,170,9936
4825,241.170,18,Bottle,0.4311,62,480,94,511,992,8410
4825,241.170,18,Bottle,0.2815,148,569,182,647,2652,
4825,241.170,18,knife,0.2675,1391,1392,1509,1439,5546,1
4826,241.211,18,Bottle,0.6381,62,480,94,510,960,8410
4826,241.211,18,Cigarette,0.2797,297,518,303,527,54,9936
4827,241.270,18,Cigarette,0.6250,293,516,302,532,144,9936
4827,241.270,18,Bottle,0.5216,62,480,94,511,992,8410
4828,241.311,18,Bottle,0.4063,63,481,94,510,899,8410
4828,241.311,18,Cigarette,0.3260,288,514,301,536,286,9936
4828,241.311,18,knife,0.3147,1391,1392,1510,1439,5593,1
4829,241.369,18,knife,0.2871,1391,1392,1510,1439,5593,1
4830,241.411,18,Bottle,0.4113,62,480,94,511,992,8410
4830,241.411,18,knife,0.3307,1391,1392,1509,1439,5546,1
4831,241.470,18,Bottle,0.5091,62,480,94,511,992,8410
4831,241.470,18,knife,0.4446,1392,1392,1512,1440,5760,1
4831,241.470,18,Cigarette,0.3952,279,506,287,518,96,9936
4831,241.470,18,Cigarette,0.2690,157,482,159,492,20,8410
4831,241.470,18,Cigarette,0.2673,279,506,290,526,220,9936
4832,241.513,18,Bottle,0.4670,62,480,94,511,992,8410
4832,241.513,18,knife,0.4584,1392,1392,1513,1440,5808,1
4832,241.513,18,Cigarette,0.4372,277,504,284,518,98,9936
4832,241.513,18,Cigarette,0.2991,157,482,159,491,18,8410
4833,241.569,18,knife,0.5181,1392,1392,1514,1439,5734,1
4833,241.569,18,Bottle,0.4099,63,480,94,510,930,8410
4834,241.611,18,knife,0.5799,1392,1391,1514,1439,5856,1
4834,241.611,18,Bottle,0.5162,62,479,94,511,1024,8410
4834,241.611,18,Cigarette,0.4409,156,482,158,492,20,8410
4834,241.611,18,Bottle,0.2603,370,309,407,339,1110,10333
4835,241.671,18,Cigarette,0.5271,156,483,159,492,27,8410
4835,241.671,18,knife,0.3345,1390,1389,1505,1440,5865,1
4835,241.671,18,Bottle,0.3162,62,480,94,511,992,8410
4836,241.711,18,Cigarette,0.4178,156,482,159,491,27,8410
4836,241.711,18,knife,0.4040,1381,1391,1482,1440,4949,1
4836,241.711,18,Bottle,0.2697,181,488,206,545,1425,9936
4837,241.770,18,Cigarette,0.4365,156,482,159,492,30,8410
4838,241.812,18,Bottle,0.4299,62,480,94,511,992,8410
4838,241.812,18,Cigarette,0.3739,156,482,159,491,27,8410
4838,241.812,18,knife,0.3017,1333,1397,1443,1440,4730,1
4839,241.870,18,knife,0.6251,1318,1407,1416,1440,3234,
4839,241.870,18,Bottle,0.3560,62,481,94,511,960,8410
4840,241.910,18,knife,0.6254,1301,1416,1394,1438,2046,
4840,241.910,18,Bottle,0.2609,63,481,93,510,870,8410
4841,241.969,18,knife,0.2837,2142,675,2240,699,2352,
4842,242.019,18,knife,0.2994,2146,681,2230,705,2016,
4842,242.019,18,knife,0.2633,1237,1271,1304,1436,11055,3
4845,242.163,18,Bottle,0.4798,1956,736,1984,797,1708,
4846,242.220,18,knife,0.2724,2136,768,2174,856,3344,
4847,242.263,18,knife,0.3527,2137,766,2173,860,3384,
4849,242.361,18,Cigarette,0.2872,716,458,728,468,120,10502
4850,242.420,18,Cigarette,0.4817,210,492,217,503,77,9936
4851,242.462,18,Bottle,0.3745,63,479,93,510,930,8410
4852,242.520,18,Cigarette,0.4272,200,489,208,500,88,9936
4855,242.661,18,Bottle,0.3669,872,425,901,481,1624,10333
4857,242.761,18,Cigarette,0.4485,1986,840,2011,862,550,
4857,242.761,18,Bottle,0.3941,62,479,94,510,992,8410
4857,242.761,18,Bottle,0.3589,1024,512,1085,664,9272,
4858,242.819,18,Bottle,0.3597,63,479,94,510,961,8410
4859,242.861,18,Bottle,0.5670,1001,402,1024,437,805,10333
4859,242.861,18,Bottle,0.2769,62,479,94,510,992,8410
4860,242.922,18,Bottle,0.3946,995,409,1012,447,646,10333
4860,242.922,18,Bottle,0.3308,1036,410,1058,443,726,10333
4861,242.980,18,Cigarette,0.2867,1095,533,1116,547,294,10333
4861,242.980,18,Bottle,0.2702,1070,414,1094,450,864,10333
4862,243.012,18,knife,0.2561,1345,1420,1442,1437,1649,
4863,243.070,18,Cigarette,0.7447,165,482,170,490,40,8410
4863,243.070,18,knife,0.4677,1368,1416,1476,1439,2484,1
4865,243.170,18,Cigarette,0.3344,2252,443,2283,465,682,
4865,243.170,18,Bottle,0.3154,63,479,93,510,930,8410
4866,243.211,18,Cigarette,0.5329,2252,442,2284,465,736,
4867,243.269,18,Bottle,0.5075,959,477,975,513,576,10550
4867,243.269,18,Cigarette,0.3267,2251,444,2272,462,378,
4867,243.269,18,Bottle,0.3144,62,480,93,511,961,8410
4868,243.310,18,Bottle,0.3837,1273,457,1299,483,676,10333
4873,243.570,18,Bottle,0.3260,61,461,72,485,264,8410
4875,243.670,18,Bottle,0.4403,64,479,91,510,837,8410
4875,243.670,18,Bottle,0.2766,205,295,247,409,4788,10476
4876,243.711,18,Bottle,0.3957,63,478,95,511,1056,8410
4876,243.711,18,Bottle,0.3865,1718,683,1747,729,1334,10333
4877,243.770,18,Bottle,0.2871,63,477,95,511,1088,8410
4877,243.770,18,Bottle,0.2634,153,583,181,647,1792,
4878,243.814,18,Bottle,0.3632,153,582,181,647,1820,
4879,243.870,18,Cigarette,0.4275,1880,718,1889,731,117,10333
4879,243.870,18,Bottle,0.3976,153,582,181,647,1820,
4879,243.870,18,knife,0.3151,1718,649,1749,657,248,10518
4880,243.912,18,Bottle,0.6072,64,477,95,510,1023,8410
4880,243.912,18,Bottle,0.3310,153,582,181,647,1820,
4881,243.980,18,Bottle,0.3115,1837,812,1858,835,483,10333
4881,243.980,18,knife,0.2922,1812,675,1839,684,243,10518
4882,244.012,18,knife,0.5477,1901,605,1941,623,720,10333
4882,244.012,18,Bottle,0.5350,1910,575,1990,657,6560,10333
4882,244.012,18,Bottle,0.2703,153,582,181,646,1792,
4883,244.070,18,Bottle,0.4877,55,359,99,464,4620,
4883,244.070,18,Bottle,0.3219,2030,631,2040,665,340,10333
4883,244.070,18,Bottle,0.2909,153,581,181,646,1820,
4884,244.111,18,Bottle,0.4458,53,361,96,468,4601,
4884,244.111,18,Bottle,0.2785,153,581,181,646,1820,
4884,244.111,18,knife,0.2699,1955,714,1981,723,234,10518
4885,244.171,18,Bottle,0.3523,49,362,90,461,4059,10662
4886,244.211,18,Bottle,0.2887,49,363,89,456,3720,10662
4887,244.270,18,Cigarette,0.5424,1012,484,1022,497,130,10490
4887,244.270,18,Bottle,0.3779,1759,625,1777,676,918,10550
4887,244.270,18,Bottle,0.3322,153,582,181,646,1792,
4887,244.270,18,Bottle,0.2569,48,363,88,450,3480,10662
4888,244.311,18,Bottle,0.3327,153,581,181,647,1848,
4889,244.369,18,Cigarette,0.8349,1070,497,1079,510,117,10490
4889,244.369,18,Bottle,0.3866,153,581,181,647,1848,
4890,244.414,18,Cigarette,0.6978,1099,505,1109,518,130,10490
4890,244.414,18,Bottle,0.2635,153,581,181,646,1820,
4891,244.470,18,Bottle,0.5384,1874,506,1892,526,360,10550
4891,244.470,18,Bottle,0.3309,153,580,181,647,1876,
4891,244.470,18,Bottle,0.2691,1900,506,1935,526,700,10550
4891,244.470,18,Cigarette,0.2544,1128,510,1138,524,140,10490
4892,244.511,18,Cigarette,0.6107,1158,516,1167,530,126,10490
4892,244.511,18,Bottle,0.3304,153,581,181,647,1848,
4893,244.569,18,Bottle,0.4344,153,581,181,647,1848,
4893,244.569,18,Cigarette,0.2567,1189,521,1198,534,117,10490
4894,244.612,18,Cigarette,0.7171,1220,528,1230,541,130,10490
4894,244.612,18,Bottle,0.4003,153,581,181,647,1848,
4894,244.612,18,Bottle,0.3297,1580,463,1595,502,585,10745
4895,244.670,18,Cigarette,0.6984,1253,535,1262,548,117,10490
4895,244.670,18,Bottle,0.4084,153,581,181,647,1848,
4896,244.713,18,Cigarette,0.6163,1286,542,1295,555,117,10490
4896,244.713,18,Bottle,0.3733,153,580,181,647,1876,
4896,244.713,18,Cigarette,0.3363,1287,482,1292,485,15,10490
4897,244.769,18,Bottle,0.2901,153,581,181,647,1848,
4898,244.812,18,Cigarette,0.3247,1353,557,1362,570,117,10490
4898,244.812,18,Bottle,0.2978,153,581,181,647,1848,
4899,244.872,18,knife,0.3189,554,468,582,495,756,10476
4899,244.872,18,Bottle,0.2959,153,581,181,647,1848,
4900,244.913,18,Bottle,0.3140,153,582,181,647,1820,
4900,244.913,18,Bottle,0.2997,30,219,53,279,1380,
4901,244.979,18,Bottle,0.3738,28,213,50,279,1452,
4901,244.979,18,Bottle,0.2942,152,577,181,647,2030,
4902,245.015,18,Bottle,0.3351,152,578,181,647,2001,8410
4905,245.169,18,Bottle,0.4794,1593,665,1618,720,1375,10490
4906,245.210,18,Bottle,0.2700,48,468,64,502,544,
4908,245.312,18,Bottle,0.5971,1704,689,1732,736,1316,10490
4910,245.412,18,Bottle,0.4692,1791,627,1813,690,1386,10490
4911,245.470,18,Bottle,0.4437,1717,693,1749,733,1280,10490
4911,245.470,18,Bottle,0.2996,1831,637,1852,685,1008,10490
4915,245.670,18,Bottle,0.2601,2139,767,2186,861,4418,
4917,245.771,18,knife,0.5914,1350,1349,1450,1423,7400,1
4917,245.771,18,Bottle,0.4908,905,263,914,284,189,10770
4917,245.771,18,Cigarette,0.4358,1497,575,1514,586,187,
4917,245.771,18,knife,0.2652,1234,1268,1301,1437,11323,3
4918,245.811,18,knife,0.6959,1327,1346,1420,1430,7812,
4918,245.811,18,knife,0.4203,1287,1370,1314,1439,1863,3
4918,245.811,18,Cigarette,0.2719,1497,575,1514,586,187,
4919,245.870,18,knife,0.4537,1312,1355,1404,1437,7544,
4919,245.870,18,knife,0.2510,1237,1294,1349,1439,16240,3
4920,245.911,18,Bottle,0.4235,895,264,905,282,180,10770
4922,246.013,18,Bottle,0.3724,1194,437,1208,477,560,10476
4923,246.070,18,knife,0.3796,1235,1276,1308,1440,11972,3
4925,246.170,18,Bottle,0.5959,1158,361,1168,381,200,10833
4925,246.170,18,Bottle,0.3325,1176,279,1201,315,900,10833
4929,246.370,18,knife,0.3549,1425,1313,1448,1362,1127,1
4930,246.411,18,knife,0.3132,1428,1312,1448,1361,980,1
4933,246.569,18,Bottle,0.4467,62,480,94,510,960,8410
4934,246.610,18,Bottle,0.4402,589,304,599,332,280,10770
4934,246.610,18,Bottle,0.3784,62,480,94,511,992,8410
4935,246.670,18,Bottle,0.4639,62,480,93,511,961,8410
4936,246.711,18,Bottle,0.4456,62,480,93,511,961,8410
4937,246.769,18,Bottle,0.2810,837,226,844,241,105,10833
4939,246.870,18,Cigarette,0.3026,2518,605,2545,618,351,
4940,246.911,18,knife,0.3131,2037,787,2097,811,1440,10476
4940,246.911,18,knife,0.2905,1981,704,2003,713,198,10476
4941,246.981,18,knife,0.2682,1435,1312,1447,1363,612,1
4942,247.016,18,Bottle,0.2501,63,481,92,510,841,8410
4947,247.269,18,Bottle,0.2575,63,481,93,510,870,8410
4948,247.311,18,Bottle,0.2614,63,481,92,510,841,8410
4949,247.370,18,Bottle,0.3039,64,481,92,510,812,8410
4950,247.413,18,Bottle,0.2741,64,480,91,510,810,8410
4953,247.569,18,Bottle,0.2835,64,480,91,510,810,8410
4955,247.669,18,Bottle,0.2780,64,480,91,510,810,8410
4957,247.769,18,Bottle,0.3529,1191,412,1244,479,3551,
4960,247.911,18,Bottle,0.2533,62,480,94,510,960,8410
4964,248.112,18,Cigarette,0.3193,2,416,18,456,640,
4965,248.170,18,Cigarette,0.3182,2,418,19,456,646,
4965,248.170,18,Bottle,0.2558,63,481,93,510,870,8410
4966,248.212,18,Cigarette,0.3652,2,419,19,456,629,
4966,248.212,18,Bottle,0.2655,63,481,93,510,870,8410
4967,248.269,18,Cigarette,0.3312,2,418,19,456,646,
4967,248.269,18,Bottle,0.3152,939,349,987,419,3360,
4967,248.269,18,Bottle,0.2682,63,481,94,510,899,8410
4968,248.311,18,Bottle,0.3732,915,342,960,417,3375,
4968,248.311,18,Cigarette,0.3195,1,418,19,455,666,
4969,248.370,18,Cigarette,0.4170,1,417,17,452,560,
4970,248.412,18,knife,0.3216,1396,1325,1431,1363,1330,1
4971,248.469,18,knife,0.5990,1393,1325,1431,1363,1444,1
4971,248.469,18,Cigarette,0.2592,0,412,12,451,468,
4974,248.610,18,Bottle,0.4018,789,319,826,390,2627,
4976,248.711,18,Bottle,0.3848,63,481,93,511,900,8410
4977,248.769,18,Bottle,0.3965,63,481,93,511,900,8410
4979,248.871,18,Bottle,0.3822,63,481,93,511,900,8410
4979,248.871,18,Bottle,0.2611,1356,414,1414,508,5452,
4980,248.911,18,Bottle,0.4081,63,481,93,511,900,8410
4981,248.982,18,Bottle,0.5918,63,480,94,511,961,8410
4982,249.017,18,Bottle,0.7280,63,480,94,510,930,8410
4983,249.070,18,Bottle,0.7445,63,480,94,510,930,8410
4984,249.112,18,Bottle,0.7166,63,480,94,510,930,8410
4984,249.112,18,Cigarette,0.3798,1773,468,1790,481,221,
4985,249.170,18,Bottle,0.6763,63,480,94,510,930,8410
4986,249.210,18,Bottle,0.7000,63,480,94,510,930,8410
4986,249.210,18,Cigarette,0.2590,0,404,9,442,342,
4987,249.269,18,Bottle,0.7227,63,480,94,510,930,8410
4987,249.269,18,Cigarette,0.2533,0,404,9,442,342,
4988,249.311,18,Bottle,0.7212,63,480,94,510,930,8410
4988,249.311,18,Cigarette,0.2707,0,403,9,441,342,
4989,249.369,18,Bottle,0.7550,63,480,94,511,961,8410
4989,249.369,18,Cigarette,0.2850,0,402,10,441,390,
4990,249.412,18,Bottle,0.7469,63,480,94,511,961,8410
4990,249.412,18,Cigarette,0.2668,0,403,10,441,380,
4991,249.470,18,Bottle,0.7058,62,480,94,510,960,8410
4992,249.511,18,Bottle,0.7480,63,480,94,510,930,8410
4992,249.511,18,Bottle,0.4152,1092,279,1101,299,180,10999
4992,249.511,18,Cigarette,0.2568,0,401,10,440,390,
4993,249.572,18,Bottle,0.7451,63,480,94,510,930,8410
4993,249.572,18,Cigarette,0.2907,0,402,10,437,350,
4993,249.572,18,Bottle,0.2596,20,218,56,305,3132,
4994,249.612,18,Bottle,0.7846,63,480,94,510,930,8410
4994,249.612,18,Bottle,0.3470,16,217,52,304,3132,
4994,249.612,18,Cigarette,0.2891,0,399,10,436,370,
4995,249.670,18,Bottle,0.7875,63,480,94,510,930,8410
4995,249.670,18,Cigarette,0.3019,0,399,10,435,360,
4996,249.711,18,Bottle,0.7855,63,480,94,510,930,8410
4996,249.711,18,Cigarette,0.3131,0,398,10,435,370,
4996,249.711,18,Bottle,0.2608,1515,720,1536,793,1533,
4997,249.769,18,Bottle,0.7804,63,480,94,510,930,8410
4997,249.769,18,Bottle,0.3606,1505,703,1534,792,2581,
4997,249.769,18,Cigarette,0.2697,0,398,10,434,360,
4998,249.810,18,Bottle,0.7661,63,480,94,510,930,8410
4999,249.870,18,Bottle,0.7296,63,480,94,510,930,8410
5000,249.911,18,Bottle,0.7690,63,480,94,510,930,8410
5001,249.980,18,Cigarette,0.2898,126,439,153,465,702,8410
5002,250.011,18,Cigarette,0.3247,126,439,153,465,702,8410
5003,250.069,18,Cigarette,0.3002,117,438,156,469,1209,8410
5003,250.069,18,knife,0.2555,1235,1270,1308,1437,12191,3
5004,250.110,18,Cigarette,0.2901,118,437,155,468,1147,8410
5005,250.169,18,Cigarette,0.3791,118,436,156,468,1216,8410
5005,250.169,18,knife,0.2744,1235,1270,1309,1437,12358,3
5006,250.212,18,Cigarette,0.4371,118,436,156,468,1216,8410
5006,250.212,18,knife,0.2688,1234,1270,1309,1437,12525,3
5007,250.271,18,Cigarette,0.4812,118,436,156,468,1216,8410
5007,250.271,18,knife,0.3094,1234,1269,1309,1437,12600,3
5008,250.312,18,Cigarette,0.4916,118,437,156,468,1178,8410
5008,250.312,18,knife,0.2791,1234,1270,1309,1437,12525,3
5009,250.369,18,Cigarette,0.4976,118,437,157,468,1209,8410
5009,250.369,18,knife,0.2618,1235,1271,1308,1437,12118,3
5010,250.412,18,Cigarette,0.4528,118,436,157,468,1248,8410
5011,250.470,18,Cigarette,0.4893,118,437,157,468,1209,8410
5012,250.511,18,Cigarette,0.5315,119,437,157,468,1178,8410
5013,250.569,18,Cigarette,0.5322,119,437,157,468,1178,8410
5014,250.610,18,Cigarette,0.5477,119,437,157,468,1178,8410
5015,250.670,18,Cigarette,0.4654,119,437,157,468,1178,8410
5016,250.712,18,Cigarette,0.4484,119,437,156,468,1147,8410
5016,250.712,18,Bottle,0.2818,63,480,93,511,930,8410
5017,250.769,18,Bottle,0.3450,1024,693,1052,785,2576,
5017,250.769,18,Cigarette,0.3375,119,437,156,468,1147,8410
5018,250.811,18,Cigarette,0.3757,118,438,156,468,1140,8410
5018,250.811,18,knife,0.2677,1236,1273,1307,1436,11573,3
5019,250.871,18,Cigarette,0.4146,119,438,156,469,1147,8410
5019,250.871,18,knife,0.2899,1236,1271,1307,1436,11715,3
5020,250.911,18,Cigarette,0.3596,119,437,156,468,1147,8410
5020,250.911,18,knife,0.2671,1236,1272,1307,1436,11644,3
5021,250.980,18,Bottle,0.3969,63,479,95,510,992,8410
5021,250.980,18,knife,0.2808,1233,1269,1304,1438,11999,3
5022,251.010,18,knife,0.2994,1233,1269,1304,1438,11999,3
5023,251.070,18,knife,0.2974,1234,1269,1304,1438,11830,3
5024,251.111,18,knife,0.2828,1233,1269,1305,1438,12168,3
5026,251.211,18,Bottle,0.4570,63,479,95,510,992,8410
5027,251.270,18,Bottle,0.3263,62,478,95,510,1056,8410
5028,251.311,18,knife,0.3264,1234,1269,1305,1438,11999,3
5028,251.311,18,Bottle,0.3044,62,478,95,510,1056,8410
5029,251.371,18,Bottle,0.3869,63,479,94,510,961,8410
5029,251.371,18,knife,0.2948,1234,1269,1305,1439,12070,3
5030,251.411,18,Bottle,0.3262,63,479,94,510,961,8410
5030,251.411,18,knife,0.2763,1234,1269,1304,1439,11900,3
5031,251.470,18,Bottle,0.3199,63,479,95,510,992,8410
5031,251.470,18,knife,0.2961,1234,1269,1305,1439,12070,3
5032,251.511,18,knife,0.2604,1233,1269,1304,1439,12070,3
5032,251.511,18,Bottle,0.2527,62,479,94,510,992,8410
5034,251.610,18,Bottle,0.2662,62,479,94,510,992,8410
5034,251.610,18,knife,0.2649,1234,1269,1304,1439,11900,3
5035,251.670,18,Cigarette,0.2612,996,482,1010,512,420,
5035,251.670,18,knife,0.2574,1234,1269,1304,1439,11900,3
5036,251.711,18,Bottle,0.3945,62,479,94,510,992,8410
5037,251.770,18,Bottle,0.4065,62,479,94,510,992,8410
5038,251.811,18,Bottle,0.3687,62,479,94,510,992,8410
5039,251.870,18,Bottle,0.5538,63,479,95,510,992,8410
5039,251.870,18,knife,0.2731,1234,1268,1304,1438,11900,3
5040,251.911,18,Bottle,0.5780,63,479,95,510,992,8410
5040,251.911,18,knife,0.2639,1234,1268,1304,1438,11900,3
5049,252.360,18,Bottle,0.2550,1504,534,1535,625,2821,
5052,252.519,18,Bottle,0.3139,145,562,183,646,3192,
5053,252.560,18,Bottle,0.4533,145,564,183,646,3116,
5053,252.560,18,Cigarette,0.4169,120,437,155,469,1120,8410
5054,252.620,18,Cigarette,0.4105,121,438,155,471,1122,8410
5054,252.620,18,Bottle,0.3952,146,564,183,646,3034,
5055,252.661,18,Cigarette,0.5287,121,438,153,469,992,8410
5055,252.661,18,Bottle,0.5206,145,563,183,646,3154,8410
5056,252.719,18,Bottle,0.6002,145,562,184,646,3276,
5056,252.719,18,Cigarette,0.3057,1761,552,1773,569,204,
5056,252.719,18,Cigarette,0.2583,120,439,150,469,900,8410
5057,252.761,18,Bottle,0.6108,144,560,184,647,3480,8410
5058,252.821,18,Bottle,0.5839,145,562,184,647,3315,8410
5059,252.861,18,Bottle,0.5905,145,563,184,647,3276,8410
5060,252.920,18,Bottle,0.5533,144,563,183,646,3237,8410
5060,252.920,18,Cigarette,0.4582,1024,564,1042,589,450,
5061,252.966,18,Bottle,0.5175,147,572,183,647,2700,
5061,252.966,18,Bottle,0.2674,63,481,92,510,841,8410
5062,253.020,18,Bottle,0.5911,148,567,184,646,2844,
5062,253.020,18,Cigarette,0.3160,1091,398,1098,410,84,10993
5063,253.060,18,Bottle,0.5623,147,570,183,647,2772,
5064,253.120,18,Bottle,0.6014,147,564,183,646,2952,
5065,253.160,18,Bottle,0.5353,62,480,94,510,960,8410
5065,253.160,18,Bottle,0.5225,146,564,182,647,2988,
5066,253.219,18,Bottle,0.5846,147,565,182,647,2870,
5066,253.219,18,Bottle,0.5456,62,480,94,510,960,8410
5067,253.261,18,Bottle,0.6090,63,479,94,510,961,8410
5067,253.261,18,Bottle,0.5972,147,567,182,646,2765,
5067,253.261,18,Cigarette,0.2575,2510,649,2553,681,1376,
5068,253.320,18,Bottle,0.5793,144,564,181,646,3034,
5068,253.320,18,Bottle,0.5717,63,479,95,510,992,8410
5069,253.361,18,Bottle,0.6102,145,565,181,646,2916,
5069,253.361,18,Bottle,0.4123,62,479,95,511,1056,8410
5070,253.420,18,Bottle,0.6833,152,579,183,647,2108,
5070,253.420,18,Bottle,0.6586,63,479,94,511,992,8410
5070,253.420,18,Cigarette,0.2798,126,439,153,464,675,8410
5070,253.420,18,Bottle,0.2590,271,525,311,609,3360,
5071,253.461,18,Bottle,0.7014,152,579,183,647,2108,
5071,253.461,18,Bottle,0.6516,63,479,94,511,992,8410
5071,253.461,18,knife,0.2553,1428,1173,1474,1263,4140,1
5072,253.520,18,Bottle,0.6791,152,580,182,646,1980,
5072,253.520,18,Bottle,0.3296,63,479,94,510,961,8410
5073,253.561,18,Bottle,0.5528,152,580,183,646,2046,
5073,253.561,18,Cigarette,0.4689,2498,572,2517,592,380,
5073,253.561,18,Cigarette,0.4246,125,439,153,465,728,8410
5073,253.561,18,Bottle,0.2914,63,479,95,511,1024,8410
5074,253.620,18,Bottle,0.5760,152,579,183,647,2108,
5074,253.620,18,Cigarette,0.3425,2519,547,2546,576,783,
5074,253.620,18,Cigarette,0.3048,126,439,153,464,675,8410
5074,253.620,18,Bottle,0.2587,63,479,95,511,1024,8410
5075,253.661,18,Bottle,0.5887,152,579,183,646,2077,
5075,253.661,18,Cigarette,0.4318,2504,546,2522,572,468,
5075,253.661,18,knife,0.4291,1335,407,1339,431,96,10993
5075,253.661,18,Cigarette,0.3609,126,439,153,464,675,8410
5075,253.661,18,Bottle,0.2645,63,479,95,511,1024,8410
5076,253.720,18,Bottle,0.5741,146,569,181,646,2695,
5076,253.720,18,knife,0.3146,1361,413,1364,436,69,10993
5077,253.760,18,Bottle,0.5639,145,568,181,646,2808,
5077,253.760,18,Cigarette,0.4015,127,439,153,464,650,8410
5078,253.820,18,Bottle,0.5546,147,570,181,645,2550,
5078,253.820,18,Bottle,0.4903,63,479,95,510,992,8410
5078,253.820,18,Cigarette,0.3743,127,439,151,462,552,8410
5079,253.861,18,Bottle,0.8309,1446,423,1470,459,864,10993
5079,253.861,18,Bottle,0.6010,147,569,181,645,2584,
5079,253.861,18,Cigarette,0.2575,2287,494,2319,538,1408,
5080,253.919,18,knife,0.7015,1388,1327,1429,1366,1599,1
5080,253.919,18,Bottle,0.5800,146,569,181,646,2695,
5081,253.966,18,Bottle,0.5869,145,566,181,646,2880,
5081,253.966,18,Bottle,0.3551,256,494,297,582,3608,
5081,253.966,18,knife,0.3446,1388,1325,1430,1365,1680,1
5082,254.020,18,Bottle,0.6111,146,567,181,646,2765,
5082,254.020,18,Bottle,0.3958,254,489,296,577,3696,
5082,254.020,18,Cigarette,0.3272,127,438,151,460,528,8410
5082,254.020,18,Bottle,0.3091,63,480,93,510,900,8410
5083,254.060,18,Bottle,0.5990,146,567,181,646,2765,
5083,254.060,18,Cigarette,0.3195,127,438,152,462,600,8410
5083,254.060,18,Bottle,0.2712,254,493,295,576,3403,
5084,254.119,18,Bottle,0.6033,146,567,181,646,2765,
5084,254.119,18,Bottle,0.5880,63,478,96,510,1056,8410
5084,254.119,18,Cigarette,0.4253,126,438,152,462,624,8410
5085,254.160,18,Bottle,0.5658,63,478,96,510,1056,8410
5085,254.160,18,Bottle,0.5610,145,566,181,646,2880,
5085,254.160,18,Cigarette,0.4338,126,437,152,462,650,8410
5085,254.160,18,Cigarette,0.4272,1402,1029,1419,1038,153,1
5086,254.220,18,Bottle,0.5787,145,566,181,646,2880,
5086,254.220,18,Cigarette,0.5379,1401,1029,1419,1038,162,1
5086,254.220,18,Cigarette,0.2990,125,438,152,462,648,8410
5087,254.261,18,Bottle,0.5842,145,566,181,646,2880,
5087,254.261,18,Bottle,0.4672,63,478,96,510,1056,8410
5087,254.261,18,Cigarette,0.4052,125,438,151,462,624,8410
5087,254.261,18,Cigarette,0.2774,1401,1028,1418,1038,170,1
5088,254.320,18,Bottle,0.5255,145,567,181,646,2844,
5088,254.320,18,Cigarette,0.4337,125,438,152,463,675,8410
5088,254.320,18,Bottle,0.4049,63,478,96,510,1056,8410
5089,254.361,18,Bottle,0.5742,146,567,181,646,2765,
5089,254.361,18,Bottle,0.4253,63,478,96,510,1056,8410
5089,254.361,18,Cigarette,0.3794,125,438,151,463,650,8410
5089,254.361,18,Bottle,0.2612,254,499,294,578,3160,
5090,254.419,18,Bottle,0.5636,146,566,181,646,2800,
5090,254.419,18,Bottle,0.4865,63,479,96,510,1023,8410
5090,254.419,18,Cigarette,0.4623,1401,1031,1419,1040,162,1
5090,254.419,18,Cigarette,0.4186,125,438,152,463,675,8410
5091,254.461,18,Bottle,0.5732,63,479,96,510,1023,8410
5091,254.461,18,Cigarette,0.5714,1401,1030,1419,1039,162,1
5091,254.461,18,Bottle,0.5293,145,567,181,646,2844,
5091,254.461,18,Cigarette,0.3301,125,437,151,463,676,8410
5092,254.520,18,Bottle,0.6292,1889,592,1901,619,324,10993
5092,254.520,18,Bottle,0.5320,145,566,181,646,2880,
5092,254.520,18,Bottle,0.3718,62,479,96,510,1054,8410
5092,254.520,18,Cigarette,0.3082,1401,1030,1419,1039,162,1
5093,254.560,18,Bottle,0.5182,145,566,181,646,2880,
5093,254.560,18,Cigarette,0.4537,1401,1030,1420,1039,171,1
5093,254.560,18,Bottle,0.3808,63,480,95,510,960,8410
5094,254.619,18,Bottle,0.5051,145,566,181,646,2880,
5094,254.619,18,Bottle,0.2992,63,479,96,510,1023,8410
5095,254.661,18,Bottle,0.5032,145,567,181,646,2844,
5095,254.661,18,Bottle,0.4477,1450,440,1478,498,1624,
5095,254.661,18,Bottle,0.3499,63,479,96,510,1023,8410
5096,254.719,18,Bottle,0.6118,63,480,95,510,960,8410
5096,254.719,18,Bottle,0.4748,145,566,181,646,2880,
5096,254.719,18,Bottle,0.3731,2037,615,2044,646,217,10993
5096,254.719,18,Cigarette,0.3421,1401,1031,1419,1041,180,1
5097,254.761,18,Bottle,0.6564,63,480,94,510,930,8410
5097,254.761,18,Cigarette,0.5586,1401,1031,1419,1040,162,1
5097,254.761,18,Bottle,0.4985,145,566,181,646,2880,
5098,254.820,18,Bottle,0.7089,63,480,94,510,930,8410
5098,254.820,18,Bottle,0.5242,145,566,181,646,2880,
5098,254.820,18,Cigarette,0.3461,1400,1030,1420,1039,180,1
5099,254.861,18,Bottle,0.7181,63,480,94,510,930,8410
5099,254.861,18,Bottle,0.5409,145,566,181,646,2880,
5100,254.920,18,Bottle,0.7204,63,480,94,510,930,8410
5100,254.920,18,Bottle,0.5336,145,566,181,646,2880,
5100,254.920,18,knife,0.3086,2144,671,2234,707,3240,
5100,254.920,18,Cigarette,0.2564,1402,1030,1420,1043,234,1
5101,254.981,18,Bottle,0.7465,64,480,94,510,900,8410
5101,254.981,18,Bottle,0.5477,145,565,182,646,2997,
5101,254.981,18,Cigarette,0.3200,1402,1028,1419,1043,255,1
5102,255.012,18,Bottle,0.8072,64,481,93,510,841,8410
5102,255.012,18,Bottle,0.5442,145,565,182,646,2997,
5102,255.012,18,Cigarette,0.2831,1403,1028,1419,1044,256,1
5103,255.070,18,Bottle,0.8082,64,481,93,510,841,8410
5103,255.070,18,Bottle,0.5403,145,565,182,646,2997,
5103,255.070,18,Cigarette,0.3287,1403,1028,1419,1043,240,1
5104,255.110,18,Bottle,0.7842,64,481,93,510,841,8410
5104,255.110,18,Bottle,0.5134,145,565,182,646,2997,
5104,255.110,18,Cigarette,0.3225,1403,1028,1419,1043,240,1
5105,255.170,18,Bottle,0.7871,64,480,93,510,870,8410
5105,255.170,18,Bottle,0.4910,145,566,182,646,2960,
5105,255.170,18,knife,0.4280,1396,1326,1430,1362,1224,1
5105,255.170,18,Cigarette,0.3732,1703,576,1721,600,432,
5105,255.170,18,Cigarette,0.2797,1403,1028,1419,1043,240,1
5106,255.211,18,Bottle,0.7461,64,480,94,510,900,8410
5106,255.211,18,Bottle,0.4860,152,585,182,646,1830,
5106,255.211,18,knife,0.3211,1397,1326,1430,1361,1155,1
5106,255.211,18,Cigarette,0.2825,1403,1028,1419,1044,256,1
5107,255.269,18,Bottle,0.7817,63,480,94,510,930,8410
5107,255.269,18,Bottle,0.4808,145,566,181,646,2880,
5107,255.269,18,Cigarette,0.3078,1403,1029,1419,1044,240,1
5107,255.269,18,knife,0.2997,1397,1327,1429,1361,1088,1
5108,255.310,18,Bottle,0.7602,63,480,94,511,961,8410
5108,255.310,18,knife,0.5017,1397,1326,1430,1361,1155,1
5108,255.310,18,Bottle,0.4647,145,566,181,646,2880,
5108,255.310,18,Cigarette,0.3975,1402,1029,1420,1042,234,1
5109,255.370,18,Bottle,0.7685,63,480,94,510,930,8410
5109,255.370,18,knife,0.7029,1395,1326,1430,1362,1260,1
5109,255.370,18,Bottle,0.4914,144,567,181,647,2960,
5109,255.370,18,Bottle,0.3255,1190,477,1195,514,185,11378
5110,255.410,18,Bottle,0.8051,63,480,94,511,961,8410
5110,255.410,18,knife,0.7155,1391,1327,1429,1363,1368,1
5110,255.410,18,Bottle,0.5210,145,568,181,647,2844,
5110,255.410,18,Bottle,0.4125,2195,579,2257,688,6758,
5111,255.469,18,Bottle,0.7675,63,480,94,510,930,8410
5111,255.469,18,knife,0.5959,1389,1327,1430,1365,1558,1
5111,255.469,18,Bottle,0.5167,144,567,181,647,2960,
5112,255.510,18,Bottle,0.8237,63,481,93,510,870,8410
5112,255.510,18,knife,0.6563,1387,1326,1429,1367,1722,1
5112,255.510,18,Bottle,0.5216,144,566,181,647,2997,
5113,255.570,18,Bottle,0.7518,63,481,93,510,870,8410
5113,255.570,18,Bottle,0.5463,145,566,181,647,2916,
5113,255.570,18,knife,0.4141,1386,1326,1429,1368,1806,1
5114,255.610,18,Bottle,0.8369,2053,576,2108,660,4620,
5114,255.610,18,Bottle,0.7435,63,482,92,510,812,8410
5114,255.610,18,Bottle,0.5383,145,566,181,647,2916,
5115,255.670,18,Bottle,0.7135,63,482,92,510,812,8410
5115,255.670,18,Bottle,0.5647,145,566,181,647,2916,
5115,255.670,18,Bottle,0.5213,1406,518,1425,545,513,11378
5115,255.670,18,knife,0.4386,1386,1325,1430,1368,1892,1
5115,255.670,18,Bottle,0.3122,2021,576,2086,652,4940,
5116,255.711,18,Bottle,0.7093,63,482,93,510,840,8410
5116,255.711,18,Bottle,0.5913,145,566,181,647,2916,
5116,255.711,18,Bottle,0.5909,1989,557,2052,642,5355,
5116,255.711,18,Cigarette,0.4825,1385,438,1410,457,475,11378
5116,255.711,18,knife,0.4089,1384,1326,1430,1367,1886,1
5117,255.769,18,Bottle,0.5926,144,565,181,647,3034,
5117,255.769,18,Bottle,0.4333,1953,539,2006,637,5194,
5117,255.769,18,Bottle,0.4162,63,482,93,510,840,8410
5117,255.769,18,knife,0.3788,1385,1327,1428,1367,1720,1
5118,255.811,18,Bottle,0.6693,63,482,93,510,840,8410
5118,255.811,18,Bottle,0.5554,144,565,181,647,3034,
5118,255.811,18,knife,0.2560,1385,1327,1428,1367,1720,1
5119,255.869,18,Bottle,0.5982,144,566,181,647,2997,
5119,255.869,18,Bottle,0.4671,63,482,93,510,840,8410
5119,255.869,18,knife,0.3209,1385,1327,1428,1366,1677,1
5120,255.911,18,Bottle,0.7647,63,482,93,510,840,8410
5120,255.911,18,Bottle,0.6040,144,565,181,647,3034,
5120,255.911,18,Bottle,0.5123,1609,568,1633,593,600,11378
5120,255.911,18,knife,0.2947,1385,1327,1429,1366,1716,1
5120,255.911,18,Bottle,0.2745,254,493,295,581,3608,
5121,255.980,18,Bottle,0.6029,145,569,181,648,2844,
5121,255.980,18,Cigarette,0.3179,1376,1048,1380,1068,80,1
5121,255.980,18,Bottle,0.2542,255,493,295,580,3480,
5122,256.011,18,Bottle,0.5863,145,569,181,647,2808,
5122,256.011,18,Bottle,0.5328,62,480,95,510,990,8410
5122,256.011,18,Bottle,0.2734,255,491,295,581,3600,
5123,256.070,18,Bottle,0.7025,62,480,95,510,990,8410
5123,256.070,18,Bottle,0.6082,145,568,181,648,2880,
5123,256.070,18,Bottle,0.2998,255,490,295,580,3600,
5124,256.111,18,Bottle,0.7331,62,479,94,510,992,8410
5124,256.111,18,Bottle,0.6367,145,569,181,647,2808,
5124,256.111,18,Bottle,0.3372,255,490,295,581,3640,
5124,256.111,18,Cigarette,0.2576,126,438,155,466,812,8410
5125,256.170,18,Bottle,0.7420,62,479,94,510,992,8410
5125,256.170,18,Bottle,0.6305,145,569,181,647,2808,
5125,256.170,18,Bottle,0.2979,255,490,295,581,3640,
5125,256.170,18,Cigarette,0.2629,126,438,154,465,756,8410
5126,256.211,18,Bottle,0.7023,62,479,94,511,1024,8410
5126,256.211,18,Bottle,0.6323,145,569,181,647,2808,
5126,256.211,18,Bottle,0.3068,255,489,295,581,3680,
5126,256.211,18,Cigarette,0.2972,126,438,154,465,756,8410
5126,256.211,18,Bottle,0.2847,1046,475,1115,556,5589,
5126,256.211,18,knife,0.2704,692,492,739,548,2632,
5127,256.270,18,Bottle,0.7174,62,479,94,511,1024,8410
5127,256.270,18,Bottle,0.6129,145,570,181,647,2772,
5127,256.270,18,Bottle,0.3579,1915,650,1941,689,1014,11378
5127,256.270,18,knife,0.2568,692,492,739,549,2679,
5128,256.310,18,Bottle,0.6422,62,479,94,511,1024,8410
5128,256.310,18,Bottle,0.6377,145,569,181,647,2808,
5128,256.310,18,Bottle,0.3138,255,489,296,581,3772,
5129,256.369,18,Bottle,0.6979,62,479,94,510,992,8410
5129,256.369,18,Bottle,0.6305,146,570,181,647,2695,
5129,256.369,18,Bottle,0.3143,255,489,296,581,3772,
5129,256.369,18,Cigarette,0.2929,2033,729,2058,745,400,
5130,256.411,18,Bottle,0.6815,62,480,94,510,960,8410
5130,256.411,18,Bottle,0.6186,146,570,181,647,2695,
5130,256.411,18,Bottle,0.3145,255,489,296,582,3813,
5131,256.469,18,Bottle,0.6390,62,480,94,510,960,8410
5131,256.469,18,Bottle,0.5862,146,570,181,647,2695,
5131,256.469,18,Bottle,0.2667,254,490,296,581,3822,
5132,256.511,18,Bottle,0.6316,62,480,94,510,960,8410
5132,256.511,18,Bottle,0.5650,145,570,181,647,2772,
5133,256.570,18,Bottle,0.6369,62,480,94,510,960,8410
5133,256.570,18,Bottle,0.5421,145,570,181,647,2772,
5134,256.610,18,Bottle,0.7429,62,479,94,511,1024,8410
5134,256.610,18,Bottle,0.5550,146,570,181,647,2695,
5135,256.669,18,Bottle,0.5232,146,570,181,647,2695,
5135,256.669,18,Bottle,0.4265,62,479,95,511,1056,8410
5136,256.710,18,Bottle,0.7353,62,479,94,511,1024,8410
5136,256.710,18,Bottle,0.5186,145,570,181,647,2772,
5137,256.769,18,Bottle,0.5243,1914,579,1966,666,4524,
5137,256.769,18,Bottle,0.5048,145,570,181,647,2772,
5137,256.769,18,Bottle,0.4843,62,479,94,511,1024,8410
5137,256.769,18,Cigarette,0.2816,125,438,151,463,650,8410
5137,256.769,18,Bottle,0.2560,1964,576,1995,659,2573,
5138,256.811,18,Bottle,0.5228,62,479,94,511,1024,8410
5138,256.811,18,Bottle,0.4703,145,570,181,647,2772,
5138,256.811,18,Cigarette,0.3352,125,438,152,463,675,8410
5139,256.870,18,Bottle,0.6276,63,479,94,511,992,8410
5139,256.870,18,Bottle,0.5001,145,570,181,647,2772,
5139,256.870,18,Cigarette,0.3276,125,438,152,463,675,8410
5140,256.910,18,Bottle,0.6135,63,479,94,511,992,8410
5140,256.910,18,Bottle,0.6005,1851,502,1884,623,3993,
5140,256.910,18,Bottle,0.4767,145,570,181,647,2772,
5140,256.910,18,Cigarette,0.3542,125,438,152,463,675,8410
5141,256.981,18,Bottle,0.6874,63,481,93,510,870,8410
5141,256.981,18,Cigarette,0.4614,126,438,153,465,729,8410
5141,256.981,18,Bottle,0.4421,146,568,181,647,2765,
5142,257.015,18,Bottle,0.5904,63,482,92,510,812,8410
5142,257.015,18,Cigarette,0.4772,126,438,153,465,729,8410
5142,257.015,18,Bottle,0.4249,146,568,181,647,2765,
5143,257.070,18,Bottle,0.5975,63,482,92,510,812,8410
5143,257.070,18,Cigarette,0.4649,126,438,153,465,729,8410
5143,257.070,18,Bottle,0.4324,146,568,181,647,2765,
5143,257.070,18,Cigarette,0.3638,1351,1062,1363,1072,120,1
5144,257.111,18,Bottle,0.6029,63,482,92,510,812,8410
5144,257.111,18,Cigarette,0.4850,1342,1067,1361,1083,304,1
5144,257.111,18,Cigarette,0.4684,126,438,153,465,729,8410
5144,257.111,18,Bottle,0.4519,145,568,181,647,2844,
5145,257.169,18,Bottle,0.5954,63,482,92,510,812,8410
5145,257.169,18,Cigarette,0.4712,126,438,153,465,729,8410
5145,257.169,18,Bottle,0.4692,145,567,181,647,2880,
5146,257.210,18,Bottle,0.5933,63,482,92,510,812,8410
5146,257.210,18,Bottle,0.4819,145,567,181,647,2880,
5146,257.210,18,Cigarette,0.4327,126,438,153,465,729,8410
5147,257.270,18,Bottle,0.5960,63,482,92,510,812,8410
5147,257.270,18,Bottle,0.4668,145,567,181,647,2880,
5147,257.270,18,Cigarette,0.4182,126,439,153,465,702,8410
5148,257.311,18,Bottle,0.6032,63,482,92,510,812,8410
5148,257.311,18,Bottle,0.4680,145,567,181,647,2880,
5148,257.311,18,Cigarette,0.3789,126,439,153,465,702,8410
5149,257.370,18,Bottle,0.6138,63,482,92,510,812,8410
5149,257.370,18,Bottle,0.5104,145,567,181,647,2880,
5149,257.370,18,Cigarette,0.4240,126,439,153,465,702,8410
5150,257.411,18,Bottle,0.6138,63,482,92,510,812,8410
5150,257.411,18,Bottle,0.5013,146,567,181,647,2800,
5150,257.411,18,Cigarette,0.3727,126,439,153,465,702,8410
5151,257.470,18,Bottle,0.6029,63,482,92,510,812,8410
5151,257.470,18,Bottle,0.4456,146,568,181,647,2765,
5151,257.470,18,Cigarette,0.2672,126,439,153,465,702,8410
5152,257.510,18,Bottle,0.5925,62,481,94,510,928,8410
5152,257.510,18,Bottle,0.5004,145,568,181,647,2844,
5152,257.510,18,Bottle,0.3131,1484,576,1536,680,5408,
5152,257.510,18,Cigarette,0.2780,127,439,153,466,702,8410
5153,257.570,18,Bottle,0.5925,62,481,94,510,928,8410
5153,257.570,18,Bottle,0.4973,145,568,182,647,2923,
5153,257.570,18,Cigarette,0.3580,126,439,153,466,729,8410
5154,257.610,18,Bottle,0.6166,62,481,94,510,928,8410
5154,257.610,18,Bottle,0.4198,146,569,181,647,2730,
5154,257.610,18,Cigarette,0.2710,126,439,153,466,729,8410
5155,257.669,18,Bottle,0.6164,62,481,94,510,928,8410
5155,257.669,18,Bottle,0.4848,145,570,182,647,2849,
5155,257.669,18,Cigarette,0.2904,126,439,153,466,729,8410
5156,257.711,18,Bottle,0.6163,62,481,94,510,928,8410
5156,257.711,18,Bottle,0.4393,145,570,182,647,2849,
5156,257.711,18,Bottle,0.4281,1303,962,1319,1000,608,1
5156,257.711,18,Cigarette,0.3419,126,439,153,466,729,8410
5157,257.770,18,Bottle,0.6201,62,481,94,510,928,8410
5157,257.770,18,Bottle,0.4465,145,568,181,646,2808,
5157,257.770,18,Cigarette,0.2670,126,439,153,466,729,8410
5157,257.770,18,Bottle,0.2601,1302,963,1318,999,576,1
5158,257.811,18,Bottle,0.6176,62,481,94,510,928,8410
5158,257.811,18,Bottle,0.5284,145,569,182,646,2849,
5159,257.870,18,Bottle,0.6589,62,482,93,510,868,8410
5159,257.870,18,Bottle,0.4993,145,569,182,646,2849,
5160,257.910,18,Bottle,0.6636,62,482,93,510,868,8410
5160,257.910,18,Bottle,0.5192,145,567,182,646,2923,
5161,257.980,18,Bottle,0.6606,62,480,94,510,960,8410
5161,257.980,18,Bottle,0.6084,144,570,181,647,2849,
5161,257.980,18,Bottle,0.3561,219,546,260,642,3936,
5162,258.012,18,Bottle,0.6787,220,548,259,643,3705,
5162,258.012,18,Bottle,0.6549,145,568,183,646,2964,
5162,258.012,18,Bottle,0.6117,62,479,95,510,1023,8410
5162,258.012,18,Bottle,0.2788,1309,1413,1326,1440,459,1
5163,258.070,18,Bottle,0.6742,222,544,262,641,3880,
5163,258.070,18,Bottle,0.6583,144,572,181,646,2738,
5163,258.070,18,Bottle,0.6509,63,480,94,510,930,8410
5163,258.070,18,Bottle,0.3812,239,537,258,599,1178,
5163,258.070,18,Bottle,0.2959,239,578,259,628,1000,
5164,258.110,18,Bottle,0.6675,144,571,181,647,2812,
5164,258.110,18,Bottle,0.6375,63,481,93,510,870,8410
5164,258.110,18,Bottle,0.5727,222,556,261,640,3276,
5165,258.169,18,Bottle,0.6780,145,568,182,645,2849,
5165,258.169,18,Bottle,0.6399,63,481,93,510,870,8410
5165,258.169,18,Bottle,0.4255,220,571,259,639,2652,
5165,258.169,18,knife,0.2856,2153,680,2222,702,1518,
5166,258.211,18,Bottle,0.6533,143,567,182,646,3081,
5166,258.211,18,Bottle,0.6373,63,481,93,510,870,8410
5166,258.211,18,Bottle,0.3660,221,567,261,641,2960,
5167,258.270,18,Bottle,0.6808,143,566,182,646,3120,
5167,258.270,18,Bottle,0.6350,63,481,93,510,870,8410
5167,258.270,18,Bottle,0.5723,221,572,265,643,3124,
5167,258.270,18,Bottle,0.2923,1308,1090,1359,1165,3825,1
5168,258.311,18,Bottle,0.7103,62,481,93,510,899,8410
5168,258.311,18,Bottle,0.5982,145,568,181,645,2772,
5168,258.311,18,Bottle,0.4386,224,583,266,639,2352,
5168,258.311,18,Bottle,0.2655,1309,1101,1360,1167,3366,1
5169,258.370,18,Bottle,0.6248,63,481,94,510,899,8410
5169,258.370,18,Bottle,0.5743,145,572,179,645,2482,
5169,258.370,18,Bottle,0.4437,224,581,268,638,2508,
5170,258.411,18,Bottle,0.6406,63,481,94,510,899,8410
5170,258.411,18,Bottle,0.5572,144,570,180,644,2664,
5170,258.411,18,Bottle,0.4301,225,582,268,639,2451,
5171,258.470,18,Bottle,0.6019,63,482,92,510,812,8410
5171,258.470,18,Bottle,0.4010,146,572,179,643,2343,
5171,258.470,18,Bottle,0.3359,226,584,266,639,2200,
5171,258.470,18,Bottle,0.3124,179,538,212,624,2838,
5172,258.511,18,Bottle,0.6606,63,481,93,510,870,8410
5172,258.511,18,Bottle,0.4352,147,569,181,642,2482,
5173,258.569,18,Bottle,0.5526,63,481,93,510,870,8410
5173,258.569,18,Bottle,0.5400,149,565,184,642,2695,
5173,258.569,18,Bottle,0.3295,226,588,265,641,2067,
5173,258.569,18,Bottle,0.3275,1012,351,1018,388,222,11569
5173,258.569,18,Bottle,0.2936,1323,1415,1353,1439,720,1
5174,258.611,18,Bottle,0.6162,63,481,93,510,870,8410
5174,258.611,18,knife,0.5321,1364,1038,1486,1257,26718,1
5174,258.611,18,Bottle,0.4630,155,567,187,641,2368,
5174,258.611,18,Bottle,0.3601,214,590,232,619,522,11523
5174,258.611,18,knife,0.3129,1333,1350,1515,1396,8372,1
5175,258.669,18,knife,0.8202,1366,1035,1484,1261,26668,1
5175,258.669,18,Bottle,0.6134,63,481,93,510,870,8410
5175,258.669,18,Bottle,0.5879,154,566,186,642,2432,
5175,258.669,18,knife,0.4304,2205,623,2248,664,1763,
5176,258.710,18,knife,0.8247,1368,1034,1479,1260,25086,1
5176,258.710,18,Bottle,0.6613,63,481,93,510,870,8410
5176,258.710,18,Bottle,0.6178,2054,577,2113,675,5782,
5176,258.710,18,Bottle,0.5413,156,562,188,643,2592,
5177,258.770,18,knife,0.5454,1368,1038,1479,1263,24975,1
5177,258.770,18,Bottle,0.5380,63,481,93,510,870,8410
5177,258.770,18,Bottle,0.4004,153,576,184,642,2046,
5178,258.811,18,knife,0.5988,1369,1039,1479,1265,24860,1
5178,258.811,18,Bottle,0.5477,62,481,93,510,899,8410
5178,258.811,18,Bottle,0.4308,156,572,187,637,2015,
5179,258.870,18,Bottle,0.5589,152,575,184,638,2016,
5179,258.870,18,Bottle,0.5288,63,481,92,510,841,8410
5179,258.870,18,Bottle,0.4046,222,588,261,644,2184,11523
5179,258.870,18,knife,0.3948,1369,1043,1473,1260,22568,1
5179,258.870,18,Bottle,0.2993,245,659,266,709,1050,11523
5179,258.870,18,Bottle,0.2678,155,598,181,647,1274,
5180,258.911,18,Bottle,0.5490,151,577,184,641,2112,
5180,258.911,18,Bottle,0.4967,62,481,93,510,899,8410
5180,258.911,18,Bottle,0.4757,223,588,259,644,2016,11523
5180,258.911,18,Bottle,0.2797,1363,1033,1481,1256,26314,1
5181,258.980,18,knife,0.4243,1373,1041,1472,1264,22077,1
5181,258.980,18,Bottle,0.3841,152,568,185,641,2409,
5181,258.980,18,Cigarette,0.3760,301,582,315,590,112,11523
5182,259.011,18,knife,0.5339,1372,1045,1473,1265,22220,1
5182,259.011,18,Bottle,0.3051,1180,427,1227,510,3901,
5182,259.011,18,Bottle,0.2896,153,573,185,639,2112,
5183,259.070,18,knife,0.6588,1373,1046,1472,1264,21582,1
5183,259.070,18,Bottle,0.4649,153,571,186,641,2310,
5184,259.111,18,knife,0.4978,1374,1045,1472,1251,20188,1
5184,259.111,18,Bottle,0.3745,151,564,185,642,2652,
5184,259.111,18,Bottle,0.3072,199,592,222,633,943,11523
5185,259.170,18,Bottle,0.6946,663,329,668,357,140,11608
5185,259.170,18,knife,0.6298,1373,1048,1476,1228,18540,1
5185,259.170,18,Bottle,0.5752,723,270,744,305,735,11608
5185,259.170,18,Cigarette,0.2845,307,584,328,593,189,11523
5185,259.170,18,Bottle,0.2539,151,573,182,641,2108,
5186,259.211,18,knife,0.6254,1378,1050,1474,1227,16992,1
5186,259.211,18,Bottle,0.2784,152,573,182,641,2040,
5186,259.211,18,Bottle,0.2609,200,589,227,643,1458,11523
5187,259.270,18,Bottle,0.4083,1507,482,1535,575,2604,11578
5187,259.270,18,Bottle,0.4071,153,571,184,642,2201,
5187,259.270,18,Bottle,0.3094,1362,1036,1498,1264,31008,1
5188,259.311,18,Bottle,0.4810,149,570,182,638,2244,
5188,259.311,18,knife,0.3523,1378,1047,1478,1230,18300,1
5189,259.370,18,Bottle,0.4669,148,575,182,641,2244,
5189,259.370,18,Cigarette,0.3263,185,532,192,536,28,11523
5189,259.370,18,knife,0.3144,1376,1048,1478,1238,19380,1
5190,259.410,18,knife,0.4465,1376,1054,1484,1230,19008,1
5190,259.410,18,Bottle,0.4390,157,572,190,643,2343,11523
5191,259.469,18,knife,0.6353,1375,1057,1487,1235,19936,1
5192,259.511,18,knife,0.6639,1376,1056,1488,1240,20608,1
5192,259.511,18,Bottle,0.5397,154,574,186,646,2304,11523
5192,259.511,18,Cigarette,0.3495,159,527,165,531,24,11523
5193,259.570,18,knife,0.6164,1376,1055,1487,1239,20424,1
5193,259.570,18,knife,0.3797,110,412,156,472,2760,
5193,259.570,18,Bottle,0.2677,903,272,918,283,165,11499
5194,259.611,18,knife,0.6091,1375,1054,1485,1242,20680,1
5195,259.669,18,knife,0.4673,1375,1055,1485,1246,21010,1
5196,259.711,18,knife,0.4379,1375,1054,1483,1246,20736,1
5197,259.770,18,Bottle,0.3442,1367,1044,1495,1264,28160,1
5197,259.770,18,knife,0.3190,1239,1262,1304,1439,11505,3
5197,259.770,18,Bottle,0.2913,74,577,99,640,1575,
5198,259.811,18,Bottle,0.4695,1368,1044,1497,1265,28509,1
5198,259.811,18,knife,0.4312,1239,1262,1307,1438,11968,3
5198,259.811,18,Bottle,0.3447,73,576,98,641,1625,
5198,259.811,18,Bottle,0.2677,1226,404,1276,482,3900,
5199,259.870,18,Bottle,0.5550,72,578,98,642,1664,8410
5199,259.870,18,Bottle,0.4291,1369,1046,1497,1264,27904,1
5199,259.870,18,knife,0.3187,1242,1267,1305,1436,10647,3
5200,259.911,18,Bottle,0.6881,1985,568,2066,694,10206,11578
5200,259.911,18,Bottle,0.4505,75,577,100,640,1575,
5200,259.911,18,Bottle,0.4483,1370,934,1525,1268,51770,1
5200,259.911,18,knife,0.2929,1241,1262,1309,1437,11900,3
5201,259.981,18,Bottle,0.5882,1369,936,1515,1266,48180,1
5201,259.981,18,knife,0.3647,1386,1057,1496,1225,18480,1
5201,259.981,18,knife,0.3340,73,826,109,849,828,11523
5202,260.023,18,Bottle,0.6234,1369,932,1522,1267,51255,1
5202,260.023,18,Cigarette,0.3809,126,440,154,468,784,
5202,260.023,18,Bottle,0.3610,154,576,183,647,2059,11523
5202,260.023,18,knife,0.3335,1384,1055,1495,1227,19092,1
5202,260.023,18,Bottle,0.2856,141,549,181,644,3800,11523
5203,260.070,18,Bottle,0.5853,1369,931,1528,1270,53901,1
5203,260.070,18,Bottle,0.5073,143,558,183,645,3480,11523
5203,260.070,18,knife,0.5005,1382,1055,1494,1237,20384,1
5203,260.070,18,Cigarette,0.3000,127,441,154,468,729,
5203,260.070,18,Bottle,0.2906,233,576,260,639,1701,
5203,260.070,18,Bottle,0.2793,222,537,261,641,4056,
5203,260.070,18,knife,0.2570,1240,1261,1308,1439,12104,3
5204,260.110,18,Bottle,0.7150,143,563,182,647,3276,11523
5204,260.110,18,Bottle,0.6581,223,543,261,641,3724,
5204,260.110,18,knife,0.5016,1381,1053,1493,1242,21168,1
5204,260.110,18,Bottle,0.4088,240,576,261,632,1176,
5204,260.110,18,Bottle,0.2807,1369,930,1519,1268,50700,1
5205,260.169,18,Bottle,0.7282,142,559,183,648,3649,11523
5205,260.169,18,Bottle,0.5051,219,544,259,644,4000,
5205,260.169,18,knife,0.3955,1380,1053,1494,1241,21432,1
5206,260.211,18,Bottle,0.5848,141,559,182,647,3608,11523
5207,260.270,18,Bottle,0.5760,143,562,182,647,3315,11523
5207,260.270,18,Bottle,0.2809,239,581,260,635,1134,
5207,260.270,18,knife,0.2756,1371,927,1517,1267,49640,1
5208,260.311,18,knife,0.6537,1374,1049,1486,1240,21392,1
5208,260.311,18,Bottle,0.6111,143,562,182,646,3276,11523
5208,260.311,18,Bottle,0.2761,241,579,263,639,1320,
5208,260.311,18,Bottle,0.2579,1516,1370,1536,1440,1400,1
5208,260.311,18,knife,0.2529,1241,1269,1306,1438,10985,3
5209,260.370,18,Bottle,0.7680,63,479,95,510,992,8410
5209,260.370,18,knife,0.7647,1372,1048,1486,1232,20976,1
5209,260.370,18,Bottle,0.6319,142,560,182,647,3480,11523
5209,260.370,18,Bottle,0.3338,887,348,892,378,150,11677
5209,260.370,18,Cigarette,0.3099,19,601,35,617,256,11523
5210,260.411,18,knife,0.8548,1373,1047,1488,1242,22425,1
5210,260.411,18,Bottle,0.6119,143,563,182,647,3276,
5210,260.411,18,Bottle,0.2680,63,479,94,510,961,11523
5211,260.470,18,knife,0.8840,1372,1046,1488,1250,23664,1
5211,260.470,18,Bottle,0.4792,152,576,185,649,2409,
5212,260.510,18,knife,0.8840,1373,1046,1488,1253,23805,1
5212,260.510,18,Bottle,0.5695,144,565,182,646,3078,
5212,260.510,18,Bottle,0.3019,839,288,856,324,612,11677
5213,260.569,18,knife,0.8765,1374,1046,1488,1246,22800,1
5213,260.569,18,Bottle,0.6021,144,564,181,647,3071,
5214,260.610,18,knife,0.8786,1374,1046,1488,1253,23598,1
5214,260.610,18,Bottle,0.5941,144,564,181,647,3071,
5215,260.670,18,knife,0.8710,1374,1046,1488,1251,23370,1
5215,260.670,18,Bottle,0.6364,144,563,182,647,3192,
5215,260.670,18,Bottle,0.4430,63,478,95,510,1024,8410
5215,260.670,18,Bottle,0.3054,253,491,296,580,3827,
5216,260.711,18,knife,0.8535,1372,1047,1488,1257,24360,1
5216,260.711,18,Bottle,0.6618,144,563,182,647,3192,
5216,260.711,18,Bottle,0.4005,63,479,95,510,992,8410
5216,260.711,18,Bottle,0.3428,253,490,296,580,3870,
5217,260.769,18,knife,0.8028,1371,1048,1488,1256,24336,1
5217,260.769,18,Bottle,0.6696,143,562,182,647,3315,
5217,260.769,18,Bottle,0.2599,252,491,296,580,3916,
5218,260.812,18,knife,0.6782,1371,1049,1487,1248,23084,1
5218,260.812,18,Bottle,0.6544,144,563,182,647,3192,
5219,260.870,18,Bottle,0.6660,143,562,182,647,3315,
5219,260.870,18,knife,0.5445,1372,1049,1486,1245,22344,1
5220,260.911,18,Bottle,0.6771,143,562,182,647,3315,
5220,260.911,18,knife,0.6355,1371,1049,1485,1235,21204,1
5221,260.982,18,Bottle,0.7858,63,479,94,510,961,8410
5221,260.982,18,knife,0.6481,1367,1051,1484,1230,20943,1
5221,260.982,18,Bottle,0.6282,145,564,182,646,3034,
5221,260.982,18,Bottle,0.2668,253,491,296,580,3827,
5222,261.017,18,knife,0.8475,1366,1050,1483,1229,20943,1
5222,261.017,18,Bottle,0.7882,63,479,94,510,961,8410
5222,261.017,18,Bottle,0.6281,145,563,182,646,3071,
5222,261.017,18,Bottle,0.3233,346,226,363,245,323,11708
5222,261.017,18,Bottle,0.2864,253,492,297,580,3872,
5223,261.070,18,knife,0.8607,1366,1048,1483,1229,21177,1
5223,261.070,18,Bottle,0.7491,63,479,95,510,992,8410
5223,261.070,18,Bottle,0.6270,145,563,182,646,3071,
5224,261.111,18,knife,0.8225,1363,1050,1481,1228,21004,1
5224,261.111,18,Bottle,0.7075,63,479,95,510,992,8410
5224,261.111,18,Bottle,0.6223,145,563,182,646,3071,
5225,261.170,18,knife,0.7354,1361,1047,1476,1230,21045,1
5225,261.170,18,Bottle,0.7256,63,479,95,510,992,8410
5225,261.170,18,Bottle,0.6351,145,563,182,646,3071,
5226,261.211,18,Bottle,0.7545,63,479,95,510,992,8410
5226,261.211,18,knife,0.6798,1361,1043,1476,1231,21620,1
5226,261.211,18,Bottle,0.6195,145,562,182,646,3108,
5227,261.270,18,Bottle,0.7325,63,479,95,510,992,8410
5227,261.270,18,knife,0.6849,1361,1044,1476,1233,21735,1
5227,261.270,18,Bottle,0.6267,145,562,182,646,3108,
5228,261.310,18,Bottle,0.7254,63,479,95,510,992,8410
5228,261.310,18,knife,0.6663,1362,1043,1475,1235,21696,1
5228,261.310,18,Bottle,0.6418,144,562,182,646,3192,
5228,261.310,18,Bottle,0.2699,253,494,296,580,3698,
5228,261.310,18,Bottle,0.2572,1326,1416,1349,1439,529,1
5229,261.370,18,Bottle,0.7311,63,479,95,510,992,8410
5229,261.370,18,Bottle,0.6461,144,563,182,646,3154,
5229,261.370,18,knife,0.5572,1362,1045,1476,1238,22002,1
5229,261.370,18,Cigarette,0.4290,1499,574,1515,585,176,
5230,261.410,18,Bottle,0.7364,63,479,95,510,992,8410
5230,261.410,18,Bottle,0.6378,144,563,182,646,3154,
5230,261.410,18,knife,0.5042,1361,1046,1477,1237,22156,1
5231,261.470,18,Bottle,0.7358,63,479,94,511,992,8410
5231,261.470,18,Bottle,0.6371,144,564,182,646,3116,
5231,261.470,18,knife,0.3729,1361,1046,1475,1237,21774,1
5232,261.511,18,Bottle,0.7340,63,479,94,511,992,8410
5232,261.511,18,Bottle,0.6411,144,564,182,646,3116,
5232,261.511,18,knife,0.2966,1362,1047,1474,1239,21504,1
5233,261.570,18,Bottle,0.7816,63,479,94,511,992,8410
5233,261.570,18,Bottle,0.6463,144,565,182,646,3078,
5233,261.570,18,knife,0.3648,1362,1042,1483,1267,27225,1
5234,261.614,18,Bottle,0.7632,63,479,94,510,961,8410
5234,261.614,18,Bottle,0.6517,144,565,182,646,3078,
5234,261.614,18,knife,0.2635,1365,1042,1483,1267,26550,1
5235,261.670,18,Bottle,0.7130,62,479,95,510,1023,8410
5235,261.670,18,Bottle,0.6421,144,565,182,646,3078,
5235,261.670,18,knife,0.3986,1367,1043,1483,1268,26100,1
5236,261.710,18,Bottle,0.7701,63,479,95,510,992,8410
5236,261.710,18,Bottle,0.6195,144,565,181,646,2997,
5236,261.710,18,knife,0.3949,1367,1040,1484,1269,26793,1
5237,261.769,18,Bottle,0.7644,62,479,95,510,1023,8410
5237,261.769,18,Bottle,0.6220,144,565,182,646,3078,
5237,261.769,18,knife,0.3338,1367,1040,1484,1269,26793,1
5238,261.811,18,Bottle,0.7699,63,479,94,511,992,8410
5238,261.811,18,Bottle,0.6109,144,565,181,646,2997,
5238,261.811,18,knife,0.3669,1366,1045,1486,1266,26520,1
5239,261.870,18,Bottle,0.7417,63,479,94,510,961,8410
5239,261.870,18,Bottle,0.6158,145,565,181,646,2916,
5239,261.870,18,knife,0.4779,1368,1040,1490,1265,27450,1
5240,261.910,18,Bottle,0.7427,63,479,94,511,992,8410
5240,261.910,18,Bottle,0.6244,145,565,181,646,2916,
5240,261.910,18,knife,0.5225,1367,1042,1489,1266,27328,1
5241,261.982,18,Bottle,0.7757,168,226,179,237,121,11708
5241,261.982,18,Bottle,0.5703,145,570,181,647,2772,
5241,261.982,18,knife,0.4568,1368,1044,1490,1266,27084,1
5241,261.982,18,Bottle,0.2710,184,284,196,310,312,11708
5242,262.019,18,Bottle,0.5718,145,570,181,647,2772,
5242,262.019,18,knife,0.3615,1368,1044,1494,1268,28224,1
5243,262.060,18,knife,0.7250,1370,1043,1489,1233,22610,1
5243,262.060,18,Bottle,0.5892,145,570,181,647,2772,
5244,262.119,18,Bottle,0.6112,145,569,182,647,2886,
5244,262.119,18,knife,0.6109,1369,1044,1489,1237,23160,1
5245,262.161,18,Bottle,0.6231,145,570,182,647,2849,
5245,262.161,18,knife,0.5414,1369,1045,1490,1241,23716,1
5245,262.161,18,Bottle,0.2591,254,497,296,581,3528,
5246,262.220,18,Bottle,0.6162,145,570,181,647,2772,
5246,262.220,18,knife,0.5239,1369,1045,1491,1247,24644,1
5247,262.260,18,Bottle,0.6152,145,570,181,647,2772,
5247,262.260,18,knife,0.4179,1368,1045,1491,1249,25092,1
5247,262.260,18,Bottle,0.2530,254,494,296,581,3654,
5248,262.320,18,Bottle,0.6162,145,569,181,647,2808,
5248,262.320,18,knife,0.3753,1368,1047,1497,1267,28380,1
5248,262.320,18,Bottle,0.2792,254,493,296,581,3696,
5249,262.361,18,Bottle,0.5963,146,568,182,647,2844,
5249,262.361,18,knife,0.4101,1369,1047,1492,1254,25461,1
5249,262.361,18,Bottle,0.2567,254,491,296,583,3864,
5250,262.419,18,Bottle,0.5977,146,567,182,647,2880,
5250,262.419,18,knife,0.4362,1369,1047,1491,1252,25010,1
5250,262.419,18,Bottle,0.4121,1032,434,1099,519,5695,
5250,262.419,18,Bottle,0.2797,254,491,296,583,3864,
5251,262.461,18,Bottle,0.6003,146,568,182,647,2844,
5251,262.461,18,knife,0.5832,1369,1045,1491,1251,25132,1
5251,262.461,18,Bottle,0.2614,254,491,296,583,3864,
5252,262.520,18,Bottle,0.5613,145,567,182,647,2960,
5252,262.520,18,knife,0.3280,1368,1050,1490,1251,24522,1
5253,262.561,18,Bottle,0.6021,146,567,182,646,2844,
5253,262.561,18,knife,0.5501,1368,1047,1488,1244,23640,1
5254,262.620,18,Bottle,0.5825,146,567,182,646,2844,
5254,262.620,18,knife,0.4757,1367,1044,1486,1234,22610,1
5255,262.661,18,Bottle,0.6261,146,567,182,646,2844,
5255,262.661,18,knife,0.6102,1364,1040,1480,1233,22388,1
5256,262.721,18,Bottle,0.6317,146,566,182,646,2880,
5256,262.721,18,knife,0.5066,1362,1051,1480,1230,21122,1
5257,262.760,18,Bottle,0.6317,146,566,182,646,2880,
5257,262.760,18,knife,0.4369,1361,1040,1475,1229,21546,1
5258,262.820,18,Bottle,0.6641,76,281,86,294,130,11860
5258,262.820,18,Bottle,0.6609,65,227,74,234,63,11860
5258,262.820,18,knife,0.6504,1360,1042,1476,1227,21460,1
5258,262.820,18,Bottle,0.6086,146,566,182,646,2880,
5258,262.820,18,knife,0.3479,1291,1370,1310,1428,1102,3
5259,262.860,18,Bottle,0.6368,146,567,182,646,2844,
5259,262.860,18,knife,0.5263,1359,1043,1473,1228,21090,1
5259,262.860,18,knife,0.4778,1290,1371,1310,1430,1180,3
5260,262.920,18,Bottle,0.6380,147,567,182,646,2765,
5260,262.920,18,knife,0.5526,1359,1040,1470,1227,20757,1
5260,262.920,18,knife,0.3294,1290,1372,1310,1432,1200,3
5261,262.983,18,Bottle,0.5995,146,567,182,646,2844,
5261,262.983,18,Cigarette,0.5893,1046,1379,1050,1388,36,3
5261,262.983,18,knife,0.4222,1292,1368,1318,1437,1794,3
5261,262.983,18,knife,0.2850,1368,1039,1463,1225,17670,1
5262,263.025,18,Cigarette,0.6391,1046,1379,1050,1389,40,3
5262,263.025,18,Bottle,0.6335,147,566,182,646,2800,
5262,263.025,18,knife,0.4319,1292,1368,1319,1437,1863,3
5263,263.060,18,Bottle,0.7061,63,481,94,510,899,8410
5263,263.060,18,Bottle,0.6319,146,566,182,646,2880,
5263,263.060,18,knife,0.4085,1292,1368,1318,1437,1794,3
5263,263.060,18,knife,0.2945,1378,1038,1457,1222,14536,1
5264,263.120,18,Bottle,0.6102,146,566,182,646,2880,
5264,263.120,18,Cigarette,0.3799,1042,1379,1047,1387,40,3
5264,263.120,18,knife,0.3665,1292,1369,1319,1437,1836,3
5264,263.120,18,knife,0.3321,1377,1038,1457,1222,14720,1
5265,263.161,18,Bottle,0.6201,146,566,182,646,2880,
5265,263.161,18,Bottle,0.6103,63,482,93,511,870,8410
5265,263.161,18,knife,0.4057,1292,1368,1319,1437,1863,3
5265,263.161,18,knife,0.3484,1373,1037,1458,1224,15895,1
5266,263.220,18,Bottle,0.7028,62,481,94,510,928,8410
5266,263.220,18,Bottle,0.5964,146,566,182,646,2880,
5266,263.220,18,knife,0.4484,1292,1369,1320,1437,1904,3
5266,263.220,18,knife,0.2757,1372,1039,1461,1224,16465,1
5267,263.260,18,Bottle,0.5925,146,566,182,646,2880,
5267,263.260,18,Bottle,0.5638,62,480,94,511,992,8410
5267,263.260,18,knife,0.4741,1292,1369,1320,1437,1904,3
5267,263.260,18,knife,0.2718,1372,1038,1467,1224,17670,1
5268,263.320,18,Bottle,0.6943,62,481,93,511,930,8410
5268,263.320,18,Bottle,0.5915,146,566,182,646,2880,
5268,263.320,18,knife,0.4376,1292,1369,1320,1437,1904,3
5269,263.361,18,Bottle,0.6869,62,481,94,510,928,8410
5269,263.361,18,Bottle,0.5845,146,566,182,646,2880,
5269,263.361,18,knife,0.3183,1293,1370,1320,1437,1809,3
5269,263.361,18,Cigarette,0.3063,125,438,154,463,725,8410
5270,263.419,18,Bottle,0.6905,62,481,94,510,928,8410
5270,263.419,18,Bottle,0.6195,146,566,182,646,2880,
5270,263.419,18,Cigarette,0.3999,126,438,155,464,754,8410
5270,263.419,18,knife,0.3486,1292,1373,1313,1434,1281,3
5271,263.461,18,Bottle,0.6054,146,566,182,646,2880,
5271,263.461,18,Bottle,0.5048,62,480,93,510,930,8410
5271,263.461,18,knife,0.4096,1358,1040,1470,1227,20944,1
5271,263.461,18,knife,0.3488,1292,1372,1313,1433,1281,3
5271,263.461,18,Cigarette,0.3320,126,438,154,464,728,8410
5272,263.519,18,Bottle,0.6086,146,566,182,646,2880,
5272,263.519,18,knife,0.4997,1357,1040,1473,1226,21576,1
5272,263.519,18,Bottle,0.4665,62,480,95,510,990,8410
5272,263.519,18,knife,0.3692,1292,1374,1313,1432,1218,3
5272,263.519,18,Cigarette,0.3195,125,438,154,464,754,8410
5273,263.560,18,Bottle,0.6339,146,566,182,646,2880,
5273,263.560,18,knife,0.5341,1358,1041,1475,1227,21762,1
5273,263.560,18,Bottle,0.4888,62,480,93,510,930,8410
5273,263.560,18,knife,0.4294,1292,1374,1312,1431,1140,3
5273,263.560,18,Cigarette,0.4135,125,437,154,464,783,8410
5274,263.619,18,Bottle,0.6336,146,566,182,646,2880,
5274,263.619,18,knife,0.5488,1359,1040,1476,1225,21645,1
5274,263.619,18,knife,0.3927,1292,1375,1313,1433,1218,3
5274,263.619,18,Cigarette,0.3763,125,437,154,464,783,8410
5274,263.619,18,Bottle,0.2716,62,480,93,510,930,8410
5275,263.661,18,Bottle,0.6348,145,565,182,647,3034,
5275,263.661,18,knife,0.4754,1292,1375,1313,1435,1260,3
5275,263.661,18,knife,0.4454,1358,1036,1476,1234,23364,1
5275,263.661,18,Cigarette,0.4219,125,437,155,465,840,8410
5275,263.661,18,Bottle,0.2672,254,496,295,582,3526,
5276,263.720,18,Bottle,0.6398,146,565,182,647,2952,
5276,263.720,18,knife,0.4493,1292,1375,1312,1436,1220,3
5276,263.720,18,Cigarette,0.3296,126,437,156,465,840,
5276,263.720,18,Bottle,0.3154,254,496,295,581,3485,
5276,263.720,18,knife,0.2648,1359,1043,1480,1240,23837,1
5277,263.760,18,Bottle,0.6463,146,566,182,647,2916,
5277,263.760,18,knife,0.4200,1292,1375,1313,1435,1260,3
5277,263.760,18,knife,0.3864,1359,1036,1479,1262,27120,1
5277,263.760,18,Bottle,0.3438,254,496,295,581,3485,
5278,263.820,18,Bottle,0.6483,146,566,182,646,2880,
5278,263.820,18,knife,0.3796,1293,1376,1313,1434,1160,3
5278,263.820,18,knife,0.3225,1359,1038,1479,1263,27000,1
5278,263.820,18,Bottle,0.3128,254,497,295,582,3485,
5279,263.861,18,Bottle,0.6423,146,566,182,646,2880,
5279,263.861,18,Bottle,0.3668,254,494,295,581,3567,
5279,263.861,18,Bottle,0.3646,62,480,95,510,990,8410
5279,263.861,18,Cigarette,0.3105,126,436,157,466,930,8410
5280,263.919,18,Bottle,0.6417,146,566,182,646,2880,
5280,263.919,18,Bottle,0.5458,62,480,94,510,960,8410
5280,263.919,18,Cigarette,0.3859,126,436,156,466,900,8410
5280,263.919,18,Bottle,0.3464,254,492,295,582,3690,
5280,263.919,18,knife,0.2834,1294,1375,1313,1429,1026,3
5281,263.994,18,Cigarette,0.6546,125,437,156,467,930,8410
5281,263.994,18,Bottle,0.6138,145,568,182,646,2886,
5281,263.994,18,Bottle,0.4907,62,479,96,510,1054,8410
5281,263.994,18,Bottle,0.3189,254,491,296,581,3780,
5281,263.994,18,knife,0.2717,1293,1375,1312,1429,1026,3
5282,264.047,18,Bottle,0.6576,62,479,96,510,1054,8410
5282,264.047,18,Cigarette,0.6315,125,437,156,467,930,8410
5282,264.047,18,Bottle,0.6146,146,568,182,646,2808,
5282,264.047,18,Bottle,0.2986,253,488,296,581,3999,
5283,264.073,18,Bottle,0.6058,62,480,96,510,1020,8410
5283,264.073,18,Bottle,0.6052,146,568,182,646,2808,
5283,264.073,18,Cigarette,0.5619,125,437,156,467,930,8410
5283,264.073,18,Bottle,0.2694,254,488,296,582,3948,
5284,264.110,18,Bottle,0.6580,63,480,94,510,930,8410
5284,264.110,18,Bottle,0.6102,146,568,182,646,2808,
5284,264.110,18,Cigarette,0.4389,125,437,155,466,870,8410
5284,264.110,18,Bottle,0.2726,254,490,296,582,3864,
5285,264.170,18,Bottle,0.6811,63,480,95,510,960,8410
5285,264.170,18,Bottle,0.6044,146,569,182,646,2772,
5285,264.170,18,Cigarette,0.3056,125,438,155,466,840,8410
5285,264.170,18,Bottle,0.2579,254,492,296,581,3738,
5286,264.210,18,Bottle,0.6743,63,480,95,510,960,8410
5286,264.210,18,Bottle,0.5929,146,568,182,646,2808,
5286,264.210,18,Cigarette,0.4414,125,438,155,466,840,8410
5287,264.270,18,Bottle,0.5976,62,480,96,510,1020,8410
5287,264.270,18,Bottle,0.5965,146,568,182,646,2808,
5287,264.270,18,Cigarette,0.4428,125,438,155,466,840,8410
5288,264.311,18,Bottle,0.6917,62,479,96,510,1054,8410
5288,264.311,18,Bottle,0.6057,146,569,182,646,2772,
5288,264.311,18,Cigarette,0.5645,126,438,155,466,812,8410
5289,264.370,18,Cigarette,0.6123,125,438,155,466,840,8410
5289,264.370,18,Bottle,0.5867,63,480,95,510,960,8410
5289,264.370,18,Bottle,0.5520,145,569,182,646,2849,
5289,264.370,18,knife,0.2807,1294,1375,1313,1428,1007,3
5290,264.410,18,Bottle,0.5853,146,568,182,646,2808,
5290,264.410,18,Cigarette,0.5462,125,438,155,466,840,
5290,264.410,18,knife,0.3884,1293,1374,1312,1429,1045,3
5290,264.410,18,knife,0.3272,1359,1036,1479,1255,26280,1
5291,264.470,18,Bottle,0.7101,62,480,96,510,1020,8410
5291,264.470,18,Bottle,0.6060,146,569,182,646,2772,
5291,264.470,18,Cigarette,0.5357,125,438,155,466,840,8410
5291,264.470,18,knife,0.4453,1359,1050,1481,1225,21350,1
5291,264.470,18,knife,0.3321,1293,1373,1311,1426,954,3
5292,264.511,18,Bottle,0.7267,63,479,95,510,992,8410
5292,264.511,18,Bottle,0.5820,146,569,182,646,2772,
5292,264.511,18,knife,0.4959,1355,1030,1479,1271,29884,1
5292,264.511,18,Cigarette,0.3745,125,438,155,466,840,8410
5293,264.569,18,Bottle,0.5619,146,569,182,646,2772,
5293,264.569,18,knife,0.3515,1357,1028,1475,1270,28556,1
5293,264.569,18,Cigarette,0.2853,124,437,155,467,930,
5294,264.610,18,Bottle,0.5834,146,569,182,646,2772,
5294,264.610,18,knife,0.4174,1356,1030,1473,1267,27729,1
5295,264.670,18,Bottle,0.5899,146,569,182,646,2772,
5295,264.670,18,Cigarette,0.2670,124,437,155,466,899,
5296,264.711,18,Bottle,0.5827,146,568,182,646,2808,
5296,264.711,18,Cigarette,0.2581,125,438,155,466,840,
5297,264.769,18,Bottle,0.5788,146,567,182,646,2844,
5298,264.811,18,Bottle,0.5874,146,568,182,646,2808,
5299,264.870,18,Bottle,0.6084,145,568,182,646,2886,
5300,264.910,18,Bottle,0.6064,145,567,182,646,2923,
5301,264.969,18,Bottle,0.5867,146,566,182,647,2916,
5302,265.020,18,Bottle,0.6064,146,567,183,647,2960,
5302,265.020,18,Bottle,0.4479,1425,421,1462,478,2109,
5302,265.020,18,Bottle,0.3628,62,481,92,510,870,8410
5303,265.060,18,Bottle,0.5972,146,567,183,647,2960,
5303,265.060,18,knife,0.4294,1358,1024,1482,1269,30380,1
5303,265.060,18,Bottle,0.3205,62,481,92,510,870,8410
5304,265.119,18,Bottle,0.5937,146,568,182,647,2844,
5304,265.119,18,Bottle,0.3716,62,480,93,510,930,8410
5304,265.119,18,knife,0.3427,1359,1026,1485,1269,30618,1
5305,265.163,18,Bottle,0.5694,146,567,183,647,2960,
5305,265.163,18,knife,0.5126,1360,1034,1479,1259,26775,1
5305,265.163,18,Bottle,0.4342,62,480,94,510,960,8410
5306,265.220,18,Bottle,0.5672,146,568,182,647,2844,
5306,265.220,18,Bottle,0.3853,62,480,93,510,930,8410
5306,265.220,18,knife,0.2771,1362,1061,1487,1258,24625,1
5307,265.260,18,Bottle,0.5611,146,568,182,647,2844,
5307,265.260,18,Bottle,0.5189,62,481,92,510,870,8410
5307,265.260,18,Cigarette,0.4057,2205,661,2234,700,1131,
5308,265.322,18,Bottle,0.6382,62,480,94,511,992,8410
5308,265.322,18,Bottle,0.5484,146,568,182,647,2844,
5309,265.363,18,Bottle,0.6482,62,481,93,511,930,8410
5309,265.363,18,Bottle,0.5641,146,568,182,647,2844,
5310,265.419,18,Bottle,0.6203,62,481,93,511,930,8410
5310,265.419,18,Bottle,0.5675,145,567,182,647,2960,
5311,265.460,18,Bottle,0.5545,146,568,182,647,2844,
5312,265.519,18,Bottle,0.5488,145,567,182,647,2960,
5312,265.519,18,Bottle,0.3340,62,480,93,510,930,8410
5312,265.519,18,Bottle,0.2653,1024,502,1060,634,4752,
5313,265.560,18,Bottle,0.5680,146,567,182,647,2880,
5313,265.560,18,Bottle,0.5626,62,480,95,511,1023,8410
5314,265.623,18,Bottle,0.5527,146,567,182,647,2880,
5314,265.623,18,Bottle,0.4340,62,480,94,510,960,8410
5315,265.663,18,Bottle,0.5519,145,567,182,647,2960,
5315,265.663,18,Bottle,0.5408,62,481,91,511,870,8410
5316,265.720,18,Bottle,0.5376,145,566,182,647,2997,
5317,265.760,18,Bottle,0.5277,145,567,182,647,2960,
5318,265.820,18,Bottle,0.5386,145,567,182,647,2960,
5319,265.860,18,Bottle,0.5699,146,567,182,647,2880,
5319,265.860,18,Bottle,0.2564,2026,626,2097,721,6745,
5320,265.920,18,Bottle,0.5693,146,567,182,647,2880,
5320,265.920,18,knife,0.4555,1362,1037,1488,1260,28098,1
5321,265.981,18,Bottle,0.5777,145,566,182,646,2960,
5321,265.981,18,Bottle,0.5454,58,392,67,409,153,11996
5321,265.981,18,knife,0.5170,1363,1041,1487,1256,26660,1
5322,266.015,18,knife,0.6567,1363,1035,1484,1257,26862,1
5322,266.015,18,Bottle,0.5549,145,564,182,647,3071,
5322,266.015,18,Bottle,0.3855,60,390,69,409,171,11996
5323,266.071,18,knife,0.6491,1363,1034,1482,1259,26775,1
5323,266.071,18,Bottle,0.5774,145,565,182,647,3034,
5324,266.110,18,knife,0.6855,1364,1034,1483,1261,27013,1
5324,266.110,18,Bottle,0.5808,145,565,182,647,3034,
5325,266.170,18,knife,0.6329,1363,1035,1482,1266,27489,1
5325,266.170,18,Bottle,0.5960,145,565,182,646,2997,
5326,266.210,18,knife,0.6467,1365,1036,1479,1266,26220,1
5326,266.210,18,Bottle,0.5728,145,565,182,646,2997,
5327,266.270,18,knife,0.6141,1364,1041,1477,1231,21470,1
5327,266.270,18,Bottle,0.5939,145,565,182,646,2997,
5327,266.270,18,Cigarette,0.2611,125,435,156,467,992,
5328,266.311,18,Bottle,0.6043,145,565,182,646,2997,
5328,266.311,18,knife,0.5905,1364,1042,1477,1233,21583,1
5328,266.311,18,Bottle,0.5526,81,399,92,416,187,11996
5328,266.311,18,knife,0.3123,1293,1363,1324,1436,2263,3
5329,266.369,18,Bottle,0.6195,145,566,183,647,3078,8410
5329,266.369,18,knife,0.5255,1365,1042,1477,1233,21392,1
5329,266.369,18,Bottle,0.3703,86,401,94,414,104,8410
5329,266.369,18,knife,0.3676,1293,1363,1323,1436,2190,3
5330,266.410,18,Bottle,0.6192,145,565,182,647,3034,
5330,266.410,18,knife,0.5406,1363,1042,1477,1230,21432,1
5330,266.410,18,knife,0.3649,1292,1363,1324,1436,2336,3
5330,266.410,18,Bottle,0.3483,86,397,95,412,135,11996
5330,266.410,18,knife,0.2525,1242,1267,1304,1440,10726,3
5331,266.470,18,Bottle,0.6356,145,565,183,647,3116,8410
5331,266.470,18,Cigarette,0.4854,1822,640,1835,648,104,12013
5331,266.470,18,knife,0.3445,1292,1364,1323,1436,2232,3
5331,266.470,18,knife,0.3440,1364,1043,1476,1231,21056,1
5331,266.470,18,Bottle,0.3079,88,394,97,411,153,11996
5332,266.511,18,Bottle,0.8067,90,395,99,412,153,11996
5332,266.511,18,Bottle,0.6230,145,565,183,647,3116,
5332,266.511,18,knife,0.3427,1292,1364,1324,1436,2304,3
5332,266.511,18,knife,0.3391,1362,1044,1476,1231,21318,1
5333,266.569,18,Bottle,0.6159,145,565,183,647,3116,
5333,266.569,18,knife,0.4694,1362,1040,1477,1265,25875,1
5333,266.569,18,knife,0.2763,1292,1365,1323,1436,2201,3
5334,266.611,18,Bottle,0.6178,145,566,183,647,3078,
5334,266.611,18,knife,0.5748,1362,1041,1479,1270,26793,1
5334,266.611,18,knife,0.3107,1292,1364,1323,1436,2232,3
5335,266.670,18,Bottle,0.6200,145,566,182,647,2997,
5335,266.670,18,knife,0.5938,1363,1041,1479,1268,26332,1
5335,266.670,18,knife,0.2977,1292,1365,1323,1436,2201,3
5335,266.670,18,Bottle,0.2772,1499,517,1526,567,1350,
5335,266.670,18,Bottle,0.2501,253,492,296,581,3827,
5336,266.711,18,Bottle,0.6271,145,567,183,647,3040,
5336,266.711,18,knife,0.5086,1363,1041,1478,1267,25990,1
5336,266.711,18,Bottle,0.2824,253,492,296,582,3870,
5336,266.711,18,knife,0.2776,1292,1365,1323,1435,2170,3
5337,266.770,18,Bottle,0.6224,145,566,182,647,2997,
5337,266.770,18,knife,0.4036,1362,1040,1477,1260,25300,1
5337,266.770,18,Bottle,0.3311,253,490,296,582,3956,
5337,266.770,18,knife,0.3155,1292,1364,1323,1435,2201,3
5338,266.811,18,Bottle,0.6179,145,566,182,647,2997,
5338,266.811,18,Bottle,0.3479,253,489,296,583,4042,
5338,266.811,18,knife,0.3354,1362,1040,1477,1254,24610,1
5338,266.811,18,knife,0.2940,1292,1364,1323,1435,2201,3
5339,266.870,18,Bottle,0.6251,146,566,182,646,2880,
5339,266.870,18,knife,0.3372,1362,1039,1476,1257,24852,1
5339,266.870,18,Bottle,0.3301,253,490,296,583,3999,
5339,266.870,18,knife,0.2987,1292,1364,1323,1435,2201,3
5340,266.910,18,Bottle,0.6434,145,566,183,647,3078,
5340,266.910,18,knife,0.3689,1362,1039,1477,1257,25070,1
5340,266.910,18,Bottle,0.3324,253,490,296,583,3999,
5340,266.910,18,Cigarette,0.3015,1497,575,1514,587,204,
5340,266.910,18,knife,0.2823,1292,1364,1323,1435,2201,3
5341,266.981,18,Bottle,0.6445,145,566,183,646,3040,
5341,266.981,18,Cigarette,0.6060,2495,607,2522,650,1161,
5341,266.981,18,knife,0.3935,1290,1367,1311,1427,1260,3
5342,267.020,18,Bottle,0.6542,145,566,183,646,3040,
5342,267.020,18,knife,0.4048,1290,1367,1311,1428,1281,3
5342,267.020,18,knife,0.2539,1363,1039,1476,1249,23730,1
5343,267.070,18,Bottle,0.6395,145,565,183,647,3116,
5343,267.070,18,knife,0.3827,1291,1366,1311,1428,1240,3
5343,267.070,18,knife,0.3624,1363,1039,1476,1248,23617,1
5343,267.070,18,Cigarette,0.2717,125,437,152,464,729,
5344,267.111,18,Bottle,0.6395,145,565,183,647,3116,
5344,267.111,18,knife,0.4569,1363,1039,1476,1245,23278,1
5344,267.111,18,knife,0.3984,1291,1367,1311,1428,1220,3
5344,267.111,18,Bottle,0.3314,253,489,296,581,3956,
5344,267.111,18,Cigarette,0.3298,125,437,152,463,702,
5345,267.170,18,Bottle,0.6192,145,565,182,647,3034,
5345,267.170,18,knife,0.5775,1363,1039,1477,1242,23142,1
5345,267.170,18,knife,0.3756,1291,1367,1311,1428,1220,3
5346,267.211,18,Bottle,0.6182,145,563,183,647,3192,
5346,267.211,18,knife,0.5004,1363,1039,1476,1239,22600,1
5346,267.211,18,knife,0.4074,1291,1367,1311,1427,1200,3
5347,267.270,18,Bottle,0.6328,145,563,183,647,3192,
5347,267.270,18,knife,0.4631,1362,1040,1476,1237,22458,1
5347,267.270,18,knife,0.4010,1291,1367,1311,1427,1200,3
5348,267.311,18,Bottle,0.6261,146,563,183,646,3071,
5348,267.311,18,Cigarette,0.4288,123,439,152,465,754,8410
5348,267.311,18,knife,0.4032,1291,1367,1311,1427,1200,3
5348,267.311,18,knife,0.3614,1362,1040,1476,1236,22344,1
5348,267.311,18,Bottle,0.2802,252,491,295,581,3870,
5349,267.370,18,Bottle,0.6347,146,564,183,646,3034,
5349,267.370,18,Bottle,0.6145,2068,576,2110,667,3822,
5349,267.370,18,Cigarette,0.5624,124,435,152,460,700,
5349,267.370,18,knife,0.4005,1291,1367,1311,1427,1200,3
5349,267.370,18,knife,0.3067,1361,1040,1476,1235,22425,1
5349,267.370,18,Cigarette,0.2569,1498,574,1514,586,192,
5350,267.410,18,Bottle,0.6450,146,564,183,646,3034,
5350,267.410,18,Cigarette,0.5461,1498,574,1514,585,176,
5350,267.410,18,Bottle,0.5289,35,247,72,344,3589,
5350,267.410,18,Cigarette,0.5145,124,437,153,465,812,8410
5350,267.410,18,knife,0.3874,1291,1367,1311,1427,1200,3
5350,267.410,18,Bottle,0.3521,2032,576,2104,664,6336,
5350,267.410,18,Bottle,0.2817,253,492,295,581,3738,
5351,267.470,18,Bottle,0.6475,146,564,183,646,3034,
5351,267.470,18,knife,0.3814,1291,1367,1311,1427,1200,3
5351,267.470,18,Cigarette,0.3686,124,437,154,464,810,
5351,267.470,18,Bottle,0.3363,2003,569,2051,653,4032,
5351,267.470,18,Cigarette,0.3351,1497,574,1514,584,170,
5351,267.470,18,knife,0.2838,1359,1045,1481,1268,27206,1
5351,267.470,18,Cigarette,0.2571,2097,544,2114,560,272,
5351,267.470,18,Bottle,0.2554,253,493,295,581,3696,
5352,267.511,18,Bottle,0.6359,146,564,183,646,3034,
5352,267.511,18,knife,0.3795,1291,1367,1311,1427,1200,3
5352,267.511,18,Bottle,0.3069,253,491,295,581,3780,
5352,267.511,18,knife,0.3047,1359,1043,1482,1269,27798,1
5352,267.511,18,Cigarette,0.2937,125,439,153,466,756,
5353,267.569,18,Bottle,0.6211,145,564,183,646,3116,
5353,267.569,18,Bottle,0.5672,1934,554,1982,641,4176,
5353,267.569,18,knife,0.3354,1291,1367,1311,1427,1200,3
5353,267.569,18,Bottle,0.2823,253,492,295,581,3738,
5354,267.611,18,Bottle,0.6092,145,564,183,646,3116,
5354,267.611,18,knife,0.2785,1292,1368,1311,1428,1140,3
5355,267.670,18,Bottle,0.6313,146,564,183,646,3034,
5355,267.670,18,Bottle,0.3048,253,493,295,581,3696,
5355,267.670,18,Cigarette,0.2739,125,440,153,465,700,8410
5355,267.670,18,knife,0.2649,1242,1268,1302,1438,10200,3
5356,267.710,18,Bottle,0.6298,145,562,183,646,3192,
5356,267.710,18,knife,0.2668,1241,1268,1303,1439,10602,3
5356,267.710,18,Bottle,0.2555,1355,934,1502,1270,49392,1
5356,267.710,18,Bottle,0.2502,65,477,94,511,986,8410
5357,267.770,18,Bottle,0.6229,145,562,183,647,3230,
5357,267.770,18,Bottle,0.3865,253,494,295,581,3654,
5358,267.811,18,Bottle,0.6070,145,563,182,647,3108,
5358,267.811,18,Bottle,0.3428,253,494,295,581,3654,
5358,267.811,18,Bottle,0.3371,65,478,93,511,924,8410
5359,267.870,18,Bottle,0.5963,146,563,182,647,3024,
5359,267.870,18,Bottle,0.4364,253,492,295,581,3738,
5359,267.870,18,Bottle,0.2740,1517,1344,1536,1440,1824,1
5360,267.910,18,Bottle,0.6124,146,563,183,646,3071,
5360,267.910,18,Bottle,0.4211,253,494,295,581,3654,
5360,267.910,18,Bottle,0.3895,1514,1343,1565,1440,4947,1
5360,267.910,18,Bottle,0.3627,63,479,90,511,864,8410
5360,267.910,18,Bottle,0.3606,1516,1338,1536,1440,2040,1
5361,267.982,18,Bottle,0.6443,145,563,183,647,3192,
5361,267.982,18,Bottle,0.4466,254,492,296,580,3696,
5361,267.982,18,Bottle,0.3987,1516,1333,1536,1439,2120,1
5362,268.019,18,Bottle,0.7229,62,480,94,511,992,8410
5362,268.019,18,Bottle,0.6452,195,407,210,435,420,11996
5362,268.019,18,Bottle,0.6070,145,564,182,647,3071,
5362,268.019,18,Bottle,0.4413,254,491,296,580,3738,
5362,268.019,18,Bottle,0.3886,1516,1333,1536,1439,2120,1
5362,268.019,18,knife,0.3859,1229,1270,1304,1439,12675,3
5362,268.019,18,Bottle,0.3169,154,393,170,415,352,11996
5363,268.070,18,Bottle,0.6195,62,480,94,511,992,8410
5363,268.070,18,Bottle,0.5865,145,566,182,648,3034,
5363,268.070,18,knife,0.4746,1229,1271,1305,1439,12768,3
5363,268.070,18,Bottle,0.4202,254,492,295,579,3567,
5363,268.070,18,Bottle,0.3701,1516,1332,1536,1439,2140,1
5363,268.070,18,Bottle,0.3291,198,405,213,437,480,11996
5363,268.070,18,knife,0.3158,1288,1370,1317,1438,1972,3
5364,268.111,18,Bottle,0.6083,62,480,94,511,992,8410
5364,268.111,18,Bottle,0.5933,145,566,182,648,3034,
5364,268.111,18,knife,0.5039,1288,1375,1316,1438,1764,3
5364,268.111,18,knife,0.4341,1232,1273,1308,1436,12388,3
5364,268.111,18,Bottle,0.4083,254,491,296,580,3738,
5364,268.111,18,Bottle,0.2808,1517,1330,1536,1440,2090,1
5365,268.170,18,Bottle,0.6243,62,480,94,511,992,8410
5365,268.170,18,Bottle,0.5679,145,566,182,648,3034,
5365,268.170,18,knife,0.5336,1288,1376,1315,1437,1647,3
5365,268.170,18,Bottle,0.5007,209,415,222,442,351,11996
5365,268.170,18,knife,0.4689,1230,1272,1304,1438,12284,3
5365,268.170,18,Bottle,0.4506,254,492,296,580,3696,
5365,268.170,18,Bottle,0.2937,1517,1336,1536,1440,1976,1
5366,268.210,18,Bottle,0.6804,62,480,94,511,992,8410
5366,268.210,18,Bottle,0.6049,211,415,221,433,180,11996
5366,268.210,18,Bottle,0.6028,145,565,182,648,3071,
5366,268.210,18,knife,0.5515,1288,1376,1315,1437,1647,3
5366,268.210,18,Bottle,0.4216,254,492,296,579,3654,
5366,268.210,18,knife,0.4063,1229,1272,1304,1437,12375,3
5366,268.210,18,Bottle,0.3108,1516,1348,1536,1440,1840,1
5367,268.269,18,Bottle,0.6758,62,480,94,511,992,8410
5367,268.269,18,Bottle,0.6454,178,332,186,353,168,11996
5367,268.269,18,Bottle,0.5989,144,565,182,648,3154,
5367,268.269,18,knife,0.5425,1288,1376,1315,1437,1647,3
5367,268.269,18,Bottle,0.3970,172,340,179,358,126,11996
5367,268.269,18,knife,0.3914,1233,1273,1307,1435,11988,3
5367,268.269,18,Bottle,0.3806,254,492,296,579,3654,
5367,268.269,18,Bottle,0.3649,189,410,201,422,144,11996
5367,268.269,18,knife,0.2792,1365,1044,1472,1229,19795,1
5368,268.310,18,Bottle,0.6668,62,480,94,511,992,8410
5368,268.310,18,Bottle,0.6204,144,565,182,648,3154,
5368,268.310,18,knife,0.5279,1289,1374,1316,1436,1674,3
5368,268.310,18,knife,0.4748,1232,1274,1305,1434,11680,3
5368,268.310,18,Bottle,0.4252,254,491,295,580,3649,
5368,268.310,18,knife,0.3039,1366,1037,1473,1242,21935,1
5369,268.370,18,knife,0.6698,1362,1035,1476,1242,23598,1
5369,268.370,18,Bottle,0.6679,62,480,94,511,992,8410
5369,268.370,18,Bottle,0.6465,145,566,182,647,2997,
5369,268.370,18,Bottle,0.5307,1781,419,1793,427,96,12198
5369,268.370,18,Bottle,0.4467,254,490,295,581,3731,
5369,268.370,18,knife,0.4095,1232,1274,1304,1434,11520,3
5369,268.370,18,knife,0.3548,1289,1375,1315,1436,1586,3
5369,268.370,18,Cigarette,0.2853,1494,575,1510,586,176,
5370,268.410,18,Bottle,0.6416,145,565,182,647,3034,
5370,268.410,18,Bottle,0.6125,63,480,93,511,930,8410
5370,268.410,18,knife,0.5478,1361,1035,1479,1257,26196,1
5370,268.410,18,Bottle,0.4470,254,491,296,581,3780,
5370,268.410,18,knife,0.3233,1230,1271,1301,1436,11715,3
5371,268.470,18,Bottle,0.6339,145,567,182,647,2960,
5371,268.470,18,Bottle,0.6088,63,480,93,511,930,8410
5371,268.470,18,Bottle,0.3734,254,491,296,581,3780,
5371,268.470,18,knife,0.3112,1232,1274,1304,1434,11520,3
5371,268.470,18,knife,0.2947,1326,1352,1512,1394,7812,1
5372,268.511,18,Bottle,0.6248,146,565,182,647,2952,
5372,268.511,18,Bottle,0.5568,62,479,95,511,1056,8410
5372,268.511,18,knife,0.4304,1326,1352,1514,1398,8648,1
5372,268.511,18,Bottle,0.4089,254,491,295,581,3690,
5372,268.511,18,knife,0.3562,1230,1272,1298,1434,11016,3
5373,268.569,18,Bottle,0.6363,146,565,182,647,2952,
5373,268.569,18,knife,0.5657,1324,1352,1516,1404,9984,1
5373,268.569,18,Bottle,0.5534,62,479,95,511,1056,8410
5373,268.569,18,Bottle,0.4407,254,492,295,581,3649,
5373,268.569,18,knife,0.3570,1230,1272,1298,1432,10880,3
5373,268.569,18,knife,0.2630,1289,1374,1309,1428,1080,3
5374,268.611,18,Bottle,0.6238,145,566,182,647,2997,
5374,268.611,18,Bottle,0.5823,62,479,95,511,1056,8410
5374,268.611,18,knife,0.3725,1324,1353,1519,1405,10140,1
5374,268.611,18,knife,0.3569,1231,1272,1303,1432,11520,3
5374,268.611,18,Bottle,0.3442,254,493,295,580,3567,
5375,268.670,18,Bottle,0.6309,145,565,182,647,3034,
5375,268.670,18,Bottle,0.5861,62,479,95,511,1056,8410
5375,268.670,18,knife,0.3356,1230,1271,1303,1433,11826,3
5375,268.670,18,Bottle,0.2717,254,494,296,581,3654,
5376,268.711,18,Bottle,0.6287,146,566,182,647,2916,
5376,268.711,18,Bottle,0.5946,62,479,95,511,1056,8410
5376,268.711,18,knife,0.3583,1230,1271,1305,1433,12150,3
5377,268.770,18,Bottle,0.6131,62,480,95,511,1023,8410
5377,268.770,18,Bottle,0.6094,146,566,182,647,2916,
5377,268.770,18,knife,0.3858,1230,1272,1304,1433,11914,3
5378,268.811,18,Bottle,0.6159,146,566,182,647,2916,
5378,268.811,18,knife,0.4613,1231,1271,1304,1433,11826,3
5378,268.811,18,Bottle,0.3440,62,479,95,510,1023,8410
5378,268.811,18,Bottle,0.3113,1393,427,1431,454,1026,12198
5379,268.870,18,Bottle,0.6175,146,566,182,647,2916,
5379,268.870,18,knife,0.4281,1231,1271,1304,1433,11826,3
5379,268.870,18,Bottle,0.3433,62,479,95,510,1023,8410
5379,268.870,18,Bottle,0.3347,1135,367,1150,410,645,12138
5380,268.911,18,Bottle,0.6260,146,566,182,647,2916,
5380,268.911,18,knife,0.3707,1231,1272,1304,1433,11753,3
5380,268.911,18,Cigarette,0.2956,2248,441,2269,455,294,
5380,268.911,18,Bottle,0.2612,62,479,95,510,1023,8410
5380,268.911,18,Bottle,0.2586,253,489,296,580,3913,
5381,268.982,18,knife,0.5535,1370,1047,1490,1259,25440,1
5381,268.982,18,Bottle,0.5245,145,566,181,648,2952,
5381,268.982,18,knife,0.3972,1231,1271,1305,1434,12062,3
5381,268.982,18,Bottle,0.3213,1283,395,1331,435,1920,12198
5382,269.330,18,Bottle,0.4985,145,565,182,647,3034,
5382,269.330,18,knife,0.4324,1232,1270,1305,1433,11899,3
5382,269.330,18,knife,0.4154,1369,1049,1490,1260,25531,1
5382,269.330,18,Bottle,0.2725,1125,277,1132,278,7,12261
5383,269.334,18,Bottle,0.4730,145,566,181,648,2952,
5383,269.334,18,knife,0.3416,1231,1271,1297,1435,10824,3
5384,269.336,18,Bottle,0.4901,145,565,182,647,3034,
5384,269.336,18,knife,0.3634,1230,1270,1296,1434,10824,3
5385,269.339,18,Bottle,0.5199,145,565,182,647,3034,
5385,269.339,18,knife,0.3574,1230,1269,1297,1432,10921,3
5386,269.341,18,Bottle,0.4890,145,565,182,647,3034,
5386,269.341,18,knife,0.3616,1231,1269,1299,1434,11220,3
5387,269.346,18,Bottle,0.5036,145,565,182,647,3034,
5387,269.346,18,knife,0.3316,1231,1268,1299,1432,11152,3
5387,269.346,18,Bottle,0.3099,2019,482,2042,521,897,
5388,269.348,18,Bottle,0.4769,145,565,182,647,3034,
5388,269.348,18,knife,0.3960,1231,1270,1300,1432,11178,3
5388,269.348,18,knife,0.2803,1330,1352,1513,1399,8601,1
5389,269.370,18,knife,0.6212,1104,358,1118,373,210,12261
5389,269.370,18,Bottle,0.4746,145,565,182,647,3034,
5389,269.370,18,Bottle,0.4018,1032,576,1083,654,3978,
5389,269.370,18,knife,0.3752,1368,1057,1499,1268,27641,1
5389,269.370,18,knife,0.3527,1232,1270,1304,1432,11664,3
5390,269.410,18,Bottle,0.4532,145,566,182,647,2997,
5390,269.410,18,knife,0.3520,1232,1269,1304,1432,11736,3
5390,269.410,18,knife,0.3493,1368,1053,1499,1268,28165,1
5390,269.410,18,knife,0.2818,1285,1367,1308,1427,1380,3
5391,269.470,18,Bottle,0.5501,873,345,905,375,960,12303
5391,269.470,18,knife,0.5257,1369,1050,1497,1267,27776,1
5391,269.470,18,Bottle,0.4198,145,565,182,647,3034,
5391,269.470,18,Bottle,0.3195,988,339,1005,354,255,12299
5391,269.470,18,knife,0.2759,1286,1368,1308,1426,1276,3
5391,269.470,18,knife,0.2677,1232,1271,1304,1431,11520,3
5392,269.511,18,Bottle,0.5382,959,283,965,315,192,12299
5392,269.511,18,knife,0.4915,1370,1052,1499,1262,27090,1
5392,269.511,18,Bottle,0.4111,145,565,181,647,2952,
5392,269.511,18,knife,0.3336,1287,1369,1308,1425,1176,3
5393,269.569,18,Bottle,0.8166,791,307,805,342,490,12313
5393,269.569,18,knife,0.6321,1368,1048,1497,1265,27993,1
5393,269.569,18,Bottle,0.4329,145,565,182,647,3034,
5393,269.569,18,knife,0.4187,1286,1371,1308,1424,1166,3
5394,269.611,18,knife,0.6309,1368,1047,1498,1265,28340,1
5394,269.611,18,Bottle,0.4647,145,564,182,647,3071,
5394,269.611,18,Bottle,0.3447,904,363,916,394,372,12299
5394,269.611,18,knife,0.2800,1286,1371,1308,1423,1144,3
5395,269.670,18,knife,0.7129,1368,1048,1496,1265,27776,1
5395,269.670,18,Bottle,0.4385,145,563,181,647,3024,
5396,269.711,18,knife,0.6887,1367,1048,1495,1267,28032,1
5396,269.711,18,Bottle,0.4368,144,563,182,647,3192,
5397,269.770,18,knife,0.7130,1366,1048,1497,1267,28689,1
5397,269.770,18,Bottle,0.5888,62,480,94,511,992,8410
5397,269.770,18,Bottle,0.4865,145,563,182,647,3108,
5397,269.770,18,Bottle,0.3230,864,369,877,386,221,12299
5397,269.770,18,knife,0.2637,1289,1374,1308,1427,1007,3
5398,269.811,18,knife,0.6653,1365,1050,1499,1269,29346,1
5398,269.811,18,Bottle,0.5222,145,563,182,647,3108,
5398,269.811,18,Bottle,0.5020,62,480,94,511,992,8410
5398,269.811,18,knife,0.3278,1288,1376,1309,1434,1218,3
5399,269.869,18,Bottle,0.5006,62,480,94,511,992,8410
5399,269.869,18,Bottle,0.4989,145,563,182,647,3108,
5399,269.869,18,knife,0.4614,1363,1051,1499,1269,29648,1
5399,269.869,18,knife,0.4471,1287,1376,1309,1435,1298,3
5400,269.910,18,Bottle,0.6337,62,480,94,510,960,8410
5400,269.910,18,Bottle,0.5274,145,563,182,647,3108,
5400,269.910,18,knife,0.3696,1287,1377,1308,1435,1218,3
5400,269.910,18,knife,0.2751,692,491,739,548,2679,
5401,269.969,18,Bottle,0.5032,144,563,182,647,3192,
5401,269.969,18,knife,0.4617,1287,1377,1307,1434,1140,3
5401,269.969,18,Bottle,0.4037,62,481,93,511,930,8410
5401,269.969,18,knife,0.3138,1365,1034,1495,1268,30420,1
5401,269.969,18,Cigarette,0.2899,124,439,153,466,783,8410
5401,269.969,18,knife,0.2601,692,491,739,548,2679,
5402,270.019,18,knife,0.5141,1286,1377,1309,1435,1334,3
5402,270.019,18,Bottle,0.4778,144,564,181,648,3108,
5402,270.019,18,Bottle,0.3357,62,482,93,511,899,8410
5402,270.019,18,Cigarette,0.2970,124,438,153,466,812,8410
5402,270.019,18,Bottle,0.2599,1574,401,1590,449,768,12362
5403,270.060,18,Bottle,0.4942,144,564,181,648,3108,
5403,270.060,18,Bottle,0.3849,62,482,92,511,870,8410
5403,270.060,18,Bottle,0.3096,1363,943,1511,1261,47064,1
5403,270.060,18,Cigarette,0.2543,1579,545,1596,579,578,
5404,270.120,18,Bottle,0.5053,144,564,181,648,3108,
5404,270.120,18,Cigarette,0.2534,124,439,153,466,783,
5405,270.161,18,Bottle,0.5072,144,565,181,648,3071,
5405,270.161,18,Bottle,0.3328,62,482,93,511,899,8410
5405,270.161,18,knife,0.2844,692,491,739,548,2679,
5405,270.161,18,Cigarette,0.2764,124,439,153,466,783,8410
5405,270.161,18,Bottle,0.2584,1363,946,1556,1282,64848,1
5406,270.219,18,Bottle,0.5232,144,565,181,647,3034,
5406,270.219,18,Cigarette,0.5143,125,439,153,466,756,8410
5406,270.219,18,Bottle,0.4495,62,481,93,511,930,8410
5407,270.261,18,Bottle,0.4869,144,565,181,647,3034,
5407,270.261,18,Cigarette,0.4665,125,439,153,466,756,8410
5407,270.261,18,Bottle,0.4663,62,481,93,511,930,8410
5408,270.321,18,Cigarette,0.5153,124,439,153,466,783,8410
5408,270.321,18,Bottle,0.4921,144,565,181,647,3034,
5408,270.321,18,Bottle,0.4848,62,481,93,511,930,8410
5409,270.360,18,Bottle,0.5353,144,566,181,647,2997,
5409,270.360,18,Cigarette,0.4660,125,439,153,466,756,8410
5409,270.360,18,Bottle,0.2894,62,481,93,511,930,8410
5410,270.420,18,Bottle,0.5183,144,567,181,647,2960,
5410,270.420,18,Cigarette,0.4823,1498,575,1516,587,216,
5410,270.420,18,Cigarette,0.4109,124,438,153,466,812,8410
5410,270.420,18,Bottle,0.3537,62,481,94,511,960,8410
5411,270.461,18,Bottle,0.5790,62,481,94,511,960,8410
5411,270.461,18,Bottle,0.5530,144,566,181,647,2997,
5411,270.461,18,Cigarette,0.4731,1498,575,1515,586,187,
5411,270.461,18,Cigarette,0.4063,124,438,154,466,840,8410
5412,270.520,18,Bottle,0.6024,63,480,94,511,961,8410
5412,270.520,18,Bottle,0.5646,144,567,181,647,2960,
5412,270.520,18,Cigarette,0.4396,1498,575,1515,586,187,
5412,270.520,18,Cigarette,0.3023,124,438,154,466,840,8410
5413,270.562,18,Bottle,0.6121,144,567,181,647,2960,
5413,270.562,18,Bottle,0.6107,63,480,94,511,961,8410
5414,270.620,18,Bottle,0.6017,145,568,181,647,2844,
5414,270.620,18,Bottle,0.5846,62,482,93,511,899,8410
5415,270.661,18,Bottle,0.6038,145,569,181,647,2808,
5415,270.661,18,Bottle,0.5747,62,482,93,511,899,8410
5416,270.720,18,Bottle,0.6178,1375,327,1394,362,665,12265
5416,270.720,18,Bottle,0.5731,145,569,181,647,2808,
5416,270.720,18,Bottle,0.5001,1357,311,1369,334,276,12265
5416,270.720,18,Cigarette,0.4632,2477,659,2530,687,1484,
5416,270.720,18,Bottle,0.3597,1308,358,1327,389,589,12265
5416,270.720,18,Bottle,0.3481,62,481,93,511,930,8410
5417,270.760,18,Bottle,0.5946,145,569,181,647,2808,
5417,270.760,18,Bottle,0.4017,62,481,93,511,930,8410
5418,270.820,18,Bottle,0.5778,145,569,181,647,2808,
5418,270.820,18,Bottle,0.3616,62,481,93,510,899,8410
5419,270.861,18,Bottle,0.5728,144,568,181,647,2923,
5419,270.861,18,Bottle,0.3952,63,481,94,510,899,8410
5420,270.921,18,Bottle,0.5849,145,568,181,647,2844,
5420,270.921,18,Bottle,0.4012,63,481,94,510,899,8410
5420,270.921,18,Cigarette,0.3485,124,438,153,465,783,8410
5421,270.982,18,Bottle,0.6801,62,481,94,510,928,8410
5421,270.982,18,Bottle,0.6125,144,570,181,647,2849,
5421,270.982,18,Bottle,0.2748,254,489,296,580,3822,
5422,271.014,18,Bottle,0.6800,62,481,94,510,928,8410
5422,271.014,18,Bottle,0.5940,144,570,181,647,2849,
5422,271.014,18,Bottle,0.2792,253,489,296,580,3913,
5423,271.070,18,Bottle,0.7023,62,481,94,510,928,8410
5423,271.070,18,Bottle,0.6163,144,570,182,647,2926,
5423,271.070,18,Cigarette,0.4264,2209,643,2246,660,629,
5423,271.070,18,Bottle,0.2652,1215,287,1239,311,576,12265
5423,271.070,18,Bottle,0.2613,253,490,296,580,3870,
5424,271.111,18,Bottle,0.6183,144,570,181,647,2849,
5424,271.111,18,Cigarette,0.6068,2065,659,2083,677,324,
5424,271.111,18,Bottle,0.5604,62,479,94,511,1024,8410
5424,271.111,18,Bottle,0.2714,253,490,295,580,3780,
5425,271.170,18,Bottle,0.6657,62,479,95,511,1056,8410
5425,271.170,18,Bottle,0.6139,144,570,181,647,2849,
5425,271.170,18,Bottle,0.3632,2020,576,2099,673,7663,
5425,271.170,18,Bottle,0.2978,253,489,296,580,3913,
5426,271.210,18,Bottle,0.6087,144,569,182,647,2964,
5426,271.210,18,Bottle,0.5515,62,479,95,511,1056,8410
5426,271.210,18,Bottle,0.4090,1988,576,2048,661,5100,
5426,271.210,18,Bottle,0.2946,253,489,296,580,3913,
5427,271.270,18,Bottle,0.6029,144,569,182,647,2964,
5427,271.270,18,Bottle,0.5602,62,479,95,511,1056,8410
5427,271.270,18,Bottle,0.2930,253,488,296,580,3956,
5428,271.310,18,Bottle,0.6151,144,568,182,647,3002,
5428,271.310,18,Bottle,0.6020,61,480,94,511,1023,8410
5428,271.310,18,Bottle,0.3002,253,487,296,581,4042,
5429,271.370,18,Bottle,0.6205,61,480,94,511,1023,8410
5429,271.370,18,Bottle,0.6097,144,568,182,647,3002,
5429,271.370,18,Bottle,0.3368,253,488,296,581,3999,
5430,271.410,18,Bottle,0.6218,144,567,182,647,3040,
5430,271.410,18,Bottle,0.5592,62,479,94,511,1024,8410
5430,271.410,18,Bottle,0.3045,253,488,296,581,3999,
5431,271.470,18,Bottle,0.6131,144,568,182,647,3002,
5431,271.470,18,Bottle,0.5959,62,479,94,510,992,8410
5431,271.470,18,Bottle,0.3323,254,488,296,581,3906,
5432,271.511,18,Bottle,0.6155,144,568,182,647,3002,
5432,271.511,18,Bottle,0.3580,61,479,94,510,1023,8410
5432,271.511,18,Bottle,0.3245,253,487,296,581,4042,
5432,271.511,18,Bottle,0.3158,1549,950,1560,998,528,1
5433,271.571,18,Bottle,0.6255,144,569,182,647,2964,
5433,271.571,18,Bottle,0.3817,61,479,95,510,1054,8410
5433,271.571,18,Bottle,0.3527,254,487,296,581,3948,
5434,271.610,18,Bottle,0.6289,61,479,95,511,1088,8410
5434,271.610,18,Bottle,0.6245,144,568,182,647,3002,
5434,271.610,18,Bottle,0.3630,253,487,296,581,4042,
5435,271.670,18,Bottle,0.6365,61,479,95,511,1088,8410
5435,271.670,18,Bottle,0.6027,144,567,182,647,3040,
5435,271.670,18,Bottle,0.4519,1054,239,1074,267,560,12265
5435,271.670,18,Bottle,0.2596,252,487,296,582,4180,
5436,271.713,18,Bottle,0.7732,61,480,94,511,1023,8410
5436,271.713,18,Bottle,0.5909,144,567,182,647,3040,
5437,271.769,18,Bottle,0.7747,61,480,94,511,1023,8410
5437,271.769,18,Bottle,0.5616,144,568,182,647,3002,
5438,271.810,18,Bottle,0.7731,61,479,94,511,1056,8410
5438,271.810,18,Bottle,0.5875,144,568,182,647,3002,
5439,271.870,18,Bottle,0.7813,61,480,94,511,1023,8410
5439,271.870,18,Bottle,0.5821,144,568,182,647,3002,
5440,271.911,18,Bottle,0.7713,61,479,94,511,1056,8410
5440,271.911,18,Bottle,0.5856,144,568,182,647,3002,
5440,271.911,18,Bottle,0.2513,253,490,295,581,3822,
5441,271.981,18,Bottle,0.6434,997,234,1021,256,528,12493
5441,271.981,18,Bottle,0.6239,144,564,181,648,3108,
5441,271.981,18,Cigarette,0.4052,2089,619,2103,625,84,12449
5441,271.981,18,Bottle,0.2516,924,231,932,268,296,12265
5442,272.013,18,Bottle,0.6242,144,565,181,648,3071,
5443,272.070,18,Bottle,0.6414,144,565,181,648,3071,
5443,272.070,18,Bottle,0.3964,1014,228,1027,258,390,12265
5443,272.070,18,Bottle,0.3279,981,230,1005,255,600,12265
5444,272.111,18,Bottle,0.7416,973,227,996,251,552,12265
5444,272.111,18,Bottle,0.6388,144,564,181,648,3108,
5444,272.111,18,knife,0.3214,1367,1074,1463,1268,18624,1
5445,272.170,18,Bottle,0.6400,144,564,182,648,3192,
5445,272.170,18,knife,0.3408,1367,1074,1464,1268,18818,1
5445,272.170,18,Bottle,0.3335,253,491,296,580,3827,
5446,272.210,18,Bottle,0.6427,144,564,181,648,3108,
5446,272.210,18,Bottle,0.5074,62,480,94,511,992,8410
5446,272.210,18,knife,0.3981,2146,682,2226,713,2480,
5446,272.210,18,Bottle,0.3829,253,490,296,580,3870,
5446,272.210,18,knife,0.3411,1367,1073,1465,1267,19012,1
5447,272.269,18,Bottle,0.6345,144,564,181,648,3108,
5447,272.269,18,Bottle,0.5622,62,480,94,510,960,8410
5447,272.269,18,Bottle,0.3142,253,491,295,581,3780,
5447,272.269,18,knife,0.2989,1371,1073,1464,1266,17949,1
5448,272.311,18,Bottle,0.6477,61,480,95,511,1054,8410
5448,272.311,18,Bottle,0.6362,144,564,181,648,3108,
5448,272.311,18,Bottle,0.2707,253,493,295,580,3654,
5449,272.369,18,Bottle,0.6339,144,564,181,648,3108,
5449,272.369,18,Bottle,0.5658,62,480,94,511,992,8410
5449,272.369,18,Bottle,0.2576,253,494,296,580,3698,
5450,272.412,18,Bottle,0.6290,144,564,181,648,3108,
5450,272.412,18,Bottle,0.5898,62,480,95,511,1023,8410
5450,272.412,18,Bottle,0.2820,878,337,888,353,160,12265
5451,272.470,18,Bottle,0.6610,62,480,94,512,1024,8410
5451,272.470,18,Bottle,0.6390,144,563,182,648,3230,
5452,272.511,18,Bottle,0.6929,62,480,94,511,992,8410
5452,272.511,18,Bottle,0.6304,144,564,182,648,3192,
5453,272.569,18,Bottle,0.6381,144,564,182,648,3192,
5453,272.569,18,Bottle,0.3213,62,480,93,510,930,8410
5454,272.611,18,Bottle,0.7013,62,480,94,511,992,8410
5454,272.611,18,Bottle,0.6468,144,565,182,648,3154,
5454,272.611,18,knife,0.3651,1371,1071,1462,1268,17927,1
5454,272.611,18,Bottle,0.2561,253,494,295,581,3654,
5455,272.670,18,Bottle,0.6612,62,480,94,511,992,8410
5455,272.670,18,Bottle,0.6400,144,566,182,648,3116,8410
5456,272.711,18,Bottle,0.6332,144,566,182,648,3116,8410
5456,272.711,18,Bottle,0.3751,63,481,90,510,783,8410
5456,272.711,18,knife,0.3236,1368,1072,1463,1266,18430,1
5457,272.770,18,Bottle,0.6349,144,566,182,648,3116,8410
5457,272.770,18,knife,0.3804,1366,1073,1464,1267,19012,1
5458,272.811,18,Bottle,0.6451,144,567,182,647,3040,8410
5458,272.811,18,Bottle,0.3462,63,479,93,510,930,8410
5459,272.869,18,Bottle,0.6362,144,566,182,648,3116,8410
5459,272.869,18,Bottle,0.4281,63,479,93,510,930,8410
5459,272.869,18,knife,0.3760,1360,1075,1468,1274,21492,1
5459,272.869,18,Bottle,0.2825,2488,656,2527,692,1404,
5460,272.911,18,Bottle,0.6486,144,567,182,648,3078,
5460,272.911,18,Bottle,0.4632,63,479,95,510,992,8410
5460,272.911,18,knife,0.3824,1359,1077,1465,1262,19610,1
5461,272.981,18,Bottle,0.6138,144,568,181,647,2923,
5461,272.981,18,knife,0.4542,1353,1075,1465,1266,21392,1
5461,272.981,18,Bottle,0.2664,255,497,295,582,3400,
5462,273.023,18,Bottle,0.6031,144,567,181,647,2960,
5462,273.023,18,knife,0.4166,1353,1074,1465,1266,21504,1
5462,273.023,18,Bottle,0.2750,255,496,295,581,3400,
5463,273.070,18,Bottle,0.6227,144,568,181,647,2923,
5463,273.070,18,knife,0.4168,1353,1074,1465,1266,21504,1
5463,273.070,18,Bottle,0.2516,255,499,295,582,3320,
5464,273.112,18,Bottle,0.7208,35,411,44,434,207,12583
5464,273.112,18,Bottle,0.6242,144,566,182,647,3078,
5464,273.112,18,knife,0.2795,1353,1075,1464,1265,21090,1
5465,273.170,18,Bottle,0.7177,39,414,48,437,207,12583
5465,273.170,18,Bottle,0.6810,15,403,27,432,348,12583
5465,273.170,18,Bottle,0.5777,144,566,181,646,2960,
5465,273.170,18,knife,0.4888,1355,1074,1462,1264,20330,1
5465,273.170,18,Cigarette,0.2515,124,437,156,467,960,8410
5466,273.210,18,Bottle,0.6127,145,566,182,646,2960,
5466,273.210,18,Bottle,0.5810,39,416,52,438,286,12583
5466,273.210,18,knife,0.4941,1353,1073,1463,1264,21010,1
5466,273.210,18,Bottle,0.4421,17,401,27,426,250,12583
5466,273.210,18,Bottle,0.3269,61,478,95,511,1122,8410
5466,273.210,18,Cigarette,0.3039,123,434,156,466,1056,8410
5467,273.270,18,Bottle,0.6121,145,566,182,646,2960,
5467,273.270,18,Bottle,0.4413,20,399,28,424,200,12583
5467,273.270,18,Bottle,0.3854,61,478,95,511,1122,8410
5467,273.270,18,Cigarette,0.3599,1490,262,1514,280,432,
5467,273.270,18,knife,0.3295,1353,1075,1462,1265,20710,1
5468,273.311,18,Bottle,0.6181,144,567,181,647,2960,
5468,273.311,18,Cigarette,0.4533,1454,258,1478,283,600,
5469,273.369,18,Bottle,0.6523,143,566,181,647,3078,
5470,273.411,18,Bottle,0.6484,143,566,181,647,3078,
5470,273.411,18,Bottle,0.3380,62,479,95,511,1056,8410
5470,273.411,18,Cigarette,0.3080,1383,243,1408,263,500,
5470,273.411,18,knife,0.2652,1360,1079,1460,1261,18200,1
5471,273.469,18,Bottle,0.6588,143,565,181,647,3116,
5471,273.469,18,Bottle,0.4951,62,478,95,511,1089,8410
5472,273.511,18,Bottle,0.7128,62,478,96,510,1088,8410
5472,273.511,18,Bottle,0.6552,143,565,181,647,3116,
5472,273.511,18,Bottle,0.4077,58,421,71,446,325,8410
5473,273.569,18,Bottle,0.5957,144,568,181,648,2960,
5473,273.569,18,Bottle,0.5078,62,478,95,510,1056,8410
5474,273.611,18,Bottle,0.5743,144,568,181,648,2960,
5474,273.611,18,Bottle,0.4647,62,478,94,510,1024,8410
5474,273.611,18,Bottle,0.4040,63,427,80,445,306,8410
5474,273.611,18,knife,0.3128,1357,1080,1460,1262,18746,1
5474,273.611,18,Bottle,0.3096,55,410,79,445,840,8410
5474,273.611,18,Bottle,0.2801,99,471,131,508,1184,8410
5475,273.670,18,Bottle,0.6343,144,567,181,647,2960,
5475,273.670,18,Bottle,0.5886,62,478,93,510,992,8410
5475,273.670,18,knife,0.3792,1357,1078,1461,1261,19032,1
5476,273.710,18,Bottle,0.6176,144,567,181,647,2960,
5476,273.710,18,Cigarette,0.2991,123,438,155,466,896,
5476,273.710,18,knife,0.2582,1357,1079,1461,1261,18928,1
5477,273.770,18,Bottle,0.7851,63,477,95,510,1056,8410
5477,273.770,18,Bottle,0.6051,144,568,181,647,2923,8410
5478,273.811,18,Bottle,0.8351,83,329,95,350,252,12583
5478,273.811,18,Bottle,0.6748,63,478,94,510,992,8410
5478,273.811,18,Bottle,0.6145,144,568,181,648,2960,
5479,273.870,18,Bottle,0.6164,144,567,181,648,2997,
5479,273.870,18,Bottle,0.5798,63,479,94,510,961,8410
5479,273.870,18,Bottle,0.4666,67,422,79,449,324,8410
5480,273.911,18,Bottle,0.5973,63,478,94,510,992,8410
5480,273.911,18,Bottle,0.5957,144,568,181,648,2960,
5480,273.911,18,Cigarette,0.2725,125,439,154,465,754,8410
5481,273.969,18,Bottle,0.5467,145,572,180,647,2625,
5481,273.969,18,Cigarette,0.3309,125,439,153,464,700,8410
5481,273.969,18,Bottle,0.2599,69,419,79,445,260,8410
5482,274.011,18,Bottle,0.4889,145,572,180,647,2625,
5483,274.070,18,Bottle,0.5438,145,573,180,647,2590,
5483,274.070,18,Cigarette,0.3567,121,435,156,464,1015,
5484,274.111,18,Bottle,0.5606,145,572,181,647,2700,8410
5484,274.111,18,Cigarette,0.4215,124,439,153,464,725,8410
5485,274.170,18,Bottle,0.4884,145,572,180,647,2625,
5485,274.170,18,Cigarette,0.3005,124,439,153,464,725,8410
5486,274.211,18,Bottle,0.5694,145,570,180,647,2695,
5486,274.211,18,Cigarette,0.3395,123,438,153,464,780,
5487,274.272,18,Bottle,0.5649,145,570,180,647,2695,
5487,274.272,18,Cigarette,0.3871,124,439,153,464,725,
5487,274.272,18,Bottle,0.3236,122,334,133,364,330,12583
5488,274.311,18,Bottle,0.5694,145,571,180,647,2660,
5488,274.311,18,Cigarette,0.2564,124,438,153,464,754,
5489,274.370,18,Bottle,0.5937,144,570,180,647,2772,
5490,274.411,18,Bottle,0.6162,145,570,181,647,2772,
5490,274.411,18,Cigarette,0.3222,125,439,154,465,754,
5491,274.469,18,Bottle,0.6231,145,570,181,647,2772,
5491,274.469,18,Cigarette,0.4017,124,439,154,466,810,
5492,274.511,18,Bottle,0.6270,145,570,181,647,2772,
5492,274.511,18,Cigarette,0.3043,126,439,153,465,702,
5493,274.569,18,Bottle,0.6265,145,570,181,647,2772,
5494,274.611,18,Bottle,0.6116,145,570,180,647,2695,
5494,274.611,18,Bottle,0.2555,254,492,296,580,3696,
5495,274.669,18,Bottle,0.6037,145,569,180,647,2730,
5495,274.669,18,Bottle,0.2946,253,490,296,581,3913,
5496,274.711,18,Bottle,0.6345,144,568,181,647,2923,
5496,274.711,18,Bottle,0.3328,253,490,296,581,3913,
5497,274.771,18,Bottle,0.6292,144,569,181,647,2886,8410
5497,274.771,18,Bottle,0.3745,1425,417,1470,483,2970,
5497,274.771,18,Bottle,0.3571,104,408,134,439,930,8410
5497,274.771,18,Bottle,0.3552,254,490,296,581,3822,
5497,274.771,18,Bottle,0.3019,66,471,95,512,1189,8410
5498,274.811,18,Bottle,0.6373,145,570,180,647,2695,8410
5498,274.811,18,Bottle,0.3817,254,490,296,581,3822,
5499,274.870,18,Bottle,0.6317,145,570,180,647,2695,8410
5499,274.870,18,Bottle,0.3955,254,490,296,581,3822,
5499,274.870,18,Bottle,0.3777,63,476,95,510,1088,8410
5500,274.911,18,Bottle,0.6468,144,569,181,647,2886,
5500,274.911,18,Bottle,0.5642,188,305,199,318,143,12583
5500,274.911,18,Bottle,0.4125,254,492,296,581,3738,
5501,274.970,18,Bottle,0.6588,144,566,182,647,3078,
5501,274.970,18,Bottle,0.4474,254,491,295,579,3608,
5501,274.970,18,knife,0.4077,1361,1075,1464,1261,19158,1
5501,274.970,18,Bottle,0.3898,190,301,212,325,528,12583
5501,274.970,18,Cigarette,0.3184,1169,532,1181,548,192,12715
5502,275.020,18,Bottle,0.6184,144,567,181,647,2960,
5502,275.020,18,Bottle,0.4436,254,490,295,579,3649,
5502,275.020,18,Bottle,0.3081,200,472,215,488,240,12583
5502,275.020,18,Bottle,0.2952,193,345,209,367,352,12583
5502,275.020,18,knife,0.2846,1288,1372,1308,1427,1100,3
5502,275.020,18,knife,0.2614,1361,1076,1464,1260,18952,1
5503,275.063,18,Bottle,0.5924,145,568,181,648,2880,
5503,275.063,18,knife,0.3790,1288,1372,1308,1427,1100,3
5503,275.063,18,Cigarette,0.3624,2198,644,2237,695,1989,
5503,275.063,18,Bottle,0.3432,254,491,295,580,3649,
5503,275.063,18,knife,0.3093,1359,1077,1464,1260,19215,1
5504,275.121,18,Bottle,0.5881,145,567,181,647,2880,
5504,275.121,18,knife,0.3745,1360,1076,1464,1260,19136,1
5504,275.121,18,Bottle,0.3029,254,493,295,580,3567,
5505,275.161,18,Bottle,0.6436,215,358,228,377,247,12583
5505,275.161,18,Bottle,0.5865,145,567,181,647,2880,
5505,275.161,18,Bottle,0.3311,254,490,295,581,3731,
5505,275.161,18,knife,0.3146,1288,1372,1308,1427,1100,3
5505,275.161,18,knife,0.3099,1360,1077,1465,1260,19215,1
5506,275.220,18,Bottle,0.5956,145,568,181,647,2844,
5506,275.220,18,Cigarette,0.3778,1256,597,1268,603,72,12715
5506,275.220,18,knife,0.3069,1288,1371,1308,1427,1120,3
5506,275.220,18,knife,0.3024,1357,1076,1465,1260,19872,1
5507,275.261,18,Bottle,0.5999,145,567,181,647,2880,
5507,275.261,18,Cigarette,0.5535,1268,672,1276,681,72,12715
5507,275.261,18,Cigarette,0.3929,1267,535,1278,542,77,12715
5507,275.261,18,knife,0.2998,1288,1372,1308,1427,1100,3
5507,275.261,18,knife,0.2810,1357,1075,1465,1256,19548,1
5507,275.261,18,Bottle,0.2698,1026,470,1062,521,1836,
5508,275.320,18,Bottle,0.5888,145,568,181,647,2844,
5508,275.320,18,knife,0.3897,1356,1076,1465,1261,20165,1
5508,275.320,18,knife,0.2775,1288,1372,1308,1427,1100,3
5508,275.320,18,Bottle,0.2704,1296,579,1318,625,1012,
5509,275.361,18,Bottle,0.6220,144,565,181,647,3034,
5509,275.361,18,knife,0.3971,1356,1074,1463,1262,20116,1
5509,275.361,18,Bottle,0.3179,1276,577,1293,616,663,12715
5509,275.361,18,Bottle,0.3115,1089,468,1129,537,2760,
5509,275.361,18,knife,0.2799,1288,1371,1308,1427,1120,3
5509,275.361,18,Bottle,0.2700,1357,496,1392,577,2835,
5510,275.421,18,Bottle,0.6708,1186,576,1237,643,3417,12715
5510,275.421,18,Bottle,0.5981,144,566,181,647,2997,
5510,275.421,18,Cigarette,0.5953,1300,623,1313,632,117,12715
5510,275.421,18,knife,0.3224,1288,1371,1308,1427,1120,3
5510,275.421,18,knife,0.3200,1356,1074,1463,1261,20009,1
5510,275.421,18,Bottle,0.2706,108,249,152,355,4664,
5511,275.461,18,Bottle,0.6420,144,565,181,647,3034,
5511,275.461,18,knife,0.4237,1356,1075,1463,1261,19902,1
5511,275.461,18,Bottle,0.3995,1170,482,1213,552,3010,
5512,275.519,18,Bottle,0.6636,144,566,181,647,2997,
5512,275.519,18,knife,0.4294,1356,1074,1464,1261,20196,1
5512,275.519,18,knife,0.3418,1288,1372,1308,1427,1100,3
5512,275.519,18,knife,0.2659,2143,681,2230,705,2088,
5513,275.561,18,Bottle,0.6527,144,565,181,647,3034,
5513,275.561,18,knife,0.4768,1357,1074,1464,1261,20009,1
5513,275.561,18,Cigarette,0.3657,1327,563,1336,588,225,12715
5514,275.620,18,Bottle,0.6551,144,565,181,647,3034,
5514,275.620,18,knife,0.4536,1357,1077,1465,1258,19548,1
5514,275.620,18,knife,0.2892,1287,1372,1308,1426,1134,3
5515,275.661,18,Bottle,0.6608,144,565,181,647,3034,
5515,275.661,18,knife,0.4114,1359,1078,1464,1256,18690,1
5515,275.661,18,Bottle,0.2676,254,494,296,581,3654,
5516,275.719,18,Bottle,0.6580,144,566,181,647,2997,
5516,275.719,18,knife,0.4227,1358,1075,1465,1255,19260,1
5516,275.719,18,Bottle,0.2527,254,494,296,582,3696,
5517,275.762,18,Bottle,0.6671,144,565,181,647,3034,
5517,275.762,18,knife,0.3932,1358,1078,1465,1255,18939,1
5518,275.822,18,Bottle,0.6594,144,565,181,647,3034,
5518,275.822,18,knife,0.5016,1358,1077,1465,1256,19153,1
5518,275.822,18,Bottle,0.3573,61,479,94,510,1023,8410
5518,275.822,18,Bottle,0.3005,1292,356,1333,392,1476,12867
5519,275.861,18,Bottle,0.6607,144,565,181,647,3034,
5519,275.861,18,knife,0.4233,1361,1078,1466,1258,18900,1
5520,275.920,18,Bottle,0.6569,144,565,181,647,3034,
5520,275.920,18,knife,0.6129,1351,519,1386,550,1085,12715
5520,275.920,18,knife,0.4804,1360,1078,1465,1259,19005,1
5520,275.920,18,Cigarette,0.2827,125,438,154,464,754,8410
5521,275.967,18,knife,0.6166,1360,1076,1465,1260,19320,1
5521,275.967,18,Bottle,0.5864,144,563,182,648,3230,
5521,275.967,18,Cigarette,0.4600,125,438,153,464,728,8410
5521,275.967,18,Cigarette,0.3195,1401,1028,1422,1037,189,1
5522,276.020,18,knife,0.6127,1359,1076,1465,1260,19504,1
5522,276.020,18,Bottle,0.5726,144,563,181,647,3108,
5522,276.020,18,Cigarette,0.4060,125,438,154,464,754,8410
5522,276.020,18,Cigarette,0.3369,1401,1027,1422,1037,210,1
5523,276.061,18,knife,0.5907,1361,1073,1465,1260,19448,1
5523,276.061,18,Bottle,0.5680,144,562,181,647,3145,
5523,276.061,18,Cigarette,0.4124,125,438,153,464,728,8410
5524,276.119,18,Bottle,0.5739,144,563,181,647,3108,
5524,276.119,18,knife,0.5518,1361,1074,1465,1259,19240,1
5524,276.119,18,Cigarette,0.4950,125,438,153,464,728,8410
5525,276.162,18,Bottle,0.5946,144,563,181,647,3108,
5525,276.162,18,Cigarette,0.4003,125,438,153,464,728,8410
5525,276.162,18,knife,0.3708,1360,1077,1467,1258,19367,1
5526,276.221,18,Bottle,0.5772,144,563,181,647,3108,
5526,276.221,18,knife,0.3560,1356,1074,1466,1261,20570,1
5526,276.221,18,Cigarette,0.3357,124,438,153,464,754,8410
5527,276.261,18,Bottle,0.5900,144,563,182,648,3230,
5527,276.261,18,Cigarette,0.4183,124,439,153,464,725,8410
5527,276.261,18,knife,0.3508,1355,1082,1462,1256,18618,1
5527,276.261,18,Cigarette,0.2991,1521,707,1542,728,441,12715
5528,276.320,18,Bottle,0.6011,144,563,182,648,3230,
5528,276.320,18,knife,0.4485,1354,1090,1460,1254,17384,1
5528,276.320,18,Cigarette,0.3736,124,438,153,464,754,8410
5528,276.320,18,Bottle,0.3492,1790,620,1803,672,676,12943
5529,276.361,18,Bottle,0.5974,144,564,182,648,3192,
5529,276.361,18,Bottle,0.4295,655,224,670,246,330,12754
5529,276.361,18,Cigarette,0.3853,124,438,153,464,754,8410
5529,276.361,18,Bottle,0.3626,669,181,689,200,380,12754
5530,276.420,18,Bottle,0.6102,144,564,182,648,3192,
5530,276.420,18,Bottle,0.5146,652,224,670,250,468,12754
5530,276.420,18,Cigarette,0.3761,125,438,153,464,728,8410
5531,276.461,18,Bottle,0.5981,144,564,182,648,3192,
5531,276.461,18,Cigarette,0.5047,125,438,153,464,728,8410
5531,276.461,18,Bottle,0.2528,1995,489,2027,523,1088,12950
5532,276.520,18,Bottle,0.6163,144,565,182,648,3154,
5532,276.520,18,Cigarette,0.5005,124,438,153,465,783,8410
5532,276.520,18,Bottle,0.2844,60,478,95,511,1155,8410
5533,276.560,18,Bottle,0.5968,144,564,181,648,3108,
5533,276.560,18,Cigarette,0.5295,124,439,153,465,754,8410
5533,276.560,18,Bottle,0.2630,60,478,95,511,1155,8410
5534,276.620,18,Bottle,0.6097,144,564,181,648,3108,
5534,276.620,18,Cigarette,0.4532,124,438,153,465,783,8410
5534,276.620,18,Bottle,0.4251,1550,602,1615,788,12090,12715
5535,276.661,18,Bottle,0.5920,144,564,182,648,3192,
5535,276.661,18,Cigarette,0.4068,125,438,154,465,783,8410
5536,276.723,18,Bottle,0.5948,144,563,182,648,3230,
5537,276.761,18,Bottle,0.6424,144,563,182,648,3230,
5537,276.761,18,Bottle,0.2812,254,490,296,581,3822,
5538,276.820,18,Bottle,0.6117,143,563,182,648,3315,
5539,276.861,18,Bottle,0.6035,144,563,181,647,3108,
5540,276.921,18,Bottle,0.5755,144,564,182,647,3154,
5541,276.967,18,Bottle,0.6547,62,479,95,511,1056,8410
5541,276.967,18,Bottle,0.6360,143,562,181,647,3230,
5542,277.020,18,Bottle,0.6606,143,563,181,647,3192,
5542,277.020,18,Bottle,0.6555,62,479,94,511,1024,8410
5543,277.060,18,Bottle,0.6729,62,479,95,511,1056,8410
5543,277.060,18,Bottle,0.6536,143,562,182,647,3315,
5543,277.060,18,Bottle,0.4642,1592,846,1603,894,528,12715
5544,277.121,18,Bottle,0.6732,62,479,95,511,1056,8410
5544,277.121,18,Bottle,0.6392,143,562,181,647,3230,
5544,277.121,18,Cigarette,0.3852,125,439,152,466,729,8410
5545,277.161,18,Bottle,0.6904,62,479,95,511,1056,8410
5545,277.161,18,Bottle,0.6456,143,561,181,647,3268,
5545,277.161,18,Cigarette,0.3454,125,439,152,466,729,8410
5546,277.219,18,Bottle,0.6922,62,479,95,511,1056,8410
5546,277.219,18,Bottle,0.6289,143,560,182,647,3393,
5547,277.261,18,Bottle,0.6883,62,479,95,511,1056,8410
5547,277.261,18,Bottle,0.6133,143,560,181,647,3306,
5548,277.319,18,Bottle,0.6880,62,479,95,511,1056,8410
5548,277.319,18,Bottle,0.6313,142,560,181,647,3393,
5549,277.361,18,Cigarette,0.7038,1829,785,1845,801,256,12715
5549,277.361,18,Bottle,0.6711,62,478,95,511,1089,8410
5549,277.361,18,Bottle,0.6240,143,561,181,647,3268,
5550,277.421,18,Bottle,0.6595,62,478,95,511,1089,8410
5550,277.421,18,Bottle,0.6372,143,561,181,647,3268,
5550,277.421,18,Cigarette,0.3825,1840,793,1849,804,99,12715
5551,277.460,18,Bottle,0.6374,142,561,181,647,3354,
5551,277.460,18,Bottle,0.3497,1876,689,1896,766,1540,12715
5552,277.521,18,Bottle,0.7357,62,478,95,511,1089,8410
5552,277.521,18,Bottle,0.6367,142,562,181,647,3315,
5553,277.561,18,Bottle,0.7356,62,478,95,511,1089,8410
5553,277.561,18,Bottle,0.6258,142,561,181,647,3354,
5553,277.561,18,Bottle,0.4581,1882,732,1915,787,1815,12715
5554,277.621,18,Bottle,0.6837,62,478,95,511,1089,8410
5554,277.621,18,Bottle,0.6196,142,562,181,647,3315,
5555,277.660,18,Bottle,0.6862,62,478,94,511,1056,8410
5555,277.660,18,Bottle,0.6146,142,563,181,647,3276,
5555,277.660,18,Cigarette,0.2758,125,438,153,464,728,8410
5556,277.719,18,Bottle,0.7622,62,478,95,510,1056,8410
5556,277.719,18,Bottle,0.6241,142,562,181,647,3315,
5556,277.719,18,Bottle,0.3601,695,225,706,252,297,12754
5556,277.719,18,Bottle,0.2513,1850,654,1919,871,14973,12715
5557,277.762,18,Bottle,0.6999,62,478,95,511,1089,8410
5557,277.762,18,Bottle,0.6295,142,562,181,647,3315,
5557,277.762,18,Bottle,0.2539,696,225,705,251,234,12754
5558,277.820,18,Bottle,0.7518,61,478,95,510,1088,8410
5558,277.820,18,Bottle,0.6401,143,562,181,647,3230,
5558,277.820,18,Bottle,0.5090,683,174,695,194,240,12754
5559,277.861,18,Bottle,0.8476,62,477,96,510,1122,8410
5559,277.861,18,Bottle,0.6194,142,562,181,647,3315,
5559,277.861,18,Bottle,0.3027,683,173,695,195,264,12754
5560,277.920,18,Bottle,0.6291,143,562,181,647,3230,8410
5560,277.920,18,Bottle,0.5668,63,478,94,510,992,8410
5561,277.983,18,Bottle,0.6038,144,566,182,647,3078,
5562,278.026,18,Bottle,0.6157,144,566,182,647,3078,8410
5563,278.069,18,Bottle,0.5992,144,566,182,647,3078,8410
5563,278.069,18,knife,0.2508,1359,1070,1476,1266,22932,1
5564,278.111,18,Bottle,0.6165,144,566,182,647,3078,
5564,278.111,18,knife,0.2666,1359,1070,1476,1267,23049,1
5565,278.170,18,Bottle,0.6100,144,565,182,647,3116,
5565,278.170,18,Bottle,0.3036,255,495,296,581,3526,
5566,278.211,18,Bottle,0.5965,145,566,182,647,2997,
5566,278.211,18,knife,0.4505,1359,1069,1477,1268,23482,1
5566,278.211,18,Bottle,0.2797,255,493,295,582,3560,
5567,278.270,18,Bottle,0.6136,145,567,181,647,2880,
5567,278.270,18,knife,0.5027,1359,1067,1479,1267,24000,1
5568,278.310,18,Bottle,0.6312,145,567,181,647,2880,
5568,278.310,18,knife,0.5078,1358,1067,1479,1266,24079,1
5568,278.310,18,Bottle,0.2602,255,496,295,582,3440,
5568,278.310,18,Bottle,0.2601,61,477,94,511,1122,8410
5569,278.371,18,Bottle,0.6351,145,567,181,647,2880,
5569,278.371,18,knife,0.5577,1358,1067,1479,1268,24321,1
5569,278.371,18,Bottle,0.2602,61,477,94,512,1155,8410
5570,278.410,18,Bottle,0.6361,146,567,181,647,2800,
5570,278.410,18,knife,0.5489,1359,1067,1480,1275,25168,1
5571,278.470,18,knife,0.6083,1359,1067,1480,1278,25531,1
5571,278.470,18,Bottle,0.5985,146,567,181,647,2800,
5572,278.511,18,knife,0.5737,1360,1067,1480,1283,25920,1
5572,278.511,18,Bottle,0.5543,146,568,181,647,2765,
5573,278.570,18,Bottle,0.5788,146,565,182,646,2916,
5573,278.570,18,Bottle,0.2860,60,475,94,512,1258,8410
5573,278.570,18,knife,0.2687,1361,1071,1480,1270,23681,1
5574,278.612,18,Bottle,0.5657,146,567,181,647,2800,
5574,278.612,18,Bottle,0.4831,1098,434,1145,585,7097,13081
5574,278.612,18,knife,0.3351,1361,1069,1480,1263,23086,1
5574,278.612,18,Bottle,0.2910,60,475,94,512,1258,8410
5575,278.670,18,Bottle,0.5477,145,567,181,647,2880,
5575,278.670,18,knife,0.4215,1362,1073,1480,1260,22066,1
5575,278.670,18,Bottle,0.2794,1130,548,1147,582,578,13081
5575,278.670,18,Bottle,0.2630,60,475,94,512,1258,8410
5576,278.711,18,Bottle,0.5326,145,566,181,647,2916,
5576,278.711,18,Bottle,0.4008,60,476,94,512,1224,8410
5577,278.769,18,Bottle,0.5413,144,565,181,647,3034,
5577,278.769,18,Bottle,0.4495,1026,482,1065,552,2730,
5578,278.810,18,Bottle,0.5793,145,566,181,646,2880,
5578,278.810,18,Bottle,0.5620,1044,482,1094,556,3700,
5578,278.810,18,Cigarette,0.2656,125,440,152,465,675,8410
5579,278.870,18,Bottle,0.4927,145,566,181,646,2880,
5579,278.870,18,Cigarette,0.2752,125,439,152,465,702,8410
5580,278.911,18,Bottle,0.5314,144,566,181,647,2997,
5580,278.911,18,Cigarette,0.3207,125,439,151,465,676,8410
5581,278.969,18,Bottle,0.6338,143,561,181,647,3268,
5581,278.969,18,Cigarette,0.5577,125,438,153,465,756,8410
5581,278.969,18,Cigarette,0.5245,1224,519,1248,543,576,13081
5581,278.969,18,knife,0.3027,1364,1082,1482,1267,21830,1
5582,279.020,18,knife,0.6273,1365,1077,1483,1264,22066,1
5582,279.020,18,Bottle,0.6269,143,561,181,647,3268,
5582,279.020,18,Cigarette,0.5382,124,438,153,465,783,8410
5582,279.020,18,Bottle,0.4571,1301,563,1316,600,555,13081
5583,279.061,18,knife,0.6684,1366,1077,1483,1261,21528,1
5583,279.061,18,Bottle,0.6237,143,560,181,647,3306,
5583,279.061,18,Cigarette,0.5490,124,438,153,465,783,8410
5583,279.061,18,Cigarette,0.4162,1278,518,1300,542,528,13081
5584,279.120,18,Bottle,0.6214,143,560,181,647,3306,
5584,279.120,18,knife,0.5873,1366,1079,1483,1262,21411,1
5584,279.120,18,Cigarette,0.5651,125,438,153,465,756,8410
5585,279.161,18,knife,0.6681,1367,1079,1484,1262,21411,1
5585,279.161,18,Bottle,0.6178,143,559,181,647,3344,
5585,279.161,18,Cigarette,0.5231,125,438,153,465,756,8410
5585,279.161,18,Bottle,0.4377,1225,547,1254,572,725,13106
5586,279.220,18,Bottle,0.6182,143,559,181,647,3344,
5586,279.220,18,knife,0.5643,1367,1081,1483,1262,20996,1
5586,279.220,18,Cigarette,0.5078,125,438,153,465,756,8410
5587,279.261,18,Bottle,0.6167,143,559,181,647,3344,
5587,279.261,18,knife,0.6120,1363,1072,1478,1262,21850,1
5587,279.261,18,Cigarette,0.3716,124,438,152,465,756,8410
5587,279.261,18,Bottle,0.3344,1389,578,1422,668,2970,13081
5587,279.261,18,Cigarette,0.3207,1498,575,1514,585,160,
5587,279.261,18,Bottle,0.2711,1392,576,1424,630,1728,13081
5588,279.319,18,Bottle,0.6125,143,559,181,647,3344,
5588,279.319,18,knife,0.4471,1367,1085,1483,1261,20416,1
5588,279.319,18,Cigarette,0.3653,125,438,153,465,756,8410
5588,279.319,18,Cigarette,0.2595,1491,574,1512,585,231,
5589,279.361,18,Bottle,0.6384,143,561,181,647,3268,
5589,279.361,18,knife,0.4916,1366,1085,1483,1256,20007,1
5589,279.361,18,Cigarette,0.2739,1375,1247,1385,1258,110,1
5589,279.361,18,Bottle,0.2514,1396,578,1418,624,1012,13081
5590,279.420,18,Bottle,0.6179,143,561,181,647,3268,
5590,279.420,18,Cigarette,0.4006,1375,1247,1384,1258,99,1
5590,279.420,18,knife,0.3627,1364,1086,1483,1255,20111,1
5591,279.461,18,Cigarette,0.7928,1406,786,1417,799,143,13081
5591,279.461,18,Bottle,0.6532,143,561,181,647,3268,
5592,279.520,18,Cigarette,0.7541,1420,781,1431,791,110,13081
5592,279.520,18,Bottle,0.6590,143,562,181,647,3230,
5592,279.520,18,Bottle,0.3083,1501,619,1576,711,6900,13081
5593,279.561,18,Bottle,0.6420,143,560,181,647,3306,
5593,279.561,18,Cigarette,0.5105,1443,775,1451,783,64,13081
5594,279.620,18,Cigarette,0.6458,1565,682,1594,722,1160,13081
5594,279.620,18,Bottle,0.6274,143,561,181,647,3268,
5595,279.662,18,Bottle,0.6251,143,561,181,647,3268,
5595,279.662,18,Bottle,0.5219,698,174,710,199,300,12754
5595,279.662,18,knife,0.2684,1292,1376,1308,1426,800,3
5596,279.721,18,Bottle,0.6386,143,560,181,647,3306,
5597,279.761,18,Bottle,0.6273,143,559,181,647,3344,
5597,279.761,18,Bottle,0.3349,60,478,95,510,1120,8410
5598,279.823,18,Bottle,0.6800,1622,605,1657,664,2065,13081
5598,279.823,18,Bottle,0.6399,143,559,181,647,3344,
5598,279.823,18,Bottle,0.3933,671,178,689,198,360,12754
5598,279.823,18,Bottle,0.3058,693,220,703,250,300,12754
5599,279.861,18,Bottle,0.6443,143,559,181,647,3344,
5599,279.861,18,Bottle,0.2725,1668,552,1713,588,1620,13081
5600,279.920,18,Bottle,0.6392,143,559,181,647,3344,
5600,279.920,18,Bottle,0.4513,1600,830,1620,896,1320,13081
5601,279.981,18,Bottle,0.5982,144,565,181,647,3034,
5602,280.016,18,Bottle,0.6213,144,566,181,647,2997,
5603,280.070,18,Bottle,0.5988,144,566,181,647,2997,
5604,280.111,18,Bottle,0.6115,144,566,181,647,2997,
5605,280.171,18,Bottle,0.6263,144,566,181,647,2997,
5605,280.171,18,Bottle,0.2737,670,175,689,197,418,12754
5606,280.211,18,Bottle,0.6306,144,566,181,647,2997,
5606,280.211,18,Bottle,0.2912,656,220,673,248,476,12754
5606,280.211,18,Bottle,0.2710,660,186,673,212,338,12754
5607,280.270,18,Cigarette,0.7639,1782,884,1792,896,120,13081
5607,280.270,18,Bottle,0.6280,144,566,181,647,2997,
5608,280.311,18,Cigarette,0.8146,1803,877,1809,886,54,13081
5608,280.311,18,Bottle,0.6121,144,566,181,647,2997,
5608,280.311,18,Bottle,0.2602,652,221,673,251,630,12754
5609,280.370,18,Bottle,0.5870,144,566,181,647,2997,
5609,280.370,18,Cigarette,0.5316,1825,873,1833,881,64,13081
5610,280.411,18,Bottle,0.5759,144,565,181,647,3034,
5610,280.411,18,Cigarette,0.3548,1983,757,1987,770,52,13081
5611,280.469,18,Bottle,0.5787,144,565,181,647,3034,
5611,280.469,18,Bottle,0.2798,61,478,95,511,1122,8410
5612,280.511,18,Bottle,0.5609,144,565,181,647,3034,
5612,280.511,18,Bottle,0.3015,284,262,303,269,133,13122
5613,280.570,18,Bottle,0.5541,144,565,181,647,3034,
5614,280.611,18,Bottle,0.5347,144,564,181,647,3071,
5615,280.670,18,Bottle,0.5421,144,564,181,647,3071,
5616,280.712,18,Bottle,0.5000,144,564,181,647,3071,
5617,280.770,18,Bottle,0.4941,144,564,181,647,3071,
5618,280.810,18,Bottle,0.4920,144,564,181,647,3071,
5619,280.870,18,Bottle,0.4833,144,564,181,647,3071,
5619,280.870,18,Cigarette,0.2757,124,439,152,464,700,8410
5620,280.913,18,Bottle,0.5105,1489,442,1533,486,1936,13170
5620,280.913,18,Bottle,0.4692,144,564,181,647,3071,
5620,280.913,18,Bottle,0.2637,61,478,95,511,1122,8410
5621,280.982,18,Bottle,0.5326,672,177,685,194,221,12754
5621,280.982,18,Bottle,0.4736,62,479,95,512,1089,8410
5621,280.982,18,Bottle,0.4510,144,561,181,647,3182,
5621,280.982,18,Cigarette,0.3925,124,439,152,466,756,8410
5621,280.982,18,Bottle,0.3761,1479,445,1530,480,1785,13170
5621,280.982,18,Bottle,0.2905,1221,1412,1238,1440,476,3
5622,281.020,18,Bottle,0.5760,62,479,95,512,1089,8410
5622,281.020,18,Bottle,0.4590,144,562,181,647,3145,
5622,281.020,18,Cigarette,0.3866,124,439,152,466,756,8410
5623,281.061,18,Bottle,0.6139,62,479,95,512,1089,8410
5623,281.061,18,Bottle,0.4843,672,176,685,195,247,12754
5623,281.061,18,Bottle,0.4428,144,561,181,647,3182,
5623,281.061,18,Cigarette,0.4010,124,439,152,466,756,8410
5624,281.120,18,Bottle,0.5635,62,479,95,512,1089,8410
5624,281.120,18,Bottle,0.4315,144,561,181,647,3182,
5624,281.120,18,Cigarette,0.4165,124,439,152,466,756,8410
5625,281.162,18,Bottle,0.5822,62,479,95,512,1089,8410
5625,281.162,18,Bottle,0.4235,144,561,181,647,3182,
5625,281.162,18,Cigarette,0.4199,124,439,152,466,756,8410
5625,281.162,18,Bottle,0.3686,673,176,683,195,190,12754
5626,281.220,18,Bottle,0.6329,672,177,683,195,198,12754
5626,281.220,18,Bottle,0.5786,62,479,95,512,1089,8410
5626,281.220,18,Cigarette,0.4252,124,439,152,466,756,8410
5626,281.220,18,Bottle,0.4068,144,562,181,647,3145,
5626,281.220,18,knife,0.3707,1292,1377,1307,1425,720,3
5627,281.261,18,Bottle,0.5904,62,479,95,512,1089,8410
5627,281.261,18,Cigarette,0.4504,124,439,152,466,756,8410
5627,281.261,18,Bottle,0.3997,144,562,181,647,3145,
5628,281.320,18,Bottle,0.5342,62,479,95,512,1089,8410
5628,281.320,18,Cigarette,0.4567,124,439,152,465,728,8410
5628,281.320,18,Bottle,0.3842,144,563,181,647,3108,
5629,281.361,18,Bottle,0.5324,62,479,95,512,1089,8410
5629,281.361,18,Cigarette,0.4541,124,439,152,465,728,8410
5629,281.361,18,Bottle,0.3780,673,177,685,194,204,12754
5629,281.361,18,Bottle,0.3742,144,562,181,647,3145,
5630,281.420,18,Bottle,0.7137,749,334,758,359,225,13273
5630,281.420,18,Bottle,0.5152,62,479,95,512,1089,8410
5630,281.420,18,Cigarette,0.4325,125,439,152,465,702,8410
5630,281.420,18,Bottle,0.3647,144,562,181,647,3145,
5630,281.420,18,Bottle,0.2533,700,330,706,361,186,13273
5631,281.465,18,Bottle,0.5262,62,479,95,512,1089,8410
5631,281.465,18,Bottle,0.4842,1968,680,1982,714,476,13170
5631,281.465,18,Cigarette,0.4288,124,439,152,466,756,8410
5631,281.465,18,Bottle,0.3570,144,562,181,647,3145,
5631,281.465,18,knife,0.3339,1291,1377,1310,1440,1197,3
5632,281.520,18,Bottle,0.4775,755,342,764,362,180,13273
5632,281.520,18,Bottle,0.4647,62,478,95,512,1122,8410
5632,281.520,18,Cigarette,0.4616,124,439,152,466,756,8410
5632,281.520,18,knife,0.3950,1290,1377,1311,1440,1323,3
5632,281.520,18,Bottle,0.3554,144,563,181,647,3108,
5633,281.560,18,Bottle,0.4651,62,478,95,512,1122,8410
5633,281.560,18,Cigarette,0.4604,124,439,152,466,756,8410
5633,281.560,18,knife,0.4168,1290,1377,1311,1440,1323,3
5633,281.560,18,Bottle,0.3883,144,562,181,647,3145,
5634,281.619,18,Cigarette,0.4669,124,439,152,466,756,8410
5634,281.619,18,Bottle,0.3923,144,562,181,647,3145,
5634,281.619,18,knife,0.3804,1291,1377,1311,1440,1260,3
5635,281.660,18,Cigarette,0.4678,124,439,152,466,756,8410
5635,281.660,18,knife,0.4179,1291,1377,1312,1440,1323,3
5635,281.660,18,Bottle,0.3931,144,562,181,647,3145,
5636,281.721,18,Cigarette,0.4821,124,439,152,466,756,8410
5636,281.721,18,knife,0.4086,1292,1376,1311,1440,1216,3
5636,281.721,18,Bottle,0.3956,144,562,181,647,3145,
5636,281.721,18,Bottle,0.2529,2041,724,2068,762,1026,13251
5637,281.761,18,knife,0.6065,2078,615,2112,659,1496,13251
5637,281.761,18,Cigarette,0.4877,124,439,152,466,756,8410
5637,281.761,18,Cigarette,0.4346,1401,1028,1417,1035,112,1
5637,281.761,18,Bottle,0.3946,144,563,181,647,3108,
5637,281.761,18,knife,0.3746,1291,1376,1312,1440,1344,3
5637,281.761,18,Cigarette,0.3420,2099,600,2114,615,225,13251
5637,281.761,18,Bottle,0.2510,62,478,95,511,1089,8410
5638,281.820,18,Bottle,0.5508,996,370,1006,398,280,13273
5638,281.820,18,Cigarette,0.4531,124,439,152,466,756,8410
5638,281.820,18,Bottle,0.4092,144,563,181,647,3108,
5638,281.820,18,knife,0.3474,1291,1377,1311,1440,1260,3
5639,281.861,18,Cigarette,0.4661,124,439,152,466,756,8410
5639,281.861,18,Bottle,0.4020,145,563,181,647,3024,
5639,281.861,18,Bottle,0.2953,1041,486,1089,550,3072,
5639,281.861,18,Cigarette,0.2570,1393,1025,1422,1038,377,1
5640,281.920,18,Cigarette,0.4565,124,439,152,466,756,8410
5640,281.920,18,Bottle,0.3886,145,563,181,647,3024,
5640,281.920,18,Cigarette,0.2528,1393,1025,1423,1038,390,1
5641,281.993,18,Bottle,0.6288,62,479,95,511,1056,8410
5641,281.993,18,Cigarette,0.5431,124,439,152,465,728,8410
5641,281.993,18,Bottle,0.4705,143,563,181,647,3192,
5642,282.043,18,Bottle,0.7355,63,479,95,511,1024,8410
5642,282.043,18,Cigarette,0.5395,124,439,152,465,728,8410
5642,282.043,18,Bottle,0.4761,143,563,181,647,3192,
5643,282.070,18,Bottle,0.7367,63,479,95,511,1024,8410
5643,282.070,18,Cigarette,0.5351,124,439,152,465,728,8410
5643,282.070,18,Bottle,0.4637,143,563,181,647,3192,
5644,282.111,18,Bottle,0.7247,63,479,95,511,1024,8410
5644,282.111,18,Cigarette,0.4921,124,439,152,465,728,8410
5644,282.111,18,Bottle,0.4689,143,563,181,647,3192,
5645,282.170,18,Bottle,0.7361,63,479,95,511,1024,8410
5645,282.170,18,Cigarette,0.4951,124,439,152,465,728,8410
5645,282.170,18,Bottle,0.4767,143,563,181,647,3192,
5646,282.211,18,Bottle,0.7134,63,479,95,511,1024,8410
5646,282.211,18,Bottle,0.5144,2011,577,2070,666,5251,
5646,282.211,18,Cigarette,0.4888,124,439,152,465,728,8410
5646,282.211,18,Bottle,0.4805,143,563,181,647,3192,
5647,282.270,18,Bottle,0.7130,63,479,95,511,1024,8410
5647,282.270,18,Cigarette,0.5100,124,439,152,466,756,8410
5647,282.270,18,Bottle,0.4868,143,563,181,647,3192,
5648,282.311,18,Bottle,0.6228,62,479,95,511,1056,8410
5648,282.311,18,Cigarette,0.5234,124,439,152,466,756,8410
5648,282.311,18,Bottle,0.4825,143,563,181,647,3192,
5649,282.370,18,Bottle,0.7098,62,479,95,511,1056,8410
5649,282.370,18,Cigarette,0.5321,124,439,152,466,756,8410
5649,282.370,18,Bottle,0.4896,143,563,181,647,3192,
5650,282.411,18,Bottle,0.7185,62,479,95,511,1056,8410
5650,282.411,18,Cigarette,0.5274,124,439,152,466,756,8410
5650,282.411,18,Bottle,0.4922,143,563,181,647,3192,
5651,282.470,18,Bottle,0.7221,62,478,96,511,1122,8410
5651,282.470,18,Cigarette,0.5181,124,439,152,466,756,8410
5651,282.470,18,Bottle,0.4892,143,563,181,647,3192,
5652,282.511,18,Bottle,0.7474,62,479,95,511,1056,8410
5652,282.511,18,Cigarette,0.5261,124,439,152,466,756,8410
5652,282.511,18,Bottle,0.4923,143,563,181,647,3192,
5653,282.570,18,Bottle,0.7077,62,478,96,511,1122,8410
5653,282.570,18,Cigarette,0.5178,124,439,152,466,756,8410
5653,282.570,18,Bottle,0.4933,143,563,181,647,3192,
5654,282.610,18,Bottle,0.6989,62,478,96,511,1122,8410
5654,282.610,18,Cigarette,0.5304,124,439,152,466,756,8410
5654,282.610,18,Bottle,0.4792,143,563,181,647,3192,
5655,282.670,18,Bottle,0.7374,62,479,95,512,1089,8410
5655,282.670,18,Cigarette,0.4947,124,439,152,466,756,8410
5655,282.670,18,Bottle,0.4796,143,563,181,647,3192,
5656,282.713,18,Bottle,0.7394,63,479,95,511,1024,8410
5656,282.713,18,Cigarette,0.5191,124,439,152,466,756,8410
5656,282.713,18,Bottle,0.4790,143,563,181,647,3192,
5657,282.770,18,Bottle,0.5964,62,479,95,511,1056,8410
5657,282.770,18,Cigarette,0.5176,124,439,152,466,756,8410
5657,282.770,18,Bottle,0.4708,143,563,181,647,3192,
5658,282.811,18,Bottle,0.6099,62,478,95,511,1089,8410
5658,282.811,18,Cigarette,0.5252,124,439,152,466,756,8410
5658,282.811,18,Bottle,0.4611,143,563,181,647,3192,
5659,282.870,18,Bottle,0.5949,62,479,95,511,1056,8410
5659,282.870,18,Cigarette,0.5154,124,439,152,466,756,8410
5659,282.870,18,Bottle,0.4624,143,563,181,647,3192,
5660,282.911,18,Bottle,0.6007,62,479,95,511,1056,8410
5660,282.911,18,Cigarette,0.5146,124,439,152,466,756,8410
5660,282.911,18,Bottle,0.4635,143,563,181,647,3192,
5661,282.984,18,Bottle,0.4285,145,564,181,647,2988,
5661,282.984,18,Cigarette,0.4127,125,439,152,466,729,8410
5662,283.030,18,Bottle,0.4319,144,564,181,647,3071,
5662,283.030,18,Cigarette,0.4299,125,439,152,466,729,8410
5663,283.070,18,Bottle,0.4387,145,563,181,647,3024,
5663,283.070,18,Cigarette,0.4185,125,439,152,466,729,8410
5664,283.110,18,Cigarette,0.4178,125,439,152,466,729,8410
5664,283.110,18,Bottle,0.4167,145,563,181,647,3024,
5665,283.170,18,Bottle,0.4408,145,563,181,647,3024,
5665,283.170,18,Cigarette,0.3910,125,438,152,466,756,8410
5666,283.212,18,Bottle,0.4449,144,563,181,647,3108,
5666,283.212,18,Cigarette,0.3927,125,439,152,466,729,8410
5667,283.270,18,Bottle,0.4935,2060,620,2082,660,880,13288
5667,283.270,18,Bottle,0.4432,144,563,181,647,3108,
5667,283.270,18,Cigarette,0.3964,125,439,152,466,729,8410
5668,283.311,18,Bottle,0.4528,144,563,181,647,3108,
5668,283.311,18,Cigarette,0.4235,125,439,152,466,729,8410
5669,283.370,18,Bottle,0.4446,144,563,181,648,3145,
5669,283.370,18,Cigarette,0.4404,125,439,152,466,729,8410
5670,283.411,18,Bottle,0.5288,1986,649,2061,785,10200,
5670,283.411,18,Bottle,0.4273,144,563,181,648,3145,
5670,283.411,18,Cigarette,0.4116,125,439,153,466,756,8410
5670,283.411,18,knife,0.3896,1357,1068,1480,1262,23862,1
5670,283.411,18,Cigarette,0.2704,1498,575,1515,586,187,
5671,283.470,18,Bottle,0.4370,144,563,181,648,3145,
5671,283.470,18,Cigarette,0.4125,125,438,153,466,784,8410
5671,283.470,18,knife,0.3690,1356,1071,1480,1261,23560,1
5671,283.470,18,Cigarette,0.2950,1498,575,1515,586,187,
5672,283.511,18,Bottle,0.4319,144,563,181,648,3145,
5672,283.511,18,Cigarette,0.4118,125,438,153,466,784,8410
5672,283.511,18,knife,0.3839,1357,1068,1478,1262,23474,1
5672,283.511,18,Cigarette,0.2957,1498,575,1515,586,187,
5673,283.569,18,Bottle,0.4382,144,563,181,648,3145,
5673,283.569,18,Cigarette,0.4105,125,438,153,466,784,8410
5673,283.569,18,knife,0.3189,1357,1065,1479,1270,25010,1
5673,283.569,18,Cigarette,0.2857,1498,575,1515,586,187,
5674,283.610,18,knife,0.6172,1358,1064,1480,1266,24644,1
5674,283.610,18,Bottle,0.4626,144,562,181,647,3145,
5674,283.610,18,Cigarette,0.4388,125,438,153,466,784,8410
5674,283.610,18,Cigarette,0.2940,1498,575,1515,586,187,
5675,283.669,18,knife,0.6636,1359,1059,1479,1272,25560,1
5675,283.669,18,Bottle,0.4718,144,562,181,647,3145,
5675,283.669,18,Cigarette,0.4505,125,438,153,466,784,8410
5675,283.669,18,Cigarette,0.2901,1498,575,1515,586,187,
5676,283.710,18,knife,0.6057,1356,1062,1479,1258,24108,1
5676,283.710,18,Bottle,0.4631,144,562,181,647,3145,
5676,283.710,18,Cigarette,0.3996,125,439,153,466,756,8410
5676,283.710,18,Cigarette,0.2803,1498,575,1515,586,187,
5677,283.770,18,knife,0.4858,1357,1063,1479,1252,23058,1
5677,283.770,18,Bottle,0.4524,144,562,181,647,3145,
5677,283.770,18,Cigarette,0.4081,125,439,153,466,756,8410
5677,283.770,18,Cigarette,0.2674,1497,575,1516,586,209,
5678,283.810,18,Bottle,0.4407,144,562,181,647,3145,
5678,283.810,18,Cigarette,0.4057,125,439,153,466,756,8410
5678,283.810,18,knife,0.3657,1358,1064,1480,1251,22814,1
5678,283.810,18,Cigarette,0.2876,1497,575,1516,586,209,
5679,283.870,18,Bottle,0.4870,144,562,181,647,3145,
5679,283.870,18,Cigarette,0.4692,125,439,153,466,756,8410
5679,283.870,18,knife,0.3611,1358,1064,1481,1252,23124,1
5679,283.870,18,Cigarette,0.2872,1497,575,1516,586,209,
5680,283.911,18,Bottle,0.4927,144,562,181,647,3145,
5680,283.911,18,Cigarette,0.4571,125,439,152,466,729,8410
5680,283.911,18,Cigarette,0.3106,1497,575,1516,585,190,
5681,283.993,18,Cigarette,0.5809,124,439,152,466,756,8410
5681,283.993,18,Bottle,0.4787,145,563,182,648,3145,
5681,283.993,18,Cigarette,0.2900,1498,575,1515,585,170,
5681,283.993,18,Bottle,0.2774,61,478,95,511,1122,8410
5682,284.047,18,Cigarette,0.5606,124,439,152,466,756,8410
5682,284.047,18,Bottle,0.4815,144,562,182,648,3268,
5682,284.047,18,Cigarette,0.2859,1498,575,1515,585,170,
5683,284.070,18,Cigarette,0.5366,124,439,152,466,756,8410
5683,284.070,18,Bottle,0.4898,144,562,181,648,3182,
5683,284.070,18,Cigarette,0.2717,1498,575,1515,585,170,
5684,284.110,18,Cigarette,0.5184,124,439,152,466,756,8410
5684,284.110,18,Bottle,0.4866,144,562,181,647,3145,
5684,284.110,18,Cigarette,0.2792,1498,575,1515,585,170,
5685,284.170,18,Cigarette,0.5211,124,439,152,466,756,8410
5685,284.170,18,Bottle,0.4570,144,562,181,647,3145,
5685,284.170,18,Cigarette,0.2677,1498,575,1515,585,170,
5686,284.210,18,Cigarette,0.5636,124,439,152,466,756,8410
5686,284.210,18,Bottle,0.4410,144,562,181,647,3145,
5686,284.210,18,knife,0.2724,1362,1060,1484,1249,23058,1
5686,284.210,18,Cigarette,0.2688,1498,575,1515,585,170,
5687,284.272,18,Cigarette,0.5315,124,439,152,466,756,8410
5687,284.272,18,Bottle,0.4037,144,563,181,648,3145,
5687,284.272,18,knife,0.3325,1363,1075,1482,1257,21658,1
5687,284.272,18,Cigarette,0.2716,1498,575,1515,585,170,
5687,284.272,18,Bottle,0.2506,61,478,95,512,1156,8410
5688,284.310,18,Cigarette,0.5338,124,439,152,466,756,8410
5688,284.310,18,knife,0.4264,1362,1075,1482,1257,21840,1
5688,284.310,18,Bottle,0.3966,145,563,181,647,3024,
5688,284.310,18,Cigarette,0.2712,1498,575,1515,585,170,
5689,284.371,18,Cigarette,0.5011,124,439,152,466,756,8410
5689,284.371,18,Bottle,0.3928,145,563,181,647,3024,
5689,284.371,18,knife,0.3791,1363,1063,1481,1254,22538,1
5689,284.371,18,Cigarette,0.2519,1498,575,1515,585,170,
5690,284.411,18,Cigarette,0.5268,124,439,152,466,756,8410
5690,284.411,18,Bottle,0.3947,145,563,181,647,3024,
5691,284.472,18,Cigarette,0.4652,124,439,152,466,756,8410
5691,284.472,18,Bottle,0.4299,145,563,181,647,3024,
5691,284.472,18,knife,0.2683,1362,1083,1479,1257,20358,1
5692,284.510,18,Cigarette,0.4891,124,439,152,466,756,8410
5692,284.510,18,knife,0.4798,1361,1078,1481,1256,21360,1
5692,284.510,18,Bottle,0.3919,144,562,181,647,3145,
5693,284.572,18,Cigarette,0.4841,124,439,152,466,756,8410
5693,284.572,18,knife,0.4627,1361,1080,1480,1254,20706,1
5693,284.572,18,Bottle,0.3924,144,562,181,647,3145,
5694,284.610,18,Cigarette,0.5262,124,439,152,466,756,8410
5694,284.610,18,knife,0.4188,1361,1081,1479,1253,20296,1
5694,284.610,18,Bottle,0.3457,145,563,181,647,3024,
5695,284.670,18,Cigarette,0.5280,124,439,152,466,756,8410
5695,284.670,18,knife,0.5276,1358,1065,1478,1251,22320,1
5695,284.670,18,Bottle,0.3431,145,563,181,647,3024,
5696,284.710,18,Cigarette,0.5265,124,439,152,466,756,8410
5696,284.710,18,knife,0.4660,1360,1067,1479,1253,22134,1
5696,284.710,18,Bottle,0.3390,145,563,181,647,3024,
5697,284.770,18,knife,0.7249,1361,1066,1479,1254,22184,1
5697,284.770,18,Cigarette,0.5177,124,439,151,467,756,8410
5697,284.770,18,Bottle,0.3530,145,563,181,647,3024,
5698,284.810,18,knife,0.6651,1361,1066,1478,1255,22113,1
5698,284.810,18,Cigarette,0.5133,124,439,152,466,756,8410
5698,284.810,18,Bottle,0.3228,145,564,181,647,2988,
5699,284.870,18,knife,0.6622,1361,1077,1472,1252,19425,1
5699,284.870,18,Cigarette,0.5278,124,439,152,466,756,8410
5699,284.870,18,Bottle,0.4739,61,477,95,511,1156,8410
5699,284.870,18,Bottle,0.3372,145,564,181,647,2988,
5700,284.910,18,knife,0.7550,1360,1072,1472,1254,20384,1
5700,284.910,18,Bottle,0.6055,61,478,95,512,1156,8410
5700,284.910,18,Cigarette,0.4022,124,439,151,466,729,8410
5700,284.910,18,Bottle,0.3044,145,564,181,647,2988,
5701,284.985,18,knife,0.7799,1361,1072,1472,1256,20424,1
5701,284.985,18,Bottle,0.3758,145,566,182,647,2997,
5701,284.985,18,Bottle,0.2911,61,477,95,512,1190,8410
5701,284.985,18,Cigarette,0.2720,1497,575,1516,586,209,
5701,284.985,18,Cigarette,0.2594,124,439,152,466,756,8410
5702,285.033,18,knife,0.7141,1360,1071,1472,1255,20608,1
5702,285.033,18,Bottle,0.3841,145,566,181,647,2916,
5702,285.033,18,Bottle,0.2852,61,477,95,512,1190,8410
5703,285.060,18,knife,0.5991,1357,1070,1475,1257,22066,1
5703,285.060,18,Bottle,0.4073,145,566,181,647,2916,
5703,285.060,18,Bottle,0.3188,61,477,95,512,1190,8410
5704,285.119,18,knife,0.6642,1358,1072,1474,1258,21576,1
5704,285.119,18,Bottle,0.4167,145,565,182,647,3034,
5705,285.160,18,knife,0.7048,1358,1072,1473,1260,21620,1
5705,285.160,18,Bottle,0.4544,145,565,182,647,3034,
5705,285.160,18,Cigarette,0.2809,123,440,158,469,1015,8410
5706,285.201,18,knife,0.5993,1357,1076,1466,1253,19293,1
5706,285.201,18,Bottle,0.4646,145,565,182,647,3034,
5707,285.261,18,Bottle,0.4809,145,565,182,647,3034,
5707,285.261,18,knife,0.3827,1357,1081,1463,1253,18232,1
5708,285.301,18,Bottle,0.5012,145,565,182,647,3034,
5708,285.301,18,knife,0.3272,1355,1077,1465,1255,19580,1
5709,285.360,18,Bottle,0.4967,145,565,182,647,3034,
5710,285.420,18,Bottle,0.5177,61,478,95,512,1156,8410
5710,285.420,18,Bottle,0.5007,145,565,181,647,2952,
5710,285.420,18,Cigarette,0.2511,1497,575,1516,585,190,
5711,285.460,18,Bottle,0.5010,61,478,95,512,1156,8410
5711,285.460,18,Bottle,0.4892,145,566,181,647,2916,
5712,285.501,18,Bottle,0.4880,145,566,181,647,2916,
5712,285.501,18,Bottle,0.4547,61,477,95,512,1190,8410
5713,285.560,18,Bottle,0.4805,145,565,181,647,2952,
5713,285.560,18,Bottle,0.4475,61,477,95,512,1190,8410
5713,285.560,18,Cigarette,0.3924,1400,1027,1421,1036,189,1
5713,285.560,18,Cigarette,0.2511,1497,575,1516,585,190,
5714,285.620,18,Bottle,0.4949,145,566,181,647,2916,
5714,285.620,18,Bottle,0.4542,61,477,95,512,1190,8410
5714,285.620,18,Cigarette,0.3287,1400,1027,1421,1036,189,1
5714,285.620,18,Cigarette,0.2591,1497,575,1516,585,190,
5715,285.661,18,Bottle,0.5037,145,566,181,647,2916,
5715,285.661,18,Bottle,0.4536,61,477,95,512,1190,8410
5715,285.661,18,Cigarette,0.2645,1400,1027,1421,1037,210,1
5715,285.661,18,Cigarette,0.2556,1497,575,1516,585,190,
5716,285.701,18,Bottle,0.4954,145,566,181,647,2916,
5716,285.701,18,Bottle,0.4401,61,478,95,512,1156,8410
5716,285.701,18,Cigarette,0.2538,1497,575,1516,585,190,
5717,285.761,18,Bottle,0.5248,145,566,181,647,2916,
5717,285.761,18,Bottle,0.4264,62,479,94,512,1056,8410
5717,285.761,18,Cigarette,0.2948,123,438,153,467,870,8410
5718,285.801,18,Bottle,0.5391,145,566,181,647,2916,
5718,285.801,18,Bottle,0.4706,63,479,94,512,1023,8410
5718,285.801,18,Bottle,0.3371,2472,665,2510,712,1786,
5718,285.801,18,Cigarette,0.3243,122,437,156,466,986,8410
5718,285.801,18,Cigarette,0.2641,1497,575,1516,585,190,
5719,285.860,18,Bottle,0.5699,145,566,181,647,2916,
5719,285.860,18,Bottle,0.5269,62,478,94,512,1088,8410
5719,285.860,18,Cigarette,0.3084,122,437,155,465,924,8410
5719,285.860,18,Cigarette,0.2576,1497,575,1516,585,190,
5720,285.921,18,Bottle,0.5667,145,566,181,647,2916,
5720,285.921,18,Bottle,0.3953,62,479,94,511,1024,8410
5720,285.921,18,Cigarette,0.2856,121,437,154,465,924,8410
5720,285.921,18,Cigarette,0.2701,1497,575,1516,586,209,
5721,285.996,18,Bottle,0.5741,145,564,182,647,3071,
5721,285.996,18,Cigarette,0.2872,1497,575,1517,586,220,
5722,286.050,18,Bottle,0.5496,145,564,182,647,3071,
5722,286.050,18,Cigarette,0.3149,124,438,153,466,812,8410
5722,286.050,18,Cigarette,0.2894,1497,575,1517,586,220,
5722,286.050,18,Cigarette,0.2589,2248,441,2269,456,315,
5723,286.055,18,Bottle,0.5534,145,565,181,647,2952,
5723,286.055,18,Cigarette,0.2853,1497,575,1517,586,220,
5723,286.055,18,Cigarette,0.2616,124,438,153,466,812,8410
5724,286.111,18,Bottle,0.5315,145,565,181,647,2952,
5724,286.111,18,Cigarette,0.2734,1497,575,1517,586,220,
5724,286.111,18,Cigarette,0.2654,122,437,156,466,986,8410
5725,286.171,18,Bottle,0.5427,145,565,181,647,2952,
5725,286.171,18,knife,0.4195,1289,1376,1307,1427,918,3
5725,286.171,18,Cigarette,0.2680,125,439,153,465,728,8410
5725,286.171,18,Cigarette,0.2559,1497,575,1517,586,220,
5726,286.210,18,knife,0.6673,1289,1374,1308,1426,988,3
5726,286.210,18,Bottle,0.4987,145,565,181,647,2952,
5726,286.210,18,Cigarette,0.2719,1497,575,1517,586,220,
5727,286.254,18,knife,0.6067,1290,1374,1308,1425,918,3
5727,286.254,18,Bottle,0.5554,145,564,181,647,2988,
5727,286.254,18,Cigarette,0.2616,1497,575,1516,586,209,
5728,286.310,18,Bottle,0.5590,145,565,181,647,2952,
5728,286.310,18,knife,0.4483,1290,1373,1309,1424,969,3
5728,286.310,18,Cigarette,0.2815,1498,575,1516,586,198,
5729,286.350,18,Bottle,0.5708,145,565,181,647,2952,
5729,286.350,18,Cigarette,0.3112,1497,575,1516,586,209,
5730,286.410,18,Bottle,0.5259,144,564,181,647,3071,
5731,286.452,18,Bottle,0.5390,144,565,181,647,3034,
5731,286.452,18,Cigarette,0.2542,1497,575,1516,586,209,
5732,286.511,18,Bottle,0.5271,144,565,181,647,3034,
5733,286.551,18,Bottle,0.5285,145,566,181,647,2916,
5733,286.551,18,Cigarette,0.2856,1498,575,1514,586,176,
5734,286.610,18,Bottle,0.5038,145,566,181,647,2916,
5735,286.651,18,Bottle,0.5367,145,566,181,647,2916,
5735,286.651,18,Bottle,0.4710,61,476,94,512,1188,8410
5736,286.710,18,Bottle,0.5538,145,565,181,647,2952,
5736,286.710,18,Bottle,0.5073,61,476,94,511,1155,8410
5737,286.751,18,Bottle,0.5387,145,565,181,647,2952,
5737,286.751,18,Bottle,0.4096,61,473,93,512,1248,8410
5738,286.811,18,Bottle,0.5474,145,566,181,647,2916,
5738,286.811,18,Bottle,0.5160,1430,470,1469,547,3003,
5738,286.811,18,Bottle,0.5089,60,472,93,511,1287,8410
5739,286.851,18,Bottle,0.5636,145,565,181,647,2952,
5739,286.851,18,Bottle,0.3850,60,472,93,512,1320,8410
5739,286.851,18,Bottle,0.3754,1411,398,1443,454,1792,
5740,286.910,18,Bottle,0.5726,145,565,181,647,2952,
5740,286.910,18,Bottle,0.2599,60,472,94,511,1326,8410
5741,286.982,18,Bottle,0.5467,146,568,181,647,2765,
5741,286.982,18,knife,0.4984,1290,1374,1307,1423,833,3
5741,286.982,18,knife,0.2751,1357,1070,1477,1258,22560,1
5742,287.023,18,Bottle,0.5703,146,568,181,647,2765,
5742,287.023,18,knife,0.3419,1357,1069,1477,1258,22680,1
5743,287.052,18,Bottle,0.5831,146,568,181,647,2765,
5743,287.052,18,knife,0.4685,1357,1068,1478,1257,22869,1
5743,287.052,18,knife,0.3217,1290,1376,1307,1424,816,3
5744,287.113,18,knife,0.5978,1289,1377,1306,1425,816,3
5744,287.113,18,Bottle,0.5792,146,568,181,647,2765,
5744,287.113,18,knife,0.5652,1357,1067,1478,1257,22990,1
5745,287.151,18,Bottle,0.6090,146,568,181,647,2765,
5745,287.151,18,knife,0.5953,1289,1378,1306,1427,833,3
5745,287.151,18,knife,0.5692,1357,1068,1479,1258,23180,1
5745,287.151,18,Cigarette,0.4037,1497,574,1514,586,204,
5746,287.210,18,knife,0.6274,1357,1069,1479,1259,23180,1
5746,287.210,18,Bottle,0.6037,146,568,181,647,2765,
5746,287.210,18,knife,0.3975,1289,1379,1306,1429,850,3
5747,287.250,18,knife,0.6410,1288,1379,1306,1429,900,3
5747,287.250,18,Bottle,0.6187,146,568,181,647,2765,
5747,287.250,18,knife,0.5860,1357,1071,1479,1258,22814,1
5748,287.310,18,Bottle,0.6202,146,567,181,647,2800,
5748,287.310,18,knife,0.6142,1289,1379,1308,1430,969,3
5748,287.310,18,knife,0.5581,1357,1072,1479,1256,22448,1
5749,287.351,18,Bottle,0.6174,146,568,181,647,2765,
5749,287.351,18,knife,0.5414,1356,1074,1478,1256,22204,1
5749,287.351,18,knife,0.3070,1289,1379,1309,1432,1060,3
5750,287.410,18,Bottle,0.6310,146,567,181,647,2800,
5750,287.410,18,knife,0.5270,1357,1073,1478,1256,22143,1
5751,287.451,18,Bottle,0.6458,146,568,182,647,2844,
5751,287.451,18,knife,0.5404,1357,1072,1478,1256,22264,1
5751,287.451,18,Bottle,0.2719,254,494,295,581,3567,
5752,287.510,18,Bottle,0.6434,146,568,182,647,2844,
5752,287.510,18,knife,0.4748,1358,1070,1479,1258,22748,1
5752,287.510,18,Cigarette,0.3216,1498,575,1515,586,187,
5752,287.510,18,Bottle,0.2749,254,494,295,581,3567,
5753,287.552,18,Bottle,0.6381,146,568,182,647,2844,8410
5753,287.552,18,knife,0.3997,1359,1068,1479,1257,22680,1
5753,287.552,18,Cigarette,0.3218,1498,575,1515,586,187,
5754,287.610,18,Bottle,0.6341,146,568,182,647,2844,
5754,287.610,18,knife,0.3920,1359,1067,1479,1259,23040,1
5754,287.610,18,Cigarette,0.2995,1498,575,1515,586,187,
5754,287.610,18,Bottle,0.2501,254,495,295,581,3526,
5755,287.651,18,Bottle,0.6196,146,569,182,647,2808,
5755,287.651,18,knife,0.4929,1359,1066,1479,1256,22800,1
5755,287.651,18,Cigarette,0.2635,1498,575,1515,586,187,
5755,287.651,18,Bottle,0.2603,254,494,295,581,3567,
5756,287.713,18,Bottle,0.6045,146,569,182,647,2808,
5756,287.713,18,knife,0.4692,1359,1064,1479,1255,22920,1
5756,287.713,18,Cigarette,0.2726,1498,575,1515,586,187,
5756,287.713,18,Bottle,0.2535,254,494,295,581,3567,
5757,287.753,18,Bottle,0.6220,146,569,182,647,2808,
5757,287.753,18,knife,0.4798,1360,1064,1479,1254,22610,1
5757,287.753,18,Bottle,0.2753,254,494,295,581,3567,
5757,287.753,18,Cigarette,0.2590,1498,575,1515,586,187,
5758,287.817,18,Bottle,0.6005,146,569,182,647,2808,
5758,287.817,18,knife,0.4781,1359,1064,1479,1253,22680,1
5758,287.817,18,Bottle,0.2635,254,493,295,581,3608,
5759,287.853,18,Bottle,0.6249,146,569,182,647,2808,
5759,287.853,18,knife,0.5066,1359,1064,1480,1252,22748,1
5759,287.853,18,Bottle,0.3061,254,494,295,581,3567,
5759,287.853,18,Cigarette,0.2637,1498,575,1515,586,187,
5760,287.910,18,Bottle,0.6180,146,569,181,647,2730,
5760,287.910,18,knife,0.5311,1359,1065,1480,1251,22506,1
5760,287.910,18,Bottle,0.3010,254,495,295,581,3526,
5760,287.910,18,Cigarette,0.2754,1498,575,1515,586,187,
5761,287.982,18,Bottle,0.6165,148,568,182,647,2686,
5761,287.982,18,knife,0.5611,1360,1064,1479,1250,22134,1
5761,287.982,18,Bottle,0.3285,61,479,93,511,1024,8410
5761,287.982,18,Bottle,0.2602,254,493,296,581,3696,
5762,288.020,18,Bottle,0.6208,147,568,182,647,2765,
5762,288.020,18,knife,0.5711,1359,1064,1479,1249,22200,1
5763,288.061,18,Bottle,0.6308,146,570,182,648,2808,
5763,288.061,18,knife,0.5342,1359,1064,1479,1249,22200,1
5763,288.061,18,Bottle,0.2839,254,493,296,580,3654,
5764,288.101,18,Bottle,0.6242,146,570,182,648,2808,
5764,288.101,18,knife,0.5540,1359,1062,1478,1250,22372,1
5765,288.161,18,Bottle,0.6333,146,570,182,648,2808,
5765,288.161,18,knife,0.5437,1359,1060,1478,1250,22610,1
5765,288.161,18,Bottle,0.2806,254,494,296,580,3612,
5766,288.201,18,knife,0.6218,1358,1062,1479,1252,22990,1
5766,288.201,18,Bottle,0.6184,147,568,182,647,2765,
5767,288.260,18,knife,0.6616,1359,1061,1478,1252,22729,1
5767,288.260,18,Bottle,0.6403,147,568,182,647,2765,
5767,288.260,18,Bottle,0.2628,254,494,296,580,3612,
5768,288.303,18,Bottle,0.6403,148,568,182,647,2686,
5768,288.303,18,knife,0.6127,1358,1061,1478,1251,22800,1
5769,288.360,18,Bottle,0.6428,148,568,182,647,2686,
5769,288.360,18,knife,0.5640,1359,1062,1478,1251,22491,1
5770,288.401,18,Bottle,0.6513,148,567,183,647,2800,
5770,288.401,18,knife,0.5917,1359,1063,1478,1252,22491,1
5770,288.401,18,Bottle,0.2747,254,494,296,580,3612,
5771,288.460,18,Bottle,0.6343,148,568,182,647,2686,
5771,288.460,18,knife,0.6103,1359,1064,1478,1253,22491,1
5771,288.460,18,Bottle,0.2500,254,493,296,581,3696,
5772,288.501,18,Bottle,0.6457,147,567,182,647,2800,
5772,288.501,18,knife,0.6059,1358,1066,1478,1254,22560,1
5772,288.501,18,Bottle,0.2779,254,493,296,580,3654,
5773,288.560,18,Bottle,0.6448,147,567,183,647,2880,
5773,288.560,18,knife,0.5496,1358,1069,1478,1253,22080,1
5773,288.560,18,Bottle,0.3077,254,492,296,581,3738,
5774,288.600,18,Bottle,0.6520,148,567,183,647,2800,
5774,288.600,18,knife,0.5206,1357,1068,1477,1252,22080,1
5774,288.600,18,Bottle,0.3252,254,493,296,580,3654,
5775,288.661,18,Bottle,0.6494,147,567,183,647,2880,
5775,288.661,18,knife,0.6186,1358,1068,1477,1253,22015,1
5775,288.661,18,Bottle,0.3365,254,491,296,581,3780,
5776,288.700,18,Bottle,0.6537,147,567,183,647,2880,
5776,288.700,18,knife,0.6269,1357,1069,1477,1253,22080,1
5776,288.700,18,Bottle,0.4093,61,479,93,511,1024,8410
5776,288.700,18,Bottle,0.3606,254,491,296,581,3780,
5777,288.760,18,Bottle,0.6540,148,567,183,647,2800,
5777,288.760,18,knife,0.5615,1289,1379,1307,1431,936,3
5777,288.760,18,knife,0.3838,1358,1069,1477,1257,22372,1
5777,288.760,18,Bottle,0.3798,255,492,296,581,3649,
5778,288.801,18,Bottle,0.6599,147,567,183,647,2880,
5778,288.801,18,Bottle,0.6431,61,479,93,511,1024,8410
5778,288.801,18,knife,0.5416,1289,1379,1307,1431,936,3
5778,288.801,18,Bottle,0.4024,254,491,296,581,3780,
5778,288.801,18,knife,0.3727,1358,1069,1477,1256,22253,1
5779,288.860,18,Bottle,0.6613,148,567,183,647,2800,
5779,288.860,18,Bottle,0.5971,686,289,699,311,286,13540
5779,288.860,18,Bottle,0.5543,62,479,93,511,992,8410
5779,288.860,18,knife,0.4117,1289,1378,1307,1430,936,3
5779,288.860,18,Bottle,0.3957,685,265,699,308,602,13540
5779,288.860,18,knife,0.3928,1356,1069,1476,1257,22560,1
5779,288.860,18,Bottle,0.3817,254,492,296,581,3738,
5780,288.902,18,Bottle,0.6573,148,567,183,647,2800,
5780,288.902,18,knife,0.6252,1289,1379,1306,1429,850,3
5780,288.902,18,Bottle,0.5242,62,479,93,511,992,8410
5780,288.902,18,Bottle,0.4145,255,493,296,581,3608,
5781,288.983,18,Bottle,0.6614,146,569,182,648,2844,
5781,288.983,18,Bottle,0.4370,254,493,295,581,3608,
5782,289.028,18,Bottle,0.6533,145,568,181,648,2880,
5782,289.028,18,Bottle,0.4385,254,493,295,581,3608,
5782,289.028,18,knife,0.3974,1289,1378,1308,1428,950,3
5783,289.051,18,Bottle,0.6537,145,568,181,648,2880,
5783,289.051,18,Bottle,0.4301,254,492,295,582,3690,
5783,289.051,18,knife,0.3521,1289,1378,1308,1428,950,3
5784,289.110,18,Bottle,0.6530,145,568,181,648,2880,
5784,289.110,18,knife,0.4916,1289,1378,1307,1428,900,3
5784,289.110,18,Bottle,0.4052,254,493,295,582,3649,
5785,289.150,18,Bottle,0.6533,146,568,181,648,2800,
5785,289.150,18,knife,0.4363,1289,1378,1307,1428,900,3
5785,289.150,18,Bottle,0.4222,254,493,295,582,3649,
5786,289.210,18,Bottle,0.6537,145,568,182,648,2960,
5786,289.210,18,knife,0.4176,1289,1378,1308,1428,950,3
5786,289.210,18,Bottle,0.3920,254,493,295,582,3649,
5787,289.250,18,Bottle,0.6554,145,568,181,648,2880,
5787,289.250,18,knife,0.5263,1289,1377,1307,1427,900,3
5787,289.250,18,Bottle,0.3852,254,493,295,582,3649,
5788,289.310,18,Bottle,0.6541,145,568,181,648,2880,
5788,289.310,18,Bottle,0.3929,254,494,295,582,3608,
5788,289.310,18,knife,0.3493,1289,1377,1307,1427,900,3
5788,289.310,18,Cigarette,0.2524,1498,575,1515,585,170,
5789,289.351,18,Bottle,0.6586,145,567,181,648,2916,
5789,289.351,18,knife,0.3919,1289,1376,1308,1427,969,3
5789,289.351,18,Bottle,0.3576,254,494,295,582,3608,
5789,289.351,18,Cigarette,0.2518,1498,575,1515,585,170,
5790,289.410,18,Bottle,0.6649,146,568,181,648,2800,
5790,289.410,18,knife,0.6156,1289,1376,1308,1427,969,3
5790,289.410,18,Bottle,0.3664,254,495,295,582,3567,
5790,289.410,18,Cigarette,0.2506,1498,575,1515,585,170,
5791,289.451,18,Bottle,0.6539,145,567,181,648,2916,
5791,289.451,18,Bottle,0.3654,254,494,295,582,3608,
5791,289.451,18,knife,0.2814,1289,1376,1308,1427,969,3
5791,289.451,18,Cigarette,0.2515,1498,575,1516,585,180,
5792,289.510,18,Bottle,0.6627,145,567,181,648,2916,
5792,289.510,18,Bottle,0.3973,254,493,295,582,3649,
5792,289.510,18,knife,0.3170,1289,1376,1308,1427,969,3
5792,289.510,18,Cigarette,0.2548,1498,575,1516,585,180,
5793,289.552,18,Bottle,0.6524,146,567,181,648,2835,
5793,289.552,18,Bottle,0.3754,254,494,295,582,3608,
5793,289.552,18,knife,0.3551,1289,1376,1309,1427,1020,3
5794,289.609,18,Bottle,0.6591,146,567,181,648,2835,
5794,289.609,18,Bottle,0.3876,254,495,295,581,3526,
5794,289.609,18,knife,0.3056,1289,1376,1309,1426,1000,3
5795,289.651,18,Bottle,0.6587,146,567,181,648,2835,
5795,289.651,18,Bottle,0.3495,254,496,295,582,3526,
5795,289.651,18,knife,0.3172,1289,1376,1309,1426,1000,3
5796,289.711,18,Bottle,0.6534,146,567,181,648,2835,
5796,289.711,18,Bottle,0.3576,254,494,295,582,3608,
5796,289.711,18,Cigarette,0.2519,1497,575,1515,585,180,
5797,289.751,18,Bottle,0.6366,146,568,181,648,2800,
5797,289.751,18,Bottle,0.4025,622,265,640,306,738,13540
5797,289.751,18,Bottle,0.3767,254,494,295,582,3608,
5798,289.810,18,Bottle,0.6207,145,567,181,648,2916,
5798,289.810,18,Bottle,0.4046,622,265,640,306,738,13540
5798,289.810,18,Bottle,0.3735,254,494,295,582,3608,
5798,289.810,18,Cigarette,0.2561,1498,575,1515,585,170,
5799,289.850,18,Bottle,0.6062,146,568,181,648,2800,
5799,289.850,18,Bottle,0.3575,254,495,296,582,3654,
5799,289.850,18,Cigarette,0.2545,1498,575,1515,585,170,
5800,289.910,18,Bottle,0.6242,146,569,181,648,2765,
5800,289.910,18,Bottle,0.5830,625,265,641,305,640,13540
5800,289.910,18,knife,0.4320,1359,1071,1479,1258,22440,1
5800,289.910,18,Bottle,0.3645,683,267,692,305,342,13540
5800,289.910,18,Bottle,0.3515,254,496,295,581,3485,
5801,289.984,18,knife,0.5920,1360,1072,1478,1258,21948,1
5801,289.984,18,Bottle,0.5657,148,569,182,646,2618,
5801,289.984,18,Bottle,0.3173,254,495,295,583,3608,
5802,290.030,18,knife,0.6252,1360,1073,1479,1260,22253,1
5802,290.030,18,Bottle,0.5676,148,569,182,646,2618,
5802,290.030,18,Bottle,0.3226,254,494,295,583,3649,
5803,290.051,18,Bottle,0.5681,148,569,182,646,2618,
5803,290.051,18,knife,0.5320,1360,1074,1478,1260,21948,1
5803,290.051,18,Cigarette,0.4197,125,437,154,466,841,8410
5803,290.051,18,Bottle,0.3233,685,267,692,302,245,13540
5803,290.051,18,Bottle,0.2742,253,494,295,583,3738,
5804,290.111,18,Bottle,0.5686,148,569,182,646,2618,
5804,290.111,18,knife,0.5337,1358,1074,1478,1257,21960,1
5804,290.111,18,Cigarette,0.4061,126,438,154,467,812,8410
5804,290.111,18,Bottle,0.2569,253,495,295,583,3696,
5805,290.154,18,Bottle,0.5995,148,569,182,646,2618,
5805,290.154,18,knife,0.5878,1359,1073,1478,1255,21658,1
5805,290.154,18,Cigarette,0.4695,126,438,154,466,784,8410
5805,290.154,18,Bottle,0.3081,254,496,295,583,3567,
5806,290.210,18,knife,0.6243,1359,1084,1481,1249,20130,1
5806,290.210,18,Bottle,0.5981,148,569,182,646,2618,
5806,290.210,18,Cigarette,0.4525,126,438,154,466,784,8410
5806,290.210,18,Bottle,0.2671,254,496,295,583,3567,
5807,290.251,18,knife,0.6284,1359,1084,1480,1252,20328,1
5807,290.251,18,Bottle,0.5805,148,569,182,646,2618,
5807,290.251,18,Cigarette,0.4969,126,438,154,467,812,8410
5807,290.251,18,Bottle,0.2785,684,266,693,302,324,13540
5807,290.251,18,Bottle,0.2769,254,495,295,583,3608,
5808,290.310,18,Bottle,0.5664,148,569,182,646,2618,
5808,290.310,18,Cigarette,0.5598,126,438,155,466,812,8410
5808,290.310,18,knife,0.4475,1361,1086,1480,1251,19635,1
5808,290.310,18,Bottle,0.2892,254,495,295,582,3567,
5808,290.310,18,Bottle,0.2734,685,266,692,302,252,13540
5809,290.352,18,Cigarette,0.6137,126,438,154,466,784,8410
5809,290.352,18,Bottle,0.5100,147,570,181,646,2584,
5809,290.352,18,knife,0.4957,1364,1085,1481,1258,20241,1
5809,290.352,18,Bottle,0.2773,254,494,295,582,3608,
5810,290.410,18,Cigarette,0.6618,125,438,154,466,812,8410
5810,290.410,18,knife,0.6297,1365,1085,1481,1258,20068,1
5810,290.410,18,Bottle,0.5139,147,570,181,646,2584,
5810,290.410,18,Bottle,0.2565,254,496,295,582,3526,
5811,290.451,18,knife,0.7725,1365,1082,1480,1258,20240,1
5811,290.451,18,Cigarette,0.6346,125,438,153,466,784,8410
5811,290.451,18,Bottle,0.5783,148,569,182,646,2618,
5811,290.451,18,Cigarette,0.4259,2536,584,2558,597,286,
5811,290.451,18,Bottle,0.2549,254,495,295,582,3567,
5812,290.510,18,knife,0.7150,1366,1083,1479,1263,20340,1
5812,290.510,18,Cigarette,0.6498,124,438,154,467,870,8410
5812,290.510,18,Bottle,0.6091,148,569,182,646,2618,
5812,290.510,18,Cigarette,0.3338,2511,580,2558,606,1222,
5813,290.550,18,knife,0.7714,1365,1062,1470,1261,20895,1
5813,290.550,18,Cigarette,0.6653,124,438,154,467,870,8410
5813,290.550,18,Bottle,0.6090,148,569,182,646,2618,
5814,290.611,18,knife,0.6777,1365,1065,1469,1262,20488,1
5814,290.611,18,Cigarette,0.6670,124,438,154,467,870,8410
5814,290.611,18,Bottle,0.5973,148,569,182,646,2618,
5814,290.611,18,Bottle,0.3884,684,265,695,305,440,13540
5815,290.651,18,knife,0.7004,1365,1067,1468,1262,20085,1
5815,290.651,18,Cigarette,0.6949,124,437,154,468,930,8410
5815,290.651,18,Bottle,0.5903,148,569,182,646,2618,
5815,290.651,18,Bottle,0.2707,254,495,295,582,3567,
5816,290.710,18,knife,0.7319,1367,1067,1468,1262,19695,1
5816,290.710,18,Cigarette,0.6860,124,437,154,468,930,8410
5816,290.710,18,Bottle,0.5713,684,265,696,306,492,13540
5816,290.710,18,Bottle,0.5682,148,569,182,646,2618,
5816,290.710,18,Bottle,0.2978,254,494,295,582,3608,
5817,290.750,18,knife,0.7228,1364,1067,1471,1264,21079,1
5817,290.750,18,Cigarette,0.6993,123,437,154,468,961,8410
5817,290.750,18,Bottle,0.6710,105,401,133,438,1036,8410
5817,290.750,18,Bottle,0.5936,148,568,182,646,2652,
5817,290.750,18,Bottle,0.3174,255,495,295,582,3480,
5818,290.810,18,Cigarette,0.7031,123,437,154,468,961,8410
5818,290.810,18,knife,0.6852,1362,1069,1474,1263,21728,1
5818,290.810,18,Bottle,0.5855,147,568,182,646,2730,
5818,290.810,18,Bottle,0.4017,108,408,133,438,750,8410
5818,290.810,18,Bottle,0.3148,255,495,295,582,3480,
5819,290.851,18,Cigarette,0.7243,123,438,154,468,930,8410
5819,290.851,18,Bottle,0.6215,148,567,182,646,2686,
5819,290.851,18,knife,0.6107,1361,1076,1473,1265,21168,1
5819,290.851,18,Bottle,0.3232,254,495,295,582,3567,
5820,290.910,18,Cigarette,0.6368,123,438,154,468,930,8410
5820,290.910,18,Bottle,0.6145,147,568,182,646,2730,
5820,290.910,18,knife,0.4607,1359,1077,1473,1265,21432,1
5820,290.910,18,Bottle,0.3506,254,494,295,582,3608,
5821,290.984,18,Bottle,0.6388,148,567,182,646,2686,
5821,290.984,18,Cigarette,0.5503,122,437,154,469,1024,
5821,290.984,18,Cigarette,0.4262,2479,626,2495,648,352,
5821,290.984,18,Bottle,0.3611,254,493,295,582,3649,
5822,291.028,18,Bottle,0.6494,148,567,182,646,2686,
5822,291.028,18,Bottle,0.5300,48,367,54,386,114,13619
5822,291.028,18,Cigarette,0.5173,122,438,154,469,992,8410
5822,291.028,18,Bottle,0.3711,1996,542,2066,654,7840,
5822,291.028,18,Bottle,0.3435,254,492,295,582,3690,
5823,291.052,18,Bottle,0.6413,148,566,182,646,2720,
5823,291.052,18,Cigarette,0.4923,122,438,154,469,992,8410
5823,291.052,18,Cigarette,0.3321,2483,628,2512,649,609,
5823,291.052,18,Bottle,0.3259,254,493,295,582,3649,
5823,291.052,18,Bottle,0.3048,15,290,53,390,3800,
5824,291.112,18,Bottle,0.6336,148,567,182,646,2686,
5824,291.112,18,Cigarette,0.5126,123,438,154,469,961,8410
5824,291.112,18,Bottle,0.3436,254,492,295,582,3690,
5825,291.150,18,Bottle,0.6361,148,567,182,646,2686,
5825,291.150,18,Cigarette,0.5484,123,438,154,468,930,8410
5825,291.150,18,Bottle,0.3169,14,277,60,391,5244,
5825,291.150,18,Bottle,0.3020,254,494,295,582,3608,
5826,291.210,18,Bottle,0.6246,148,567,182,646,2686,
5826,291.210,18,Cigarette,0.4430,124,438,153,468,870,
5826,291.210,18,Bottle,0.3106,254,493,295,582,3649,
5827,291.251,18,Bottle,0.6248,149,567,182,646,2607,
5827,291.251,18,Bottle,0.4151,19,281,65,390,5014,
5827,291.251,18,Bottle,0.3059,254,492,295,582,3690,
5827,291.251,18,Cigarette,0.2930,125,437,153,468,868,
5827,291.251,18,Cigarette,0.2638,1400,1028,1420,1038,200,1
5828,291.310,18,Bottle,0.6291,148,567,182,646,2686,
5828,291.310,18,knife,0.3097,1288,1367,1303,1410,645,3
5828,291.310,18,Bottle,0.2657,254,493,295,582,3649,
5829,291.351,18,Bottle,0.6111,148,567,182,646,2686,
5829,291.351,18,Bottle,0.3030,254,492,295,582,3690,
5829,291.351,18,Bottle,0.2551,27,283,70,390,4601,
5829,291.351,18,Cigarette,0.2501,126,437,155,467,870,
5830,291.412,18,Bottle,0.6135,148,567,182,646,2686,
5830,291.412,18,knife,0.3209,1288,1368,1303,1411,645,3
5830,291.412,18,Bottle,0.2630,254,492,295,583,3731,
5831,291.451,18,Bottle,0.6368,148,566,182,646,2720,
5831,291.451,18,knife,0.4722,1359,1075,1475,1264,21924,1
5831,291.451,18,Bottle,0.4470,689,265,699,297,320,13540
5831,291.451,18,Cigarette,0.3270,127,437,156,465,812,
5831,291.451,18,Bottle,0.2853,254,492,295,582,3690,
5831,291.451,18,Bottle,0.2708,32,292,75,390,4214,
5832,291.511,18,Bottle,0.6347,148,566,182,646,2720,
5832,291.511,18,knife,0.4982,1360,1074,1475,1264,21850,1
5832,291.511,18,Bottle,0.4146,2189,569,2249,707,8280,
5832,291.511,18,Cigarette,0.3959,127,437,157,466,870,
5832,291.511,18,Bottle,0.2732,254,493,295,583,3690,
5833,291.550,18,Bottle,0.5907,148,566,182,646,2720,
5833,291.550,18,knife,0.5508,1360,1073,1475,1264,21965,1
5833,291.550,18,Cigarette,0.4358,125,437,156,466,899,
5833,291.550,18,Bottle,0.3869,1500,468,1535,598,4550,
5833,291.550,18,Bottle,0.2979,254,492,295,582,3690,
5834,291.611,18,Bottle,0.6127,148,566,182,646,2720,
5834,291.611,18,knife,0.5270,1288,1371,1303,1411,600,3
5834,291.611,18,knife,0.4972,1360,1073,1474,1263,21660,1
5834,291.611,18,Cigarette,0.4311,125,437,155,466,870,8410
5834,291.611,18,Bottle,0.4073,62,476,94,512,1152,8410
5834,291.611,18,Bottle,0.3095,254,492,295,582,3690,
5834,291.611,18,Bottle,0.2624,684,178,696,197,228,13540
5835,291.651,18,knife,0.6168,1288,1371,1304,1414,688,3
5835,291.651,18,Bottle,0.6138,148,566,182,646,2720,
5835,291.651,18,Cigarette,0.4497,125,437,156,466,899,8410
5835,291.651,18,knife,0.4451,1360,1072,1474,1264,21888,1
5835,291.651,18,Bottle,0.3566,254,492,295,582,3690,
5836,291.710,18,knife,0.8331,1288,1372,1305,1419,799,3
5836,291.710,18,Bottle,0.5988,147,569,181,647,2652,
5836,291.710,18,Cigarette,0.5110,125,437,155,465,840,8410
5836,291.710,18,knife,0.4558,1360,1070,1475,1265,22425,1
5836,291.710,18,Bottle,0.3244,254,492,295,582,3690,
5837,291.751,18,knife,0.7349,1287,1373,1306,1424,969,3
5837,291.751,18,Bottle,0.5772,147,569,181,647,2652,
5837,291.751,18,knife,0.4794,1359,1069,1475,1265,22736,1
5837,291.751,18,Cigarette,0.3781,124,437,155,465,868,8410
5837,291.751,18,Bottle,0.3399,254,492,295,582,3690,
5838,291.810,18,Bottle,0.5806,147,569,181,647,2652,
5838,291.810,18,knife,0.5621,1287,1373,1308,1427,1134,3
5838,291.810,18,knife,0.4878,1359,1068,1476,1264,22932,1
5838,291.810,18,Cigarette,0.3741,124,436,155,466,930,8410
5838,291.810,18,Bottle,0.3258,255,492,295,582,3600,
5838,291.810,18,Cigarette,0.2562,1399,1027,1421,1038,242,1
5839,291.851,18,Bottle,0.5928,147,568,181,647,2686,
5839,291.851,18,knife,0.4208,1357,1069,1474,1265,22932,1
5839,291.851,18,knife,0.4068,1287,1374,1308,1429,1155,3
5839,291.851,18,Bottle,0.4000,255,493,295,582,3560,
5839,291.851,18,Cigarette,0.2700,124,437,154,465,840,8410
5840,291.910,18,Bottle,0.6068,148,566,182,646,2720,
5840,291.910,18,knife,0.5131,1359,1070,1476,1265,22815,1
5840,291.910,18,Bottle,0.3904,61,477,93,512,1120,8410
5840,291.910,18,Bottle,0.3664,255,491,295,582,3640,
5841,291.982,18,Bottle,0.6130,148,568,182,647,2686,
5841,291.982,18,Bottle,0.4215,254,492,295,582,3690,
5841,291.982,18,knife,0.4046,1356,1072,1475,1265,22967,1
5841,291.982,18,Cigarette,0.3313,125,438,154,465,783,8410
5842,292.020,18,Bottle,0.6488,148,567,182,647,2720,
5842,292.020,18,knife,0.4286,1356,1073,1474,1265,22656,1
5842,292.020,18,Bottle,0.4128,254,494,295,583,3649,
5842,292.020,18,Cigarette,0.2985,125,438,154,466,812,8410
5843,292.052,18,Bottle,0.6358,148,567,182,647,2720,
5843,292.052,18,Bottle,0.3958,253,495,295,583,3696,
5843,292.052,18,knife,0.3906,1356,1075,1474,1265,22420,1
5843,292.052,18,Cigarette,0.3021,124,438,154,466,840,8410
5844,292.111,18,Bottle,0.6424,148,568,182,647,2686,
5844,292.111,18,Cigarette,0.4711,124,438,154,466,840,8410
5844,292.111,18,knife,0.4367,1356,1075,1474,1265,22420,1
5844,292.111,18,Bottle,0.3760,254,495,295,582,3567,
5845,292.156,18,Bottle,0.6227,148,568,182,647,2686,
5845,292.156,18,Cigarette,0.5373,123,438,153,465,810,8410
5845,292.156,18,Bottle,0.3742,254,494,295,583,3649,
5845,292.156,18,knife,0.3623,1356,1077,1473,1264,21879,1
5846,292.211,18,Cigarette,0.6436,123,438,153,465,810,8410
5846,292.211,18,Bottle,0.6320,148,568,182,647,2686,
5846,292.211,18,Bottle,0.4099,254,496,295,583,3567,
5847,292.251,18,Cigarette,0.6670,124,439,153,465,754,8410
5847,292.251,18,Bottle,0.6423,148,568,182,647,2686,
5847,292.251,18,Bottle,0.4379,254,495,295,583,3608,
5847,292.251,18,knife,0.2550,1356,1077,1470,1266,21546,1
5848,292.311,18,Cigarette,0.6652,124,438,154,465,810,8410
5848,292.311,18,Bottle,0.6358,147,568,182,647,2765,
5848,292.311,18,Bottle,0.4201,253,494,295,583,3738,
5849,292.351,18,Cigarette,0.6728,124,438,154,465,810,8410
5849,292.351,18,Bottle,0.6481,147,568,182,647,2765,
5849,292.351,18,Bottle,0.4288,254,494,295,583,3649,
5849,292.351,18,Bottle,0.3629,629,266,641,296,360,13540
5850,292.410,18,Cigarette,0.6708,124,438,155,465,837,8410
5850,292.410,18,Bottle,0.6526,147,568,182,647,2765,
5850,292.410,18,Bottle,0.4184,253,494,295,582,3696,
5851,292.451,18,Cigarette,0.6884,124,438,155,466,868,8410
5851,292.451,18,Bottle,0.6500,147,568,182,647,2765,
5851,292.451,18,Bottle,0.3919,253,493,295,583,3780,
5852,292.511,18,Bottle,0.6474,147,568,182,647,2765,
5852,292.511,18,Cigarette,0.6166,123,438,154,465,837,8410
5852,292.511,18,Bottle,0.3395,253,493,295,582,3738,
5852,292.511,18,knife,0.3165,1358,1076,1468,1261,20350,1
5853,292.550,18,Bottle,0.6456,147,568,182,647,2765,
5853,292.550,18,Cigarette,0.5822,123,438,154,464,806,8410
5853,292.550,18,knife,0.4289,1357,1075,1469,1260,20720,1
5853,292.550,18,Bottle,0.2502,253,496,295,582,3612,
5854,292.610,18,Bottle,0.6384,147,568,182,647,2765,
5854,292.610,18,Cigarette,0.6310,123,438,154,465,837,8410
5854,292.610,18,knife,0.3420,1357,1077,1468,1258,20091,1
5854,292.610,18,Bottle,0.2795,253,494,295,581,3654,
5855,292.651,18,Cigarette,0.6453,123,438,154,466,868,8410
5855,292.651,18,Bottle,0.6395,147,568,182,647,2765,
5855,292.651,18,Bottle,0.3153,1326,339,1345,371,608,
5855,292.651,18,Bottle,0.2665,253,495,295,582,3654,
5856,292.710,18,Bottle,0.6468,147,568,182,647,2765,
5856,292.710,18,Cigarette,0.5971,124,438,154,465,810,8410
5856,292.710,18,Bottle,0.2909,253,495,295,582,3654,
5856,292.710,18,Cigarette,0.2697,1399,1028,1420,1036,168,1
5857,292.750,18,Bottle,0.6381,147,569,182,647,2730,
5857,292.750,18,Cigarette,0.5408,124,438,155,465,837,8410
5857,292.750,18,Cigarette,0.3043,1399,1028,1421,1036,176,1
5857,292.750,18,Bottle,0.2735,253,495,295,583,3696,
5858,292.810,18,Bottle,0.6347,147,569,182,647,2730,
5858,292.810,18,Cigarette,0.4253,124,438,155,465,837,8410
5859,292.851,18,Bottle,0.6345,147,569,182,647,2730,
5859,292.851,18,Cigarette,0.3223,124,439,154,464,750,8410
5859,292.851,18,Cigarette,0.3010,1401,1029,1421,1037,160,1
5859,292.851,18,Bottle,0.2898,253,492,295,583,3822,
5860,292.910,18,Bottle,0.6321,147,569,182,647,2730,
5860,292.910,18,Cigarette,0.3968,124,439,154,464,750,8410
5860,292.910,18,Bottle,0.3024,253,492,295,583,3822,
5860,292.910,18,knife,0.2915,1356,1073,1469,1259,21018,1
5860,292.910,18,Cigarette,0.2604,1401,1028,1421,1037,180,1
5861,292.985,18,Bottle,0.6713,146,568,182,648,2880,
5861,292.985,18,Bottle,0.3594,254,494,296,581,3654,
5862,293.025,18,Bottle,0.6735,146,569,182,648,2844,
5862,293.025,18,Bottle,0.3309,254,497,296,581,3528,
5863,293.050,18,Bottle,0.6689,146,569,182,648,2844,
5863,293.050,18,Bottle,0.3341,254,496,296,581,3570,
5864,293.111,18,Bottle,0.6666,146,569,182,648,2844,
5864,293.111,18,Bottle,0.3555,254,496,296,581,3570,
5864,293.111,18,Cigarette,0.2895,126,440,153,464,648,
5865,293.151,18,Bottle,0.6695,146,569,182,648,2844,
5865,293.151,18,Cigarette,0.3617,126,440,153,464,648,
5865,293.151,18,Bottle,0.3518,254,496,296,581,3570,
5866,293.210,18,Bottle,0.6636,146,570,182,649,2844,
5866,293.210,18,Bottle,0.3923,254,493,296,581,3696,
5866,293.210,18,Cigarette,0.3677,126,440,153,464,648,
5867,293.252,18,Bottle,0.6653,146,569,182,649,2880,
5867,293.252,18,Cigarette,0.5340,125,439,154,465,754,
5867,293.252,18,Bottle,0.3871,254,494,296,581,3654,
5867,293.252,18,knife,0.2711,1291,1379,1308,1427,816,3
5868,293.311,18,Bottle,0.6658,146,569,182,649,2880,
5868,293.311,18,Cigarette,0.5378,125,439,153,466,756,
5868,293.311,18,Bottle,0.4221,254,493,296,581,3696,
5868,293.311,18,knife,0.2541,1292,1379,1310,1428,882,3
5869,293.352,18,Bottle,0.6621,146,569,182,649,2880,
5869,293.352,18,Cigarette,0.5688,125,439,154,466,783,
5869,293.352,18,Bottle,0.3867,254,492,296,581,3738,
5869,293.352,18,Cigarette,0.2837,1401,1028,1422,1038,210,1
5870,293.411,18,Bottle,0.6651,145,569,182,648,2923,
5870,293.411,18,Cigarette,0.5417,125,439,154,466,783,
5870,293.411,18,Bottle,0.4030,254,492,295,581,3649,
5870,293.411,18,knife,0.2571,1292,1378,1310,1427,882,3
5871,293.455,18,Bottle,0.6685,145,569,182,648,2923,
5871,293.455,18,Cigarette,0.6159,125,438,154,466,812,
5871,293.455,18,Bottle,0.4114,254,492,295,581,3649,
5872,293.510,18,Bottle,0.6657,145,569,182,648,2923,
5872,293.510,18,Cigarette,0.5103,125,439,154,466,783,
5872,293.510,18,Bottle,0.4174,254,492,296,581,3738,
5873,293.551,18,Bottle,0.6675,146,569,182,648,2844,
5873,293.551,18,Cigarette,0.5475,125,439,153,465,728,
5873,293.551,18,Bottle,0.4359,254,491,296,581,3780,
5874,293.610,18,Bottle,0.6665,145,569,182,648,2923,
5874,293.610,18,Bottle,0.4383,254,492,296,582,3780,
5874,293.610,18,Cigarette,0.3211,125,439,152,465,702,
5875,293.650,18,Bottle,0.6620,145,568,182,648,2960,
5875,293.650,18,Bottle,0.4532,254,492,296,582,3780,
5875,293.650,18,Cigarette,0.3000,125,439,152,465,702,
5875,293.650,18,Cigarette,0.2736,1025,1373,1034,1384,99,3
5876,293.710,18,Bottle,0.6584,146,569,182,648,2844,
5876,293.710,18,Bottle,0.4228,254,492,295,582,3690,
5876,293.710,18,knife,0.3248,1291,1377,1310,1427,950,3
5876,293.710,18,Cigarette,0.2509,1023,1372,1035,1384,144,3
5877,293.752,18,Bottle,0.6607,146,569,182,648,2844,
5877,293.752,18,Bottle,0.3883,254,493,296,582,3738,
5878,293.810,18,Bottle,0.6593,146,568,182,648,2880,
5878,293.810,18,Bottle,0.3757,254,492,296,582,3780,
5879,293.851,18,Bottle,0.6543,146,568,182,648,2880,
5879,293.851,18,Bottle,0.3695,254,491,296,581,3780,
5879,293.851,18,Cigarette,0.3549,1400,1028,1422,1036,176,1
5880,293.910,18,Bottle,0.6591,146,568,182,648,2880,
5880,293.910,18,Bottle,0.3597,254,490,296,581,3822,
5880,293.910,18,Cigarette,0.2707,1400,1028,1422,1037,198,1
5881,293.983,18,Bottle,0.6381,147,566,183,647,2916,
5881,293.983,18,Bottle,0.6194,62,480,94,511,992,8410
5881,293.983,18,Bottle,0.3425,254,490,296,581,3822,
5882,294.028,18,Bottle,0.6329,147,566,183,647,2916,
5882,294.028,18,Bottle,0.4651,62,480,94,511,992,8410
5882,294.028,18,Cigarette,0.3019,126,439,153,466,729,8410
5882,294.028,18,Bottle,0.3014,254,490,296,581,3822,
5883,294.051,18,Bottle,0.6356,147,566,183,647,2916,
5883,294.051,18,Bottle,0.4799,62,480,94,511,992,8410
5883,294.051,18,Cigarette,0.3850,127,439,153,465,676,8410
5883,294.051,18,Bottle,0.2905,254,491,296,580,3738,
5884,294.110,18,Bottle,0.6297,146,565,182,647,2952,
5884,294.110,18,Bottle,0.5601,62,481,93,511,930,8410
5884,294.110,18,Cigarette,0.4927,127,439,153,465,676,8410
5884,294.110,18,Bottle,0.3171,254,490,296,581,3822,
5885,294.151,18,Bottle,0.6200,145,567,182,647,2960,
5885,294.151,18,Bottle,0.5471,62,480,94,511,992,8410
5885,294.151,18,Cigarette,0.3993,127,439,153,465,676,8410
5885,294.151,18,Bottle,0.3349,254,489,296,581,3864,
5886,294.211,18,Bottle,0.6189,145,566,182,647,2997,
5886,294.211,18,Cigarette,0.4848,127,439,153,465,676,8410
5886,294.211,18,Bottle,0.4617,62,480,93,511,961,8410
5886,294.211,18,Bottle,0.2991,254,491,296,581,3780,
5887,294.251,18,Bottle,0.6376,145,566,182,647,2997,
5887,294.251,18,Cigarette,0.6047,127,439,154,465,702,8410
5887,294.251,18,Bottle,0.5010,61,478,94,511,1089,8410
5887,294.251,18,Bottle,0.3138,254,490,296,581,3822,
5888,294.310,18,Bottle,0.6358,145,566,182,647,2997,
5888,294.310,18,Cigarette,0.5934,127,439,154,465,702,8410
5888,294.310,18,Bottle,0.5517,61,479,94,511,1056,8410
5888,294.310,18,Bottle,0.3315,254,489,296,581,3864,
5889,294.351,18,Bottle,0.6372,145,565,182,647,3034,
5889,294.351,18,Bottle,0.5754,62,480,94,511,992,8410
5889,294.351,18,Cigarette,0.5635,127,439,154,465,702,8410
5889,294.351,18,Bottle,0.3640,254,490,295,581,3731,
5890,294.410,18,Bottle,0.6412,145,564,182,647,3071,
5890,294.410,18,Cigarette,0.5808,126,439,154,464,700,8410
5890,294.410,18,Bottle,0.4009,61,477,93,511,1088,8410
5890,294.410,18,Bottle,0.3604,254,491,295,581,3690,
5891,294.451,18,Bottle,0.6502,145,564,182,647,3071,
5891,294.451,18,Cigarette,0.6170,126,438,154,464,728,8410
5891,294.451,18,Bottle,0.4110,61,478,95,510,1088,8410
5891,294.451,18,Bottle,0.3793,254,490,296,581,3822,
5892,294.510,18,Bottle,0.6532,145,565,182,647,3034,
5892,294.510,18,Cigarette,0.5296,126,438,154,464,728,8410
5892,294.510,18,Bottle,0.4378,61,478,92,510,992,8410
5892,294.510,18,Bottle,0.3745,254,492,295,581,3649,
5893,294.550,18,Bottle,0.6524,145,565,182,647,3034,
5893,294.550,18,Cigarette,0.5760,126,438,152,464,676,8410
5893,294.550,18,Bottle,0.4649,61,477,93,511,1088,8410
5893,294.550,18,Bottle,0.3750,254,493,296,580,3654,
5894,294.610,18,Bottle,0.6401,145,566,182,647,2997,
5894,294.610,18,Bottle,0.5177,62,479,93,510,961,8410
5894,294.610,18,Cigarette,0.4519,127,439,151,462,552,8410
5894,294.610,18,Bottle,0.2866,254,491,295,581,3690,
5895,294.651,18,Bottle,0.6394,145,567,182,647,2960,
5895,294.651,18,Bottle,0.4111,61,478,94,511,1089,8410
5895,294.651,18,Cigarette,0.3545,127,439,154,463,648,8410
5895,294.651,18,Bottle,0.2833,254,493,295,580,3567,
5896,294.710,18,Bottle,0.6386,145,567,182,647,2960,
5896,294.710,18,Cigarette,0.5081,126,438,154,464,728,8410
5896,294.710,18,Bottle,0.3573,62,478,95,511,1089,8410
5896,294.710,18,knife,0.3056,1360,1070,1477,1264,22698,1
5896,294.710,18,Bottle,0.2819,254,494,295,580,3526,
5897,294.751,18,Bottle,0.6378,145,568,182,647,2923,
5897,294.751,18,Cigarette,0.4508,126,439,154,464,700,8410
5897,294.751,18,knife,0.3887,1360,1068,1477,1261,22581,1
5897,294.751,18,Bottle,0.2937,254,494,295,581,3567,
5898,294.810,18,Bottle,0.6194,145,568,182,647,2923,
5898,294.810,18,Cigarette,0.4311,127,439,154,464,675,8410
5898,294.810,18,knife,0.4289,1360,1068,1477,1259,22347,1
5898,294.810,18,Cigarette,0.3238,1027,461,1055,506,1260,
5898,294.810,18,Bottle,0.2698,254,492,295,581,3649,
5899,294.851,18,Bottle,0.6256,145,568,182,647,2923,
5899,294.851,18,knife,0.4074,1360,1066,1477,1258,22464,1
5899,294.851,18,Cigarette,0.4066,127,439,154,464,675,8410
5899,294.851,18,Bottle,0.3031,254,493,295,581,3608,
5900,294.911,18,Bottle,0.6373,145,569,182,647,2886,
5900,294.911,18,knife,0.4418,1359,1066,1477,1258,22656,1
5900,294.911,18,Cigarette,0.3368,128,439,154,464,650,8410
5900,294.911,18,Bottle,0.3183,254,493,295,580,3567,
5901,294.985,18,Bottle,0.5745,146,569,182,648,2844,
5901,294.985,18,knife,0.4305,1359,1086,1478,1253,19873,1
5901,294.985,18,Bottle,0.3517,254,495,295,580,3485,
5901,294.985,18,Cigarette,0.2827,127,438,154,463,675,8410
5902,295.036,18,Bottle,0.5812,146,569,182,648,2844,
5902,295.036,18,Bottle,0.4047,254,492,295,580,3608,
5902,295.036,18,Cigarette,0.3193,127,438,155,464,728,8410
5902,295.036,18,knife,0.3142,1360,1086,1478,1254,19824,1
5902,295.036,18,Cigarette,0.2733,1375,1246,1383,1252,48,1
5903,295.051,18,Bottle,0.5680,146,571,181,648,2695,
5903,295.051,18,knife,0.3845,1360,1086,1479,1253,19873,1
5903,295.051,18,Bottle,0.3700,255,492,295,580,3520,
5903,295.051,18,Cigarette,0.3090,127,438,155,463,700,8410
5904,295.111,18,Bottle,0.5905,146,569,182,648,2844,
5904,295.111,18,knife,0.3663,1360,1086,1479,1253,19873,1
5904,295.111,18,Bottle,0.3596,254,493,295,580,3567,
5904,295.111,18,Cigarette,0.3420,126,438,155,463,725,8410
5905,295.151,18,Bottle,0.5916,146,569,182,648,2844,
5905,295.151,18,Cigarette,0.3846,126,438,154,463,700,8410
5905,295.151,18,Bottle,0.3808,255,492,296,580,3608,
5905,295.151,18,knife,0.2710,1360,1086,1479,1253,19873,1
5906,295.212,18,Bottle,0.6060,147,569,182,647,2730,
5906,295.212,18,Bottle,0.5658,461,279,471,293,140,13769
5906,295.212,18,Bottle,0.3671,255,492,295,580,3520,
5907,295.250,18,Bottle,0.6043,146,569,182,648,2844,
5907,295.250,18,Bottle,0.3512,254,492,296,581,3738,
5908,295.310,18,Bottle,0.6213,146,568,182,647,2844,
5908,295.310,18,Bottle,0.3624,254,492,296,581,3738,
5909,295.351,18,Bottle,0.6350,147,569,182,647,2730,
5909,295.351,18,Bottle,0.3553,254,494,296,581,3654,
5909,295.351,18,knife,0.3501,1289,1375,1305,1420,720,3
5910,295.410,18,Bottle,0.5997,147,569,182,647,2730,
5910,295.410,18,knife,0.3677,1289,1375,1305,1420,720,3
5910,295.410,18,Bottle,0.3434,253,493,296,581,3784,
5911,295.451,18,Bottle,0.5989,147,569,182,647,2730,
5911,295.451,18,Bottle,0.3139,254,493,296,581,3696,
5912,295.510,18,knife,0.7762,1289,1374,1305,1420,736,3
5912,295.510,18,Bottle,0.5817,147,569,182,647,2730,
5912,295.510,18,Bottle,0.2913,253,492,296,581,3827,
5912,295.510,18,Cigarette,0.2887,126,439,153,463,648,8410
5912,295.510,18,knife,0.2519,1360,1066,1477,1256,22230,1
5913,295.551,18,knife,0.7641,1289,1374,1305,1420,736,3
5913,295.551,18,Bottle,0.6044,147,569,182,647,2730,
5913,295.551,18,Bottle,0.4580,686,264,702,295,496,13735
5913,295.551,18,Cigarette,0.3803,126,439,153,463,648,8410
5913,295.551,18,knife,0.3548,1359,1065,1476,1255,22230,1
5913,295.551,18,Bottle,0.2622,254,496,295,580,3444,
5914,295.610,18,knife,0.7180,1289,1374,1305,1419,720,3
5914,295.610,18,Bottle,0.5761,147,569,182,647,2730,
5914,295.610,18,Cigarette,0.3871,125,439,151,462,598,8410
5914,295.610,18,knife,0.2654,1359,1085,1480,1254,20449,1
5915,295.651,18,knife,0.6627,1289,1374,1305,1419,720,3
5915,295.651,18,Bottle,0.5587,147,569,182,648,2765,
5915,295.651,18,Cigarette,0.4307,125,439,151,462,598,8410
5915,295.651,18,knife,0.3053,1358,1066,1477,1256,22610,1
5916,295.710,18,Bottle,0.5388,147,569,182,648,2765,
5916,295.710,18,Cigarette,0.5327,125,439,151,462,598,8410
5916,295.710,18,knife,0.4988,1289,1374,1305,1419,720,3
5916,295.710,18,knife,0.3188,1359,1084,1481,1254,20740,1
5917,295.751,18,Cigarette,0.5753,125,439,152,462,621,8410
5917,295.751,18,Bottle,0.5068,146,569,182,648,2844,
5917,295.751,18,knife,0.3403,1360,1084,1481,1253,20449,1
5917,295.751,18,Cigarette,0.3162,1375,1245,1384,1252,63,1
5918,295.810,18,Cigarette,0.6274,125,439,152,463,648,8410
5918,295.810,18,Bottle,0.5138,146,569,182,648,2844,
5918,295.810,18,knife,0.3770,1290,1374,1306,1419,720,3
5918,295.810,18,knife,0.2968,1360,1084,1480,1253,20280,1
5918,295.810,18,Cigarette,0.2614,1374,1245,1384,1252,70,1
5919,295.851,18,Cigarette,0.5860,125,439,152,463,648,8410
5919,295.851,18,Bottle,0.4935,146,569,182,648,2844,
5919,295.851,18,knife,0.3925,1359,1083,1480,1253,20570,1
5919,295.851,18,knife,0.3571,1290,1374,1306,1419,720,3
5920,295.910,18,Cigarette,0.5321,125,439,152,463,648,8410
5920,295.910,18,Bottle,0.4566,146,569,182,648,2844,
5920,295.910,18,knife,0.4154,1359,1083,1479,1253,20400,1
5921,295.983,18,Bottle,0.5692,62,481,94,511,960,8410
5921,295.983,18,Cigarette,0.4625,125,439,152,464,675,8410
5921,295.983,18,Bottle,0.4452,146,568,182,647,2844,
5921,295.983,18,knife,0.3011,1360,1083,1478,1255,20296,1
5921,295.983,18,Cigarette,0.2714,1373,1247,1383,1255,80,1
5922,296.021,18,Bottle,0.4609,62,481,94,510,928,8410
5922,296.021,18,Cigarette,0.4427,125,439,151,463,624,8410
5922,296.021,18,Bottle,0.4164,146,568,182,647,2844,
5922,296.021,18,knife,0.2512,1360,1082,1478,1255,20414,1
5923,296.051,18,Cigarette,0.4526,125,438,151,463,650,8410
5923,296.051,18,Bottle,0.4273,145,568,182,647,2923,
5924,296.110,18,Cigarette,0.4189,125,439,151,463,624,8410
5924,296.110,18,Bottle,0.3735,146,568,182,647,2844,
5925,296.151,18,Bottle,0.4150,146,569,182,647,2808,
5925,296.151,18,Cigarette,0.3650,125,439,151,464,650,8410
5926,296.210,18,Bottle,0.3961,146,569,182,647,2808,
5926,296.210,18,Cigarette,0.3792,125,439,151,463,624,8410
5926,296.210,18,knife,0.3384,1361,1072,1477,1262,22040,1
5926,296.210,18,Bottle,0.2633,62,481,94,510,928,8410
5927,296.251,18,Cigarette,0.4041,125,438,151,463,650,8410
5927,296.251,18,Bottle,0.3760,146,568,182,647,2844,
5927,296.251,18,Bottle,0.2726,62,481,94,510,928,8410
5927,296.251,18,knife,0.2570,1360,1071,1477,1263,22464,1
5928,296.310,18,Cigarette,0.4360,125,439,151,464,650,8410
5928,296.310,18,Bottle,0.3424,145,569,181,647,2808,
5928,296.310,18,knife,0.2806,1360,1072,1476,1262,22040,1
5928,296.310,18,Bottle,0.2598,687,250,696,277,243,13735
5929,296.351,18,Cigarette,0.4614,125,438,152,464,702,8410
5929,296.351,18,Bottle,0.3681,145,569,181,647,2808,
5929,296.351,18,knife,0.3492,1362,1068,1476,1261,22002,1
5930,296.410,18,knife,0.5324,1361,1067,1477,1262,22620,1
5930,296.410,18,Cigarette,0.4586,125,439,152,464,675,8410
5930,296.410,18,Bottle,0.3787,146,569,181,647,2730,
5930,296.410,18,Bottle,0.3273,684,266,694,306,400,13735
5931,296.451,18,Cigarette,0.4960,125,438,152,464,702,8410
5931,296.451,18,knife,0.4912,1362,1068,1477,1262,22310,1
5931,296.451,18,Bottle,0.4812,683,266,694,305,429,13735
5931,296.451,18,Bottle,0.3556,146,569,181,647,2730,
5932,296.511,18,Cigarette,0.5100,125,438,152,464,702,8410
5932,296.511,18,knife,0.4798,1362,1067,1477,1262,22425,1
5932,296.511,18,Bottle,0.4602,683,266,694,305,429,13735
5932,296.511,18,Bottle,0.3399,146,569,181,647,2730,
5933,296.551,18,knife,0.5435,1362,1066,1476,1262,22344,1
5933,296.551,18,Cigarette,0.5048,125,438,151,464,676,8410
5933,296.551,18,Bottle,0.4868,61,480,95,510,1020,8410
5933,296.551,18,Bottle,0.4705,686,252,695,282,270,13735
5933,296.551,18,Bottle,0.4100,684,265,695,305,440,13735
5933,296.551,18,Bottle,0.3666,146,569,181,647,2730,
5934,296.610,18,knife,0.5889,1363,1066,1476,1262,22148,1
5934,296.610,18,Bottle,0.5457,62,480,95,510,990,8410
5934,296.610,18,Bottle,0.5369,683,266,694,305,429,13735
5934,296.610,18,Bottle,0.5286,824,320,834,342,220,13769
5934,296.610,18,Cigarette,0.4804,125,438,152,464,702,8410
5934,296.610,18,Bottle,0.3545,146,569,181,647,2730,
5935,296.651,18,Bottle,0.5242,62,480,95,510,990,8410
5935,296.651,18,knife,0.4998,1363,1068,1476,1260,21696,1
5935,296.651,18,Cigarette,0.4868,125,438,152,464,702,8410
5935,296.651,18,Bottle,0.3364,684,266,694,305,390,13735
5935,296.651,18,Bottle,0.3232,146,569,181,647,2730,
5935,296.651,18,Bottle,0.3108,2135,763,2187,863,5200,
5936,296.710,18,Bottle,0.7893,855,328,868,347,247,13769
5936,296.710,18,knife,0.6458,1365,1079,1483,1261,21476,1
5936,296.710,18,Cigarette,0.4964,125,438,152,464,702,8410
5936,296.710,18,Bottle,0.4860,684,266,695,305,429,13735
5936,296.710,18,Bottle,0.4374,62,479,94,510,992,8410
5936,296.710,18,Bottle,0.3298,146,569,181,647,2730,
5936,296.710,18,Bottle,0.3277,686,252,695,280,252,13735
5937,296.752,18,Cigarette,0.5015,125,438,152,465,729,8410
5937,296.752,18,Bottle,0.5015,62,478,95,511,1089,8410
5937,296.752,18,Bottle,0.4560,873,327,885,350,276,13769
5937,296.752,18,knife,0.4443,1365,1071,1479,1258,21318,1
5937,296.752,18,Bottle,0.3676,684,266,694,306,400,13735
5937,296.752,18,Bottle,0.3531,146,569,181,647,2730,
5938,296.810,18,Bottle,0.7484,889,328,902,352,312,13769
5938,296.810,18,Cigarette,0.5003,125,438,152,465,729,8410
5938,296.810,18,Bottle,0.4314,1426,425,1455,476,1479,
5938,296.810,18,Bottle,0.4120,62,479,94,510,992,8410
5938,296.810,18,knife,0.3522,1364,1067,1479,1257,21850,1
5938,296.810,18,Bottle,0.3515,146,568,182,647,2844,
5939,296.851,18,Bottle,0.5864,906,337,920,355,252,13769
5939,296.851,18,Bottle,0.4688,1409,576,1472,711,8505,
5939,296.851,18,Cigarette,0.4570,125,439,153,465,728,8410
5939,296.851,18,Bottle,0.3481,146,568,182,647,2844,
5940,296.911,18,Bottle,0.6586,925,342,936,359,187,13769
5940,296.911,18,knife,0.5373,1368,1075,1487,1273,23562,1
5940,296.911,18,Cigarette,0.4580,125,439,153,465,728,8410
5940,296.911,18,Bottle,0.3493,146,568,182,647,2844,
5940,296.911,18,Bottle,0.3170,684,267,694,305,380,13735
5941,296.971,18,Bottle,0.7110,62,480,94,510,960,8410
5941,296.971,18,knife,0.5823,1369,1076,1486,1263,21879,1
5941,296.971,18,Cigarette,0.4965,124,439,152,465,728,8410
5941,296.971,18,Bottle,0.4646,145,565,182,648,3071,
5941,296.971,18,Bottle,0.3632,1024,550,1064,656,4240,
5941,296.971,18,Bottle,0.3397,1503,576,1535,679,3296,
5942,297.007,18,Bottle,0.7441,961,348,973,365,204,13769
5942,297.007,18,Bottle,0.6005,61,480,94,511,1023,8410
5942,297.007,18,Bottle,0.4598,146,565,182,647,2952,
5942,297.007,18,knife,0.4207,1368,1073,1485,1259,21762,1
5942,297.007,18,Cigarette,0.3184,124,439,152,465,728,8410
5943,297.060,18,Bottle,0.6958,61,479,94,511,1056,8410
5943,297.060,18,Bottle,0.4389,146,566,182,647,2916,
5943,297.060,18,knife,0.4333,1368,1075,1485,1257,21294,1
5944,297.101,18,Bottle,0.7485,61,479,95,511,1088,8410
5944,297.101,18,Bottle,0.4258,146,566,182,647,2916,
5944,297.101,18,knife,0.3682,1370,1077,1485,1257,20700,1
5945,297.160,18,Bottle,0.5576,62,480,94,511,992,8410
5945,297.160,18,knife,0.4725,1369,1078,1484,1258,20700,1
5945,297.160,18,Bottle,0.4060,146,566,182,647,2916,
5946,297.201,18,Bottle,0.7874,62,479,94,511,1024,8410
5946,297.201,18,knife,0.5431,1369,1079,1485,1259,20880,1
5946,297.201,18,Bottle,0.3767,146,566,182,647,2916,
5947,297.260,18,Bottle,0.8370,62,479,94,511,1024,8410
5947,297.260,18,knife,0.7325,1368,1076,1485,1260,21528,1
5947,297.260,18,Bottle,0.3648,146,566,182,647,2916,
5948,297.301,18,Bottle,0.8180,62,479,95,511,1056,8410
5948,297.301,18,knife,0.7799,1368,1076,1484,1259,21228,1
5948,297.301,18,Bottle,0.3612,145,566,181,648,2952,
5948,297.301,18,Bottle,0.2940,107,407,133,437,780,8410
5949,297.360,18,knife,0.7583,1368,1076,1484,1258,21112,1
5949,297.360,18,Bottle,0.7571,62,479,95,511,1056,8410
5949,297.360,18,Bottle,0.3897,107,407,133,437,780,8410
5949,297.360,18,Bottle,0.3727,145,566,181,648,2952,
5950,297.401,18,knife,0.7371,1368,1075,1485,1258,21411,1
5950,297.401,18,Bottle,0.7119,62,480,94,511,992,8410
5950,297.401,18,Bottle,0.3595,145,566,181,648,2952,
5951,297.460,18,Bottle,0.8025,62,480,94,511,992,8410
5951,297.460,18,knife,0.7713,1369,1079,1484,1263,21160,1
5951,297.460,18,Bottle,0.4237,106,407,133,437,810,8410
5951,297.460,18,Bottle,0.3420,145,566,181,648,2952,
5952,297.501,18,Bottle,0.8183,62,480,93,511,961,8410
5952,297.501,18,knife,0.8050,1371,1074,1483,1259,20720,1
5952,297.501,18,Bottle,0.3361,145,566,181,648,2952,
5953,297.560,18,Bottle,0.7981,62,481,93,511,930,8410
5953,297.560,18,knife,0.6942,1370,1074,1484,1257,20862,1
5953,297.560,18,Bottle,0.3659,145,566,181,648,2952,
5953,297.560,18,Bottle,0.3069,108,407,133,437,750,8410
5954,297.601,18,Bottle,0.5540,62,481,92,511,900,8410
5954,297.601,18,knife,0.5176,1370,1073,1487,1260,21879,1
5954,297.601,18,Bottle,0.3659,145,566,181,648,2952,
5954,297.601,18,Bottle,0.3429,107,406,133,437,806,8410
5955,297.660,18,Bottle,0.5901,62,481,92,511,900,8410
5955,297.660,18,knife,0.3998,1367,1071,1487,1250,21480,1
5955,297.660,18,Bottle,0.3641,145,566,181,648,2952,
5955,297.660,18,Bottle,0.3609,107,407,133,437,780,8410
5956,297.701,18,Bottle,0.5706,62,481,91,511,870,8410
5956,297.701,18,Bottle,0.3757,145,565,181,648,2988,
5956,297.701,18,Bottle,0.3345,109,409,132,437,644,8410
5956,297.701,18,knife,0.3018,1368,1070,1486,1250,21240,1
5957,297.760,18,Bottle,0.4060,145,565,181,648,2988,
5957,297.760,18,Bottle,0.3485,101,407,133,438,992,8410
5957,297.760,18,knife,0.2753,1368,1070,1485,1249,20943,1
5957,297.760,18,Cigarette,0.2702,119,435,159,470,1400,8410
5958,297.803,18,Bottle,0.7318,62,481,88,511,780,8410
5958,297.803,18,Bottle,0.4430,145,565,181,648,2988,
5958,297.803,18,Bottle,0.4168,106,407,132,437,780,8410
5958,297.803,18,Cigarette,0.3575,120,436,160,469,1320,8410
5958,297.803,18,knife,0.2895,1368,1071,1485,1249,20826,1
5959,297.860,18,Bottle,0.5256,63,481,87,510,696,8410
5959,297.860,18,Bottle,0.4509,107,407,133,437,780,8410
5959,297.860,18,Bottle,0.4326,145,566,181,648,2952,
5959,297.860,18,Cigarette,0.3073,120,436,160,469,1320,8410
5960,297.901,18,Bottle,0.5350,1414,572,1437,616,1012,13851
5960,297.901,18,Bottle,0.4002,145,566,181,648,2952,
5960,297.901,18,knife,0.3705,1372,1076,1490,1263,22066,1
5960,297.901,18,Bottle,0.2998,107,407,132,438,775,8410
5961,297.983,18,Bottle,0.7619,1444,572,1464,623,1020,13851
5961,297.983,18,knife,0.5430,1371,1078,1490,1263,22015,1
5961,297.983,18,Bottle,0.3270,146,569,181,648,2765,
5962,298.017,18,knife,0.6537,1370,1077,1490,1268,22920,1
5962,298.017,18,Bottle,0.3429,146,569,181,648,2765,8410
5962,298.017,18,Cigarette,0.2724,1379,1242,1389,1252,100,1
5963,298.051,18,knife,0.6690,1369,1078,1490,1270,23232,1
5963,298.051,18,Bottle,0.2922,146,570,180,648,2652,8410
5963,298.051,18,Cigarette,0.2662,1379,1243,1389,1253,100,1
5963,298.051,18,Cigarette,0.2577,120,436,159,471,1365,8410
5964,298.110,18,Bottle,0.6778,1426,428,1440,460,448,13769
5964,298.110,18,knife,0.5722,1367,1078,1489,1263,22570,1
5964,298.110,18,Bottle,0.2677,146,570,181,649,2765,8410
5965,298.151,18,knife,0.4722,1368,1077,1486,1264,22066,1
5965,298.151,18,Cigarette,0.2667,1379,1244,1388,1253,81,1
5966,298.210,18,knife,0.4582,1367,1081,1484,1264,21411,1
5966,298.210,18,Cigarette,0.3855,1378,1245,1388,1255,100,1
5966,298.210,18,Bottle,0.2731,1090,382,1110,414,640,13890
5967,298.251,18,knife,0.6202,1365,1082,1483,1261,21122,1
5967,298.251,18,Bottle,0.3779,1511,504,1524,537,429,13769
5967,298.251,18,Bottle,0.3201,146,570,181,649,2765,8410
5968,298.311,18,knife,0.7947,1367,1082,1483,1261,20764,1
5968,298.311,18,Bottle,0.4757,146,569,181,649,2800,
5968,298.311,18,Cigarette,0.2614,1376,1247,1387,1254,77,1
5969,298.351,18,knife,0.7744,1366,1080,1483,1261,21177,1
5969,298.351,18,Bottle,0.3819,146,570,181,650,2800,
5969,298.351,18,Cigarette,0.2622,120,434,156,468,1224,
5970,298.410,18,Bottle,0.6927,1559,589,1598,617,1092,13769
5970,298.410,18,knife,0.5601,1362,1081,1482,1260,21480,1
5970,298.410,18,Cigarette,0.3763,120,434,158,468,1292,
5970,298.410,18,Bottle,0.3307,152,577,184,647,2240,
5971,298.451,18,Bottle,0.5746,1589,596,1628,624,1092,13769
5971,298.451,18,Bottle,0.3403,153,577,184,648,2201,
5971,298.451,18,knife,0.3274,1361,1085,1481,1258,20760,1
5971,298.451,18,Cigarette,0.3179,1597,543,1603,551,48,13769
5972,298.511,18,Cigarette,0.7337,1628,550,1633,557,35,13769
5972,298.511,18,Bottle,0.2894,145,568,180,650,2870,
5973,298.551,18,Cigarette,0.7667,1659,557,1665,565,48,13769
5973,298.551,18,Bottle,0.3583,153,577,184,648,2201,
5973,298.551,18,Cigarette,0.3085,121,433,159,468,1330,
5974,298.612,18,Bottle,0.4374,145,571,180,650,2765,
5974,298.612,18,Bottle,0.2811,1722,560,1744,620,1320,13769
5975,298.651,18,Bottle,0.3069,146,569,181,650,2835,
5975,298.651,18,Cigarette,0.2571,123,434,160,470,1332,
5976,298.711,18,Bottle,0.4933,145,567,180,648,2835,
5976,298.711,18,Bottle,0.2626,115,515,146,550,1085,13910
5977,298.751,18,Bottle,0.4154,125,574,158,641,2211,13910
5977,298.751,18,Cigarette,0.3537,124,434,156,467,1056,13910
5978,298.810,18,Cigarette,0.6549,1342,560,1347,569,45,13890
5978,298.810,18,Bottle,0.3256,143,584,180,668,3108,13910
5978,298.810,18,Cigarette,0.2908,124,433,158,467,1156,13910
5978,298.810,18,Cigarette,0.2537,1822,600,1828,608,48,13769
5979,298.853,18,Bottle,0.6727,144,582,185,687,4305,13910
5979,298.853,18,Cigarette,0.4453,126,435,157,468,1023,13910
5980,298.912,18,Bottle,0.6174,155,603,190,686,2905,13910
5980,298.912,18,Cigarette,0.6029,1388,569,1393,579,50,13890
5980,298.912,18,Cigarette,0.4173,1891,616,1896,624,40,13769
5980,298.912,18,Cigarette,0.3561,124,429,161,474,1665,13910
5981,298.982,18,Bottle,0.6471,154,615,186,690,2400,13910
5981,298.982,18,Cigarette,0.3380,125,431,163,468,1406,13910
5981,298.982,18,Bottle,0.3322,97,530,107,552,220,13910
5982,299.018,18,Bottle,0.5277,153,608,188,689,2835,13910
5982,299.018,18,Bottle,0.5196,156,471,175,500,551,13910
5982,299.018,18,knife,0.4085,2135,768,2175,861,3720,
5983,299.051,18,Bottle,0.4350,149,609,184,689,2800,13910
5983,299.051,18,Bottle,0.3928,116,596,157,693,3977,13910
5984,299.111,18,Bottle,0.6884,143,598,190,688,4230,13910
5984,299.111,18,Bottle,0.4465,154,637,177,688,1173,13910
5984,299.111,18,knife,0.4237,1360,1095,1474,1257,18468,1
5984,299.111,18,Cigarette,0.3767,1488,591,1493,600,45,13890
5985,299.151,18,knife,0.5950,1361,1067,1476,1260,22195,1
5985,299.151,18,Cigarette,0.4854,1515,596,1520,606,50,13890
5985,299.151,18,Bottle,0.4624,153,595,191,684,3382,13910
5985,299.151,18,Bottle,0.4296,105,405,135,436,930,13910
5986,299.211,18,knife,0.6014,1360,1090,1479,1257,19873,1
5986,299.211,18,Bottle,0.4014,110,405,135,436,775,8410
5987,299.251,18,knife,0.7338,1359,1087,1481,1257,20740,1
5987,299.251,18,Cigarette,0.4921,1572,607,1576,617,40,13890
5987,299.251,18,Bottle,0.2904,105,405,135,436,930,8410
5988,299.311,18,knife,0.7172,1359,1087,1481,1257,20740,1
5988,299.311,18,Cigarette,0.3528,1600,613,1605,623,50,13890
5988,299.311,18,Bottle,0.2776,105,406,135,435,870,8410
5989,299.351,18,knife,0.6735,1360,1085,1480,1255,20400,1
5989,299.351,18,Cigarette,0.4629,1629,620,1634,629,45,13890
5990,299.411,18,knife,0.7315,1359,1084,1480,1255,20691,1
5990,299.411,18,Cigarette,0.4156,1658,626,1663,636,50,13890
5990,299.411,18,Cigarette,0.2782,119,434,154,465,1085,8410
5991,299.451,18,knife,0.7755,1359,1084,1480,1254,20570,1
5991,299.451,18,Cigarette,0.5086,123,436,163,469,1320,
5992,299.510,18,knife,0.7235,1359,1084,1480,1253,20449,1
5992,299.510,18,Bottle,0.5016,147,567,180,648,2673,
5992,299.510,18,Cigarette,0.4309,123,436,160,467,1147,
5993,299.551,18,knife,0.7948,1359,1083,1478,1252,20111,1
5993,299.551,18,Bottle,0.5989,147,567,180,648,2673,
5993,299.551,18,Cigarette,0.5304,122,435,161,469,1326,
5994,299.610,18,knife,0.8172,1359,1082,1478,1251,20111,1
5994,299.610,18,Bottle,0.5204,147,568,180,648,2640,
5994,299.610,18,Cigarette,0.4613,120,436,160,469,1320,
5995,299.651,18,knife,0.7278,1359,1082,1477,1250,19824,1
5995,299.651,18,Bottle,0.5306,148,568,180,648,2560,
5995,299.651,18,Cigarette,0.4496,121,436,161,469,1320,
5995,299.651,18,Bottle,0.2597,253,490,295,580,3780,
5996,299.712,18,knife,0.7155,1358,1082,1477,1250,19992,1
5996,299.712,18,Bottle,0.6231,1886,623,1903,659,612,13890
5996,299.712,18,Cigarette,0.5542,122,436,160,468,1216,
5996,299.712,18,Bottle,0.5115,147,568,180,648,2640,
5997,299.751,18,Cigarette,0.6157,122,436,162,469,1320,
5997,299.751,18,knife,0.5801,1358,1062,1480,1257,23790,1
5997,299.751,18,Bottle,0.4745,147,569,180,648,2607,
5998,299.810,18,Bottle,0.7636,1931,634,1967,659,900,13890
5998,299.810,18,Cigarette,0.6260,122,436,162,469,1320,
5998,299.810,18,knife,0.5774,1358,1083,1477,1250,19873,1
5998,299.810,18,Bottle,0.4182,147,569,180,648,2607,
5999,299.851,18,knife,0.6732,1358,1083,1477,1249,19754,1
5999,299.851,18,Cigarette,0.6151,123,436,162,468,1248,
5999,299.851,18,Bottle,0.4100,147,569,180,648,2607,
6000,299.910,18,knife,0.7915,1357,1079,1476,1249,20230,1
6000,299.910,18,Cigarette,0.5852,122,435,161,468,1287,
6000,299.910,18,Bottle,0.4073,148,569,180,648,2528,
